student_id,name,department,year,semester,section,cgpa,average_marks,backlogs,sem_prev_units_enrolled,sem_prev_units_passed,sem_prev_avg_marks,sem_last_units_enrolled,sem_last_units_passed,sem_last_avg_marks,entry_score,previous_score,tutoring_sessions,attendance_percentage,attendance_trend,lms_login_frequency,assignment_completion,course_activity_level,learning_hours,lms_activity_trend,events_attended,clubs_count,hackathons_participated,certifications_count,extracurricular_score,aptitude_score,coding_score,mock_interview_score,placement_training_pct,placement_status,internship_experience,technical_skill_score,soft_skill_score,skill_assessment_score,projects_completed,student_satisfaction,faculty_feedback_score,feedback_sentiment
SC-2023-0142,Rahul Kumar,CSE,3rd Year,6,A,6.8,64.0,3,6,5,66.0,6,3,58.0,62.0,65.0,1.0,58.0,-5.4,4,52.0,Low,4.5,-42.0,3,2,1,1,70.0,62.0,48.0,50.0,45.0,Not Ready,0,50.0,58.0,52.0,1,3.2,58.0,Needs Attention
SC-2021-1001,Aditi Thakur,ECE,4th Year,7,C,6.63,73.5,2,6,6,76.9,6,4,70.0,68.8,59.7,0.0,60.5,-19.6,3,49.7,Low,5.4,-42.6,2,1,0,0,40.5,63.8,61.8,45.1,56.1,In Progress,0,61.2,53.4,48.8,2,2.3,54.5,Needs Attention
SC-2022-1002,Rohan Patel,MECH,3rd Year,5,A,7.73,81.2,0,6,6,79.8,6,6,82.6,65.7,93.8,2.0,84.1,-1.0,14,81.4,Medium,10.2,-0.7,3,2,0,1,65.7,63.9,65.9,64.0,78.5,In Progress,1,64.0,67.2,73.8,1,3.6,65.5,Neutral
SC-2024-1003,Tanvi Das,CSE,1st Year,2,A,5.99,54.5,6,6,4,61.0,6,4,48.0,85.0,70.9,1.0,50.0,-12.1,2,46.7,Low,2.4,-53.1,0,0,0,0,43.8,51.6,37.3,33.3,31.4,Not Ready,0,53.9,45.6,51.4,0,2.8,37.6,Needs Attention
SC-2021-1004,Mohit Shenoy,CSE,4th Year,8,C,6.81,68.0,0,6,6,63.5,6,6,72.4,79.3,93.3,1.0,76.5,2.2,18,83.6,Medium,14.8,16.2,6,3,4,3,80.9,82.0,93.2,73.4,80.7,Ready,0,90.6,86.3,78.1,6,4.7,74.6,Positive
SC-2022-1005,Riya Agarwal,IT,3rd Year,6,A,7.11,68.5,0,6,6,68.3,6,6,68.7,57.2,82.6,,80.2,-3.9,7,74.1,Medium,13.4,11.5,2,1,1,2,59.3,62.1,73.9,68.6,69.5,In Progress,1,74.5,65.0,61.7,2,3.8,72.0,Positive
SC-2021-1006,Chirag Joshi,CSE,4th Year,7,B,7.06,72.7,0,6,6,71.0,6,6,74.4,83.7,69.3,4.0,78.2,2.9,15,71.8,Medium,11.9,3.5,2,1,0,1,63.1,67.7,72.7,73.5,63.3,Ready,0,76.7,74.6,65.1,3,4.4,81.9,Positive
SC-2024-1007,Ananya Thakur,CIVIL,1st Year,2,C,8.09,71.8,1,6,6,69.9,6,5,73.6,92.4,,4.0,73.1,-2.5,8,82.2,Medium,9.4,-7.0,6,1,0,1,63.4,69.3,66.9,74.0,64.1,Ready,0,72.9,65.8,67.1,3,4.0,72.8,Positive
SC-2024-1008,Arjun Mishra,CSE,1st Year,1,A,8.03,71.2,0,6,6,71.4,6,6,70.9,58.7,68.5,,79.6,-1.6,15,70.1,Medium,12.9,-2.5,2,1,1,1,72.8,71.9,60.6,64.2,64.2,Ready,0,66.2,73.0,75.4,3,3.9,80.4,Positive
SC-2023-1009,Nisha Rao,ECE,2nd Year,4,A,6.91,75.8,0,6,6,74.5,6,6,77.2,56.0,70.6,1.0,80.2,-2.8,9,70.8,Medium,10.2,13.3,2,2,0,1,68.3,65.7,67.5,73.1,79.5,In Progress,0,73.5,76.8,64.3,1,4.4,78.8,Positive
SC-2023-1010,Suresh Reddy,ECE,2nd Year,3,A,6.11,52.6,5,6,4,55.7,6,2,49.5,67.5,77.4,4.0,55.2,-9.8,3,54.9,Low,6.4,-43.8,2,1,0,0,45.4,52.7,35.3,32.6,46.3,Not Ready,0,37.7,46.6,51.7,0,2.0,45.0,Needs Attention
SC-2024-1011,Akhil Saxena,IT,1st Year,2,B,4.91,50.2,4,6,5,55.8,6,1,44.6,73.6,66.1,1.0,48.0,-11.0,4,42.5,Low,5.1,-32.8,0,1,0,0,44.9,43.0,44.5,35.5,37.1,Not Ready,0,40.9,51.7,38.1,0,2.4,48.3,Needs Attention
SC-2023-1012,Neha Pillai,CSE,2nd Year,3,A,7.55,64.0,0,6,6,68.2,6,5,59.8,77.3,62.6,3.0,61.2,-9.8,2,54.1,Low,6.5,-42.0,2,1,0,0,47.4,58.7,59.2,45.1,55.0,In Progress,0,62.3,49.7,53.7,1,3.2,59.8,Needs Attention
SC-2022-1013,Yash Bhat,ECE,3rd Year,6,A,7.47,65.8,1,6,6,72.5,6,4,59.0,63.3,92.4,0.0,65.9,-16.7,6,54.7,Low,4.0,-47.4,2,1,0,0,40.9,60.0,63.2,46.4,43.0,In Progress,0,56.1,50.4,49.9,2,2.7,57.2,Needs Attention
SC-2023-1014,Zoya Das,CSE,2nd Year,3,B,7.99,75.5,0,6,6,74.5,6,6,76.4,73.2,91.4,3.0,83.2,3.2,14,73.9,Medium,10.6,-9.3,4,2,0,2,73.4,75.7,67.1,73.6,71.8,In Progress,0,71.9,63.3,67.7,2,3.6,69.4,Neutral
SC-2024-1015,Bhavna Deshmukh,IT,1st Year,1,C,4.91,57.2,2,6,3,63.4,6,2,51.0,70.0,65.5,1.0,54.4,-11.9,4,50.4,Low,4.5,-46.3,2,1,0,0,48.0,38.5,41.4,47.0,23.4,Not Ready,0,50.0,54.3,34.2,0,3.1,48.2,Needs Attention
SC-2024-1016,Nikhil Chatterjee,IT,1st Year,1,C,8.92,89.1,0,6,6,89.1,6,6,89.1,90.3,75.7,3.0,96.2,3.0,15,93.2,High,17.6,22.3,11,4,2,5,82.6,88.3,89.7,89.2,98.8,Ready,1,88.5,91.6,90.3,5,4.9,95.8,Positive
SC-2021-1017,Tanvi Chatterjee,CSE,4th Year,7,B,8.52,78.6,0,6,6,77.4,6,6,79.8,77.0,75.2,1.0,90.3,-0.2,16,91.1,Medium,8.5,3.5,4,0,0,1,52.9,49.9,50.1,39.7,35.5,Not Ready,0,53.1,48.9,51.3,1,3.6,67.5,Neutral
SC-2021-1018,Ishaan Mehta,AI_DS,4th Year,7,C,9.08,94.0,0,6,6,92.1,6,6,96.0,89.5,60.5,4.0,92.3,0.1,15,98.0,High,17.0,9.0,8,2,5,3,84.1,95.6,88.0,90.5,86.9,Placed,1,94.2,88.0,88.6,6,4.3,97.6,Positive
SC-2024-1019,Ananya Kumar,ECE,1st Year,1,A,7.23,67.2,1,6,6,74.1,6,4,60.2,,80.6,1.0,57.9,-13.7,5,63.2,Low,4.2,-41.5,1,1,0,0,49.2,55.9,64.3,46.7,55.3,In Progress,0,60.0,52.2,47.5,1,2.4,49.3,Needs Attention
SC-2023-1020,Neha Saxena,IT,2nd Year,3,C,8.23,79.1,0,6,6,79.1,6,6,79.1,82.0,80.3,,87.1,1.5,10,76.2,Medium,9.0,-3.1,3,1,0,0,49.4,46.9,42.6,42.9,43.5,In Progress,0,49.0,53.6,56.2,1,3.6,62.4,Neutral
SC-2023-1021,Meera Pandey,CSE,2nd Year,3,B,7.05,74.5,1,6,6,73.2,6,5,75.7,73.5,,4.0,85.6,-0.2,13,76.0,Medium,12.0,11.4,4,2,1,2,68.3,66.4,70.9,60.6,61.8,In Progress,0,64.5,63.9,73.9,3,4.2,65.0,Neutral
SC-2021-1022,Nisha Iyer,CSE,4th Year,7,B,7.41,71.4,0,6,6,69.5,6,6,73.3,89.6,88.0,4.0,80.5,-2.1,9,75.6,Medium,8.1,0.2,3,1,1,1,68.0,62.5,73.9,64.4,74.1,Placed,0,68.5,69.3,62.6,1,4.3,73.6,Positive
SC-2022-1023,Aarav Nair,CSE,3rd Year,5,C,5.57,56.9,4,6,5,61.2,6,4,52.6,59.0,61.8,0.0,48.4,-12.5,6,40.5,Low,3.7,-20.8,1,0,0,0,34.5,44.9,48.1,39.6,49.7,Not Ready,0,49.4,48.0,35.0,0,2.0,57.2,Needs Attention
SC-2023-1024,Sahil Chatterjee,ECE,2nd Year,3,B,7.67,77.2,0,6,6,75.8,6,6,78.6,,60.1,3.0,83.9,2.9,13,87.2,Medium,11.8,12.2,5,1,0,1,67.6,74.7,75.0,71.2,68.7,In Progress,0,61.8,72.1,75.7,2,3.6,70.1,Neutral
SC-2024-1025,Varun Bose,IT,1st Year,1,C,9.62,90.4,0,6,6,90.7,6,6,90.1,66.8,58.8,3.0,97.0,-0.7,26,95.7,High,18.6,16.7,11,3,5,3,81.1,95.1,95.8,84.5,99.4,Ready,0,88.4,84.2,96.0,6,4.1,90.0,Positive
SC-2022-1026,Zoya Chatterjee,AI_DS,3rd Year,6,C,6.08,48.9,3,6,5,54.3,6,3,43.5,65.3,76.3,2.0,56.4,-6.4,2,49.4,Low,6.1,-29.1,1,1,0,0,26.0,42.7,30.9,50.2,29.8,Not Ready,0,41.1,39.0,47.7,1,2.5,56.0,Needs Attention
SC-2021-1027,Siddharth Patel,AI_DS,4th Year,8,A,7.91,69.7,0,6,6,71.2,6,6,68.2,58.9,63.2,4.0,77.2,2.0,11,80.5,Medium,12.9,13.5,2,1,1,1,67.4,75.1,63.6,69.2,73.0,Placed,0,72.6,72.4,62.1,1,4.3,70.2,Neutral
SC-2021-1028,Aayush Thakur,IT,4th Year,8,C,7.97,75.6,0,6,6,74.4,6,6,76.8,77.6,,1.0,84.2,1.8,13,76.7,Medium,12.1,0.7,3,0,0,1,45.5,57.5,53.0,52.8,32.3,Not Ready,0,45.4,54.2,57.5,0,3.8,65.9,Neutral
SC-2024-1029,Karan Mehta,CSE,1st Year,1,A,7.2,61.8,0,6,6,69.1,6,5,54.4,67.1,59.2,3.0,56.7,-15.7,3,56.8,Low,3.1,-54.4,0,1,0,0,48.2,66.2,56.1,58.2,50.3,In Progress,0,51.7,56.1,63.0,1,3.1,63.4,Needs Attention
SC-2023-1030,Chirag Deshmukh,CSE,2nd Year,3,C,7.61,78.8,0,6,6,77.3,6,6,80.2,58.6,74.4,2.0,85.7,-1.4,16,80.0,Medium,11.0,-1.1,1,0,0,1,49.0,45.7,41.4,46.2,40.4,In Progress,0,43.5,50.8,52.6,1,4.0,73.0,Neutral
SC-2023-1031,Yash Verma,ECE,2nd Year,3,C,8.12,79.3,0,6,6,78.4,6,6,80.2,81.3,59.1,2.0,85.6,0.8,12,71.9,Medium,11.0,-6.1,5,1,0,2,71.9,65.9,71.0,68.6,76.1,In Progress,0,75.2,77.6,74.7,3,4.1,74.5,Positive
SC-2023-1032,Priya Sharma,CIVIL,2nd Year,3,A,7.84,69.2,0,6,6,69.1,6,6,69.3,82.1,83.4,,77.3,-0.4,9,76.7,Medium,12.3,9.4,6,1,0,1,58.1,69.9,69.5,64.1,73.2,In Progress,0,68.7,69.1,64.9,3,3.5,72.3,Positive
SC-2022-1033,Swati Verma,CSE,3rd Year,6,A,8.47,75.0,0,6,6,77.9,6,6,72.1,61.9,75.5,2.0,88.5,-2.1,14,84.1,Medium,9.4,0.9,3,0,0,1,57.2,42.7,35.4,54.6,51.6,Not Ready,0,51.2,53.2,53.4,1,3.3,68.5,Neutral
SC-2021-1034,Sanya Pandey,CSE,4th Year,8,C,8.88,86.2,0,6,6,86.7,6,6,85.7,93.8,74.7,2.0,92.1,-0.9,28,90.3,High,21.8,8.8,6,2,1,3,83.8,82.8,80.8,91.4,86.1,Placed,1,88.5,87.9,90.1,7,4.6,97.8,Positive
SC-2021-1035,Aniket Verma,CSE,4th Year,8,B,6.85,76.3,0,6,6,78.0,6,6,74.6,61.3,68.7,2.0,84.1,2.8,15,76.9,Medium,11.5,13.9,2,2,0,2,67.1,68.0,74.3,66.8,76.2,Placed,1,61.5,72.3,60.7,3,3.8,72.5,Positive
SC-2024-1036,Ananya Malhotra,MECH,1st Year,2,C,7.38,63.2,1,6,6,70.5,6,4,56.0,82.4,82.5,2.0,67.5,-12.8,3,51.7,Low,5.3,-59.3,1,1,0,0,59.2,65.5,54.7,55.1,58.8,In Progress,0,55.0,54.0,60.2,1,3.0,62.1,Needs Attention
SC-2021-1037,Nikhil Singh,CSE,4th Year,7,A,9.8,84.1,0,6,6,84.2,6,6,84.0,64.6,87.8,1.0,95.5,1.3,28,88.5,High,17.4,19.2,6,4,4,3,82.4,93.3,91.9,92.1,87.5,Placed,1,91.5,83.3,88.2,5,4.8,95.2,Positive
SC-2022-1038,Zoya Iyer,MECH,3rd Year,6,A,8.54,78.6,0,6,6,84.5,6,6,72.7,94.8,59.1,2.0,84.7,-1.1,9,87.1,Medium,11.1,-6.0,1,0,0,1,49.0,50.2,50.8,39.7,52.8,Not Ready,0,55.1,58.2,56.9,1,3.1,70.0,Neutral
SC-2024-1039,Divya Verma,MECH,1st Year,2,B,7.66,67.1,0,6,6,68.2,6,6,65.9,64.6,83.2,,74.1,3.5,15,77.6,Medium,12.7,-4.1,2,1,0,2,67.8,70.0,59.1,72.6,70.0,Ready,0,69.6,72.1,70.4,3,3.5,72.3,Positive
SC-2024-1040,Arjun Pillai,ECE,1st Year,1,C,7.34,69.0,0,6,6,71.0,6,6,67.1,56.7,77.6,4.0,83.0,-1.2,8,83.9,Medium,12.4,-1.7,2,2,1,1,71.6,71.0,74.7,67.2,63.6,Ready,0,62.4,73.5,77.0,1,3.7,65.7,Neutral
SC-2022-1041,Akhil Yadav,CIVIL,3rd Year,6,C,6.63,69.4,0,6,6,70.0,6,6,68.8,72.9,92.6,3.0,74.8,-0.5,16,73.8,Medium,11.5,20.9,10,4,4,2,90.9,69.3,87.6,85.2,82.0,Ready,0,81.1,84.6,80.9,7,4.5,74.7,Positive
SC-2024-1042,Ananya Patel,ECE,1st Year,2,A,6.16,47.6,5,6,3,53.5,6,2,41.7,65.5,75.0,2.0,49.3,-10.0,5,35.7,Low,2.7,-37.0,1,1,0,0,38.3,36.6,31.0,39.3,29.4,Not Ready,0,38.1,54.2,32.5,0,2.5,43.9,Needs Attention
SC-2023-1043,Tanvi Gupta,ECE,2nd Year,3,A,8.06,81.2,0,6,6,80.0,6,6,82.5,,85.2,3.0,85.5,3.9,12,82.8,Medium,11.3,-2.7,4,1,0,2,65.2,61.9,61.4,62.1,75.8,In Progress,0,60.5,70.9,66.6,3,3.5,80.0,Positive
SC-2022-1044,Zoya Patel,MECH,3rd Year,5,B,7.75,70.8,0,6,6,69.5,6,6,72.1,75.1,93.8,4.0,79.7,0.7,9,77.8,Medium,13.5,-8.6,2,1,1,1,58.2,75.0,61.8,74.2,70.4,In Progress,0,61.4,65.1,77.2,2,3.5,70.1,Neutral
SC-2023-1045,Swati Mehta,CIVIL,2nd Year,3,C,7.88,76.8,0,6,6,75.8,6,6,77.9,70.9,77.6,,118.5,1.1,14,86.0,Medium,11.3,6.0,4,2,0,2,60.9,61.2,59.0,66.6,69.7,In Progress,0,63.7,71.7,65.6,3,3.7,81.8,Positive
SC-2022-1046,Deepika Rao,CSE,3rd Year,5,A,5.26,51.0,5,6,5,57.0,6,2,44.9,60.4,71.9,0.0,60.7,-5.6,2,52.6,Low,4.2,-34.4,1,1,0,0,39.9,36.9,36.7,41.1,27.2,Not Ready,0,44.8,36.0,37.6,1,2.2,35.2,Needs Attention
SC-2022-1047,Zoya Mishra,MECH,3rd Year,6,B,8.11,82.0,0,6,6,83.9,6,6,80.1,94.6,69.4,4.0,86.6,-2.4,9,81.7,Medium,12.8,-2.6,3,0,0,0,52.0,48.4,35.8,38.7,47.8,Not Ready,0,54.9,52.3,44.4,0,3.3,71.8,Neutral
SC-2023-1048,Pallavi Pandey,MECH,2nd Year,4,B,6.97,70.3,0,6,6,67.8,6,6,72.8,71.5,77.1,3.0,78.7,1.5,10,78.1,Medium,12.1,20.1,8,4,2,5,82.6,78.1,87.9,85.5,73.3,In Progress,0,89.5,74.5,91.2,3,4.0,79.1,Positive
SC-2023-1049,Ananya Saxena,IT,2nd Year,3,C,7.33,73.7,0,6,6,73.5,6,6,73.8,94.2,94.3,2.0,79.6,1.4,11,81.0,Medium,9.2,-3.8,6,2,0,2,70.4,71.3,69.7,67.3,69.6,In Progress,0,70.1,77.0,73.0,2,3.5,76.5,Positive
SC-2024-1050,Pallavi Patel,CSE,1st Year,2,A,8.68,91.3,0,6,6,89.5,6,6,93.1,67.8,92.5,,94.4,-0.7,19,90.9,High,20.7,13.3,7,2,1,5,85.0,87.6,90.3,82.1,99.5,Ready,1,84.2,89.1,94.3,6,4.5,87.6,Positive
SC-2022-1051,Vikas Thakur,CSE,3rd Year,6,A,7.8,72.0,1,6,6,75.9,6,4,68.0,83.7,,2.0,64.7,-9.5,4,62.5,Low,3.0,-42.3,0,1,0,0,42.1,69.8,57.2,53.4,58.8,In Progress,0,63.6,55.5,49.5,1,2.6,60.4,Needs Attention
SC-2023-1052,Ishaan Singh,ECE,2nd Year,4,B,6.97,70.5,0,6,6,71.8,6,6,69.3,69.7,94.4,3.0,81.2,-3.9,16,72.0,Medium,16.0,26.9,9,4,6,2,83.9,73.8,81.8,82.7,80.2,In Progress,0,82.2,85.0,90.8,5,4.5,82.2,Positive
SC-2024-1053,Swati Chopra,AI_DS,1st Year,2,C,7.86,74.4,0,6,6,74.3,6,6,74.5,,88.7,3.0,77.1,3.3,8,71.1,Medium,11.3,2.6,6,1,0,2,72.1,67.1,69.6,70.8,69.8,Ready,0,76.2,69.1,61.0,1,3.9,72.8,Positive
SC-2022-1054,Aarav Thakur,ECE,3rd Year,5,B,5.92,56.2,6,6,3,63.2,6,1,49.3,76.5,85.7,0.0,51.4,-11.3,2,52.7,Low,5.4,-15.9,2,1,0,0,36.2,53.7,37.9,50.3,31.3,Not Ready,0,33.8,54.3,49.5,0,2.7,43.0,Needs Attention
SC-2024-1055,Nikhil Iyer,CSE,1st Year,2,B,7.28,71.8,0,6,6,70.3,6,6,73.3,91.7,79.9,2.0,82.7,-3.7,13,81.1,Medium,13.6,12.2,3,1,0,1,66.9,67.1,69.4,73.1,64.9,Ready,0,60.8,69.0,69.7,1,3.5,81.9,Positive
SC-2024-1056,Gaurav Agarwal,CSE,1st Year,1,A,5.69,58.1,6,6,5,62.9,6,4,53.3,60.4,65.7,3.0,42.9,-10.5,6,50.4,Low,5.5,-42.3,1,1,0,0,29.5,42.9,44.6,41.5,45.5,Not Ready,0,38.6,49.2,48.1,0,2.6,57.3,Needs Attention
SC-2021-1057,Bhavna Mishra,AI_DS,4th Year,8,C,7.65,77.2,0,6,6,78.5,6,6,76.0,69.4,75.7,3.0,82.7,1.8,15,73.9,Medium,9.3,12.7,4,1,0,1,74.2,61.9,75.0,67.2,64.9,Placed,0,76.5,70.8,74.0,2,3.9,76.0,Positive
SC-2021-1058,Pooja Menon,IT,4th Year,8,A,7.59,75.0,0,6,6,76.9,6,6,73.0,88.6,,0.0,79.7,0.7,13,75.3,Medium,9.2,-4.2,6,1,1,2,60.1,73.1,74.4,69.6,69.8,Ready,1,63.0,73.5,68.8,3,4.4,81.3,Positive
SC-2024-1059,Sahil Kumar,MECH,1st Year,1,A,7.51,69.2,0,6,6,68.7,6,6,69.8,70.9,73.4,1.0,85.1,3.3,14,70.3,Medium,11.2,0.3,2,2,1,1,65.0,71.2,65.3,74.1,63.6,Ready,0,76.5,70.4,64.3,3,3.9,78.9,Positive
SC-2023-1060,Bhavna Kulkarni,CIVIL,2nd Year,3,B,8.17,81.3,0,6,6,81.6,6,6,81.1,,63.5,3.0,79.2,1.2,13,84.6,Medium,13.1,-6.5,1,0,0,0,58.0,53.1,45.8,42.9,53.1,In Progress,0,53.0,48.5,50.7,0,3.2,75.6,Neutral
SC-2021-1061,Zoya Joshi,MECH,4th Year,7,C,7.81,76.3,1,6,6,76.9,6,5,75.7,83.5,86.1,0.0,73.4,-2.1,8,76.1,Medium,12.6,13.9,5,2,0,2,70.7,67.2,61.9,68.3,67.5,Ready,0,66.8,74.4,65.3,1,4.1,66.4,Neutral
SC-2024-1062,Rahul Yadav,ECE,1st Year,2,A,9.0,90.3,0,6,6,89.8,6,6,90.9,71.8,60.9,1.0,87.2,-1.0,14,95.2,High,21.8,21.6,4,3,4,5,91.7,91.6,88.1,94.9,88.6,Ready,0,91.6,82.4,85.8,5,4.5,85.8,Positive
SC-2023-1063,Tanvi Bhat,CSE,2nd Year,4,B,6.81,72.5,0,6,6,72.0,6,6,73.0,86.4,93.4,4.0,83.3,-1.4,12,77.8,Medium,12.9,6.3,6,1,1,2,67.1,71.1,66.1,62.7,68.0,In Progress,0,65.7,73.8,71.4,3,4.2,70.5,Neutral
SC-2021-1064,Yash Sharma,MECH,4th Year,8,C,8.5,95.3,0,6,6,93.9,6,6,96.7,61.7,79.4,3.0,94.1,-0.7,21,90.9,High,20.6,17.9,10,2,4,6,87.2,86.4,87.1,93.8,95.4,Placed,1,87.0,92.5,89.5,3,4.1,88.2,Positive
SC-2023-1065,Pranav Malhotra,CSE,2nd Year,3,B,7.11,75.5,1,6,6,74.7,6,5,76.2,82.9,69.4,0.0,75.1,-1.0,14,83.9,Medium,11.5,2.5,4,1,1,1,60.9,74.7,59.5,72.5,74.6,In Progress,0,66.3,67.5,74.1,3,3.9,73.1,Positive
SC-2024-1066,Pranav Kulkarni,ECE,1st Year,1,C,8.62,91.7,0,6,6,89.8,6,6,93.6,74.6,69.9,3.0,88.8,0.7,17,90.2,High,20.6,9.9,7,3,5,5,85.8,91.3,81.7,91.3,97.1,Ready,0,83.4,92.2,84.6,5,4.2,86.5,Positive
SC-2023-1067,Priya Chopra,CSE,2nd Year,3,C,6.67,66.8,0,6,6,70.4,6,5,63.2,74.4,72.6,3.0,59.9,-18.3,5,53.4,Low,3.6,-49.7,0,1,0,0,50.9,65.4,59.0,62.0,51.1,In Progress,0,57.8,50.2,51.7,2,2.9,62.7,Needs Attention
SC-2023-1068,Tanvi Bose,AI_DS,2nd Year,4,C,7.44,76.5,0,6,6,77.5,6,6,75.6,90.0,,0.0,85.5,-2.2,15,84.6,Medium,12.6,-0.1,1,0,0,1,55.5,55.2,42.0,52.8,31.0,In Progress,0,53.5,52.7,57.8,0,3.7,72.5,Neutral
SC-2022-1069,Deepika Yadav,ECE,3rd Year,6,A,6.92,71.5,0,6,6,70.1,6,6,72.9,74.6,68.2,3.0,76.8,0.3,19,77.2,Medium,12.6,21.2,9,4,4,2,82.0,80.0,84.6,72.9,76.1,Ready,1,89.8,76.1,78.3,5,4.6,84.2,Positive
SC-2021-1070,Bhavna Das,ECE,4th Year,8,B,9.21,95.8,0,6,6,94.2,6,6,97.3,73.3,74.3,1.0,87.1,3.8,23,98.2,High,22.0,9.9,10,2,4,4,84.8,84.5,87.9,82.0,97.8,Placed,1,92.7,80.6,90.8,6,4.0,97.1,Positive
SC-2024-1071,Meera Patel,AI_DS,1st Year,2,C,8.07,69.1,0,6,6,68.6,6,6,69.6,67.5,63.2,1.0,82.2,2.0,13,81.8,Medium,12.2,-10.0,5,1,0,1,65.4,67.1,58.1,65.2,62.4,Ready,0,75.5,73.1,68.6,1,3.8,77.4,Positive
SC-2023-1072,Kritika Kumar,ECE,2nd Year,3,B,7.44,67.9,2,6,6,75.5,6,4,60.3,81.3,77.7,3.0,63.0,-14.7,3,46.7,Low,3.4,-34.9,2,1,0,0,43.8,61.4,61.4,49.2,52.9,In Progress,0,54.0,57.6,59.0,2,3.1,59.7,Needs Attention
SC-2024-1073,Kunal Deshmukh,CSE,1st Year,2,C,8.23,84.9,0,6,6,85.8,6,6,84.1,79.6,69.8,1.0,79.8,1.3,14,81.2,Medium,12.1,4.2,1,0,0,0,40.3,45.5,52.5,55.1,39.9,In Progress,0,46.6,55.4,54.3,1,3.7,63.3,Neutral
SC-2023-1074,Gaurav Mishra,IT,2nd Year,4,C,7.41,67.1,0,6,6,68.7,6,6,65.4,68.4,77.9,4.0,78.1,-0.4,7,75.6,Medium,12.5,8.5,2,1,0,1,58.3,75.2,66.9,71.7,74.4,In Progress,0,63.0,64.0,74.1,2,4.1,67.0,Neutral
SC-2023-1075,Tanvi Iyer,CSE,2nd Year,3,B,6.7,70.6,0,6,6,76.9,6,5,64.2,88.0,62.5,0.0,56.5,-11.1,2,45.9,Low,6.5,-55.2,1,1,0,0,44.6,57.3,63.8,59.6,51.1,In Progress,0,64.6,59.9,53.5,2,2.5,63.6,Needs Attention
SC-2024-1076,Varun Verma,AI_DS,1st Year,2,B,8.86,88.7,0,6,6,89.7,6,6,87.7,76.2,76.7,,88.4,1.6,21,96.9,High,16.4,9.2,11,2,5,3,82.3,94.9,78.4,88.1,94.5,Ready,0,82.1,84.7,92.6,6,4.8,94.5,Positive
SC-2023-1077,Pallavi Rao,CSE,2nd Year,3,C,8.05,78.1,0,6,6,79.7,6,6,76.4,61.6,73.4,1.0,73.3,-2.9,13,71.3,Medium,11.4,0.9,3,1,1,2,72.0,74.8,64.7,72.5,66.5,In Progress,0,68.1,65.7,77.0,1,4.2,74.9,Positive
SC-2024-1078,Siddharth Rao,AI_DS,1st Year,1,C,7.0,68.8,0,6,6,64.2,6,6,73.4,80.2,80.1,0.0,71.8,1.7,15,74.7,Medium,10.4,11.9,7,2,5,5,88.3,76.8,79.5,73.6,87.5,In Progress,0,81.7,75.0,88.5,4,3.9,85.2,Positive
SC-2022-1079,Arjun Gupta,IT,3rd Year,5,A,8.46,88.0,0,6,6,88.5,6,6,87.5,86.9,95.8,0.0,92.9,3.0,24,94.0,High,17.8,10.7,9,2,2,4,84.2,94.1,78.6,89.3,88.7,Ready,1,87.8,87.7,82.9,5,4.4,90.5,Positive
SC-2022-1080,Pallavi Chopra,CSE,3rd Year,6,B,7.18,70.7,0,6,6,71.8,6,6,69.6,62.0,88.6,4.0,84.5,2.2,7,84.6,Medium,10.8,-1.1,6,1,0,1,60.0,63.9,67.1,71.9,74.7,In Progress,1,77.1,71.2,77.7,2,3.8,79.3,Positive
SC-2022-1081,Suresh Chopra,ECE,3rd Year,6,A,9.09,83.0,0,6,6,83.3,6,6,82.7,94.0,74.6,3.0,88.6,1.4,12,92.0,High,20.1,20.2,9,4,2,4,80.9,82.4,90.7,82.1,86.7,Ready,1,87.1,81.0,91.9,6,4.6,89.4,Positive
SC-2023-1082,Isha Saxena,IT,2nd Year,3,B,7.45,62.6,1,6,6,69.3,6,4,56.0,83.4,91.7,2.0,67.3,-8.6,5,62.0,Low,6.1,-42.3,0,1,0,0,58.0,69.5,51.8,54.6,58.7,In Progress,0,52.3,59.9,50.3,2,2.4,63.1,Needs Attention
SC-2021-1083,Suresh Patel,CSE,4th Year,7,A,5.42,56.2,5,6,3,62.6,6,4,49.8,58.7,81.3,0.0,49.0,-10.1,4,53.1,Low,4.6,-24.7,0,0,0,0,38.5,51.8,28.7,32.4,27.8,Not Ready,0,34.3,41.8,49.8,0,2.8,47.6,Needs Attention
SC-2024-1084,Aditya Singh,ECE,1st Year,2,B,6.51,68.1,0,6,6,66.1,6,6,70.1,73.8,68.1,3.0,81.1,0.3,20,72.8,Medium,11.9,6.1,12,2,2,4,80.1,69.4,91.2,82.0,80.6,In Progress,0,81.4,77.3,86.2,3,4.3,73.8,Positive
SC-2022-1085,Rohan Chopra,CSE,3rd Year,5,B,5.54,53.0,3,6,4,58.8,6,2,47.3,,77.6,4.0,55.3,-13.9,3,53.6,Low,3.9,-24.7,0,0,0,0,50.2,52.2,37.2,42.7,46.0,Not Ready,0,42.4,52.6,41.5,0,2.4,54.6,Needs Attention
SC-2024-1086,Shreya Singh,IT,1st Year,1,A,8.99,96.1,0,6,6,95.8,6,6,96.4,92.6,79.4,,98.0,1.9,20,91.8,High,21.3,20.2,5,3,5,5,88.3,93.7,87.4,93.8,85.2,Ready,1,90.2,90.9,83.6,4,4.1,92.6,Positive
SC-2024-1087,Vikas Shenoy,ECE,1st Year,2,C,8.08,75.0,1,6,6,74.4,6,6,75.6,84.7,70.2,4.0,80.0,0.0,14,75.7,Medium,13.3,-2.7,2,0,0,1,58.4,56.4,35.4,52.7,37.6,In Progress,0,46.5,51.9,53.1,0,4.0,65.6,Neutral
SC-2024-1088,Ishaan Iyer,IT,1st Year,1,A,7.17,62.2,0,6,6,68.7,6,5,55.6,72.8,76.0,2.0,60.2,-10.6,6,62.6,Low,3.1,-57.3,0,0,0,0,41.2,61.8,63.6,57.0,45.5,In Progress,0,63.2,56.1,57.4,1,3.0,52.1,Needs Attention
SC-2023-1089,Manish Thakur,IT,2nd Year,4,A,8.63,91.9,0,6,6,90.0,6,6,93.8,75.8,80.2,,96.3,2.1,18,91.2,High,18.1,0.5,4,3,2,3,89.0,80.1,82.5,92.1,89.6,Ready,1,91.0,85.9,87.3,5,4.5,87.8,Positive
SC-2024-1090,Rahul Mishra,AI_DS,1st Year,2,A,7.27,77.2,0,6,6,75.7,6,6,78.6,82.5,76.1,2.0,75.7,1.7,11,73.4,Medium,11.1,-4.0,2,2,1,1,69.4,70.5,75.0,63.9,68.4,Ready,0,67.0,62.6,72.7,3,4.2,70.8,Neutral
SC-2024-1091,Harsh Kapoor,ECE,1st Year,1,A,7.04,71.2,1,6,6,70.1,6,5,72.4,66.9,,1.0,72.2,1.4,15,79.1,Medium,11.8,10.1,9,3,4,4,83.9,72.7,91.6,79.5,89.1,In Progress,0,88.2,89.1,77.1,4,4.3,85.9,Positive
SC-2021-1092,Pranav Bose,AI_DS,4th Year,7,A,7.48,70.0,0,6,6,71.8,6,6,68.3,90.1,61.9,2.0,78.3,-2.3,9,80.4,Medium,9.0,9.6,2,1,1,2,63.1,75.4,64.5,60.6,64.0,Ready,0,65.8,75.3,63.4,3,3.4,77.5,Positive
SC-2022-1093,Akhil Nair,CSE,3rd Year,6,C,9.79,88.5,0,6,6,86.8,6,6,90.2,,73.8,4.0,90.3,-0.5,24,88.2,High,16.2,24.6,7,4,1,6,87.6,82.0,90.8,91.9,90.6,Ready,1,92.8,88.7,90.3,3,4.7,93.5,Positive
SC-2022-1094,Suresh Kumar,MECH,3rd Year,6,C,4.96,55.4,6,6,4,59.5,6,2,51.3,91.3,83.4,0.0,60.0,-8.3,5,37.7,Low,2.5,-50.7,0,0,0,0,48.3,52.5,49.4,39.2,32.3,Not Ready,0,35.5,46.0,50.2,1,2.3,35.1,Needs Attention
SC-2024-1095,Arjun Thakur,cse,1st Year,1,B,7.17,67.9,0,6,6,69.2,6,6,66.6,89.0,82.7,0.0,72.6,-1.7,12,77.7,Medium,8.7,11.3,2,1,0,1,61.6,74.3,74.2,64.0,74.7,Ready,0,66.7,67.5,62.0,2,4.4,69.6,Neutral
SC-2021-1096,Mohit Verma,CSE,4th Year,8,C,9.35,84.7,0,6,6,84.5,6,6,84.8,68.8,72.6,4.0,90.3,-1.3,16,93.8,High,18.9,22.2,11,2,1,4,89.8,80.2,93.6,87.9,96.2,Placed,1,94.2,87.3,91.6,7,4.1,93.6,Positive
SC-2022-1097,Rakesh Verma,AI_DS,3rd Year,6,A,6.9,71.1,0,6,6,71.8,6,6,70.4,90.6,82.9,2.0,75.9,0.1,15,81.6,Medium,10.4,-4.1,5,2,1,1,72.1,67.2,60.0,67.5,73.1,In Progress,0,67.4,70.9,60.0,1,4.2,81.4,Positive
SC-2023-1098,Ananya Kapoor,ECE,2nd Year,4,C,8.32,78.7,1,6,6,75.4,6,6,81.9,92.1,80.4,3.0,81.1,-1.3,12,84.3,Medium,10.2,-6.3,2,1,0,0,56.4,53.9,42.8,42.6,34.9,In Progress,0,43.9,57.6,45.4,0,3.7,63.7,Neutral
SC-2021-1099,Aniket Pillai,MECH,4th Year,7,C,7.24,68.2,1,6,6,66.8,6,5,69.6,83.5,82.0,4.0,81.1,-2.6,19,71.0,Medium,16.5,7.4,10,4,5,5,94.7,82.7,90.2,76.4,91.2,Ready,1,86.3,76.1,82.6,7,4.1,83.2,Positive
SC-2022-1100,Kritika Chopra,CIVIL,3rd Year,6,B,7.59,75.4,1,6,6,74.8,6,5,76.1,73.1,83.7,1.0,77.8,2.0,15,75.1,Medium,13.1,10.2,6,1,0,2,57.9,70.7,61.4,71.3,63.2,In Progress,0,64.5,75.4,72.4,2,3.6,74.2,Positive
SC-2024-1101,Yash Das,IT,1st Year,1,B,7.38,77.8,0,6,6,79.6,6,6,76.0,68.2,63.9,2.0,82.4,-2.4,14,84.9,Medium,13.5,7.6,4,1,0,2,64.0,75.7,59.3,74.4,74.7,Ready,0,62.1,62.7,65.0,2,3.5,74.9,Positive
SC-2021-1102,Nisha Bhat,CSE,4th Year,7,C,6.91,72.0,0,6,6,77.6,6,5,66.4,79.5,94.4,2.0,65.2,-18.1,6,55.7,Low,3.4,-56.2,0,1,0,0,43.3,59.4,64.2,55.5,49.5,In Progress,0,59.0,60.0,57.7,1,3.0,55.6,Needs Attention
SC-2024-1103,Deepika Das,IT,1st Year,2,C,8.52,77.8,1,6,6,79.8,6,6,75.9,61.2,70.6,,87.1,-1.4,9,91.1,Medium,9.0,7.3,1,0,0,0,53.4,54.4,51.4,45.6,32.6,In Progress,0,50.6,55.2,57.6,1,3.6,77.0,Neutral
SC-2022-1104,Manish Mishra,CSE,3rd Year,6,B,9.03,87.7,0,6,6,87.7,6,6,87.6,86.9,69.2,2.0,90.7,-0.8,12,95.7,High,20.2,18.9,4,4,1,4,93.9,81.7,92.2,84.5,86.3,Ready,1,88.1,85.5,91.3,6,4.2,87.9,Positive
SC-2024-1105,Mohit Kulkarni,CSE,1st Year,2,A,6.51,66.2,2,6,6,71.9,6,4,60.4,65.0,80.1,2.0,56.1,-17.5,7,63.1,Low,4.4,-48.5,2,0,0,0,39.0,58.3,62.2,48.3,43.6,In Progress,0,62.8,61.6,61.3,2,3.0,49.2,Needs Attention
SC-2022-1106,Aditya Joshi,IT,3rd Year,5,B,9.08,87.6,0,6,6,86.6,6,6,88.6,90.7,85.9,0.0,94.3,-0.7,23,97.7,High,23.6,4.2,9,2,2,5,84.2,85.8,90.2,85.0,92.2,Ready,1,92.8,86.8,83.5,7,4.1,88.6,Positive
SC-2024-1107,Utkarsh Kulkarni,IT,1st Year,1,C,7.16,74.8,1,6,6,73.7,6,5,75.9,65.6,83.4,2.0,77.1,-2.2,11,72.4,Medium,11.0,-7.7,4,1,0,1,70.1,62.2,60.7,68.5,71.3,Ready,0,75.7,64.3,73.2,2,3.4,77.9,Positive
SC-2024-1108,Siddharth Shenoy,MECH,1st Year,1,C,8.76,79.7,0,6,6,84.0,6,6,75.4,61.0,80.9,1.0,85.6,-2.1,14,81.2,Medium,11.9,5.4,3,1,0,0,50.3,47.6,51.5,46.8,42.1,In Progress,0,51.7,52.0,44.2,0,3.2,70.2,Neutral
SC-2022-1109,Pranav Thakur,ECE,3rd Year,6,A,8.23,73.4,1,6,6,74.3,6,6,72.6,79.0,89.2,4.0,86.0,-2.2,16,75.7,Medium,11.4,-7.1,3,0,0,1,52.0,51.0,35.4,51.0,46.5,Not Ready,0,46.5,45.4,49.2,1,3.9,64.7,Neutral
SC-2021-1110,Mohit Agarwal,IT,4th Year,7,B,5.42,48.2,2,6,3,54.4,6,4,42.1,92.5,87.2,4.0,54.1,-12.7,5,48.8,Low,5.9,-33.7,0,0,0,0,39.5,37.7,41.3,48.6,46.9,Not Ready,0,49.0,48.0,42.4,1,3.0,51.0,Needs Attention
SC-2022-1111,Divya Rao,IT,3rd Year,5,C,9.63,87.2,0,6,6,87.7,6,6,86.8,77.4,95.6,3.0,94.5,2.8,28,89.4,High,14.1,16.4,9,3,3,2,82.3,90.4,82.6,92.8,91.4,Ready,1,85.9,89.5,92.6,6,4.6,92.2,Positive
SC-2023-1112,Tarun Reddy,CSE,2nd Year,4,A,7.51,78.0,0,6,6,77.6,6,6,78.5,62.0,58.4,4.0,81.6,-3.6,13,87.4,Medium,8.0,-7.7,3,2,1,1,56.3,63.5,59.4,60.6,67.7,In Progress,0,77.7,71.8,69.4,3,4.4,66.0,Neutral
SC-2024-1113,Akhil Malhotra,CSE,1st Year,1,A,8.32,75.3,0,6,6,75.0,6,6,75.6,59.3,,0.0,83.6,0.3,14,85.0,Medium,11.1,3.8,1,0,0,1,54.5,50.9,46.1,44.3,50.4,In Progress,0,45.6,59.4,49.3,1,3.6,66.2,Neutral
SC-2023-1114,Manish Shenoy,AI_DS,2nd Year,4,A,7.86,77.8,0,6,6,76.2,6,6,79.4,65.8,84.0,3.0,84.1,-0.1,11,71.2,Medium,11.8,14.9,3,2,1,2,65.3,60.2,72.1,63.7,61.9,In Progress,0,72.1,75.1,61.4,1,3.9,71.0,Neutral
SC-2022-1115,Kunal Thakur,CIVIL,3rd Year,5,A,7.97,73.4,1,6,6,72.3,6,5,74.5,92.6,,1.0,73.7,-3.4,14,81.0,Medium,12.6,3.5,2,2,1,2,64.8,75.8,73.2,73.0,69.8,In Progress,1,76.5,66.5,64.0,3,3.5,73.9,Positive
SC-2023-1116,Deepika Saxena,MECH,2nd Year,4,C,6.51,65.5,1,6,6,63.0,6,5,68.0,77.2,65.5,1.0,80.3,-2.5,14,72.0,Medium,13.8,19.1,10,2,5,5,83.2,79.2,84.0,85.7,76.2,In Progress,0,82.5,76.1,85.2,4,4.6,83.5,Positive
SC-2023-1117,Aarav Singh,IT,2nd Year,4,B,6.6,67.5,1,6,6,70.6,6,5,64.5,94.2,70.4,3.0,71.2,-2.7,13,81.8,Medium,13.8,19.5,12,4,4,4,85.4,77.0,92.9,76.1,70.4,In Progress,0,81.7,87.9,91.4,4,4.4,82.4,Positive
SC-2022-1118,Rohan Bhat,CSE,3rd Year,5,C,7.93,73.5,0,6,6,73.1,6,6,74.0,58.2,61.9,,77.7,3.3,8,72.9,Medium,9.4,-2.1,4,2,1,2,72.8,72.5,74.0,71.2,70.4,In Progress,0,63.0,75.7,62.3,1,4.1,81.0,Positive
SC-2024-1119,Aditi Yadav,CSE,1st Year,2,C,7.02,70.7,0,6,6,71.7,6,6,69.7,80.6,92.5,1.0,76.0,1.0,9,79.5,Medium,9.0,-9.1,4,2,1,2,74.5,68.6,62.6,66.7,79.4,Ready,0,72.6,64.8,70.8,3,4.1,79.9,Positive
SC-2024-1120,Shreya Nair,IT,1st Year,2,B,6.81,79.2,1,6,6,77.8,6,5,80.6,71.9,87.1,2.0,76.8,-0.2,7,82.4,Medium,11.0,8.9,4,1,1,2,66.9,72.7,67.3,62.8,77.6,Ready,0,67.9,66.0,72.9,3,3.8,71.4,Neutral
SC-2021-1121,Aayush Mishra,AI_DS,4th Year,7,A,7.59,80.8,0,6,6,81.6,6,6,80.0,68.2,94.2,,81.8,0.1,11,80.5,Medium,8.9,7.5,1,0,0,0,45.6,44.0,43.3,38.1,32.3,Not Ready,0,42.2,47.5,48.7,1,4.0,69.4,Neutral
SC-2023-1122,Sneha Singh,AI_DS,2nd Year,4,A,8.16,74.5,0,6,6,72.6,6,6,76.4,59.5,70.3,2.0,75.5,4.0,10,78.3,Medium,12.6,3.0,3,2,1,2,73.7,62.5,70.4,71.2,71.0,In Progress,0,62.2,69.7,65.4,2,4.3,79.7,Positive
SC-2021-1123,Riya Malhotra,CSE,4th Year,8,C,7.28,71.5,1,6,6,75.7,6,4,67.2,84.0,59.5,4.0,61.5,-11.8,4,63.6,Low,7.0,-40.0,0,1,0,0,51.1,65.5,61.5,47.1,44.7,In Progress,0,65.7,60.6,59.6,2,3.1,48.4,Needs Attention
SC-2021-1124,Suresh Deshmukh,ECE,4th Year,8,C,8.06,74.4,0,6,6,74.8,6,6,74.0,59.4,60.5,1.0,82.1,-1.7,13,82.7,Medium,12.7,0.1,2,0,0,1,55.5,45.8,48.7,49.8,43.5,Not Ready,0,48.2,52.4,50.0,0,3.6,67.2,Neutral
SC-2021-1125,Akhil Gupta,AI_DS,4th Year,7,A,9.2,94.7,0,6,6,93.7,6,6,95.6,75.8,66.8,1.0,92.3,2.4,20,88.6,High,16.2,17.9,4,2,4,2,87.0,90.2,84.5,91.2,98.4,Placed,1,82.8,88.6,89.4,3,4.8,86.0,Positive
SC-2023-1126,Kunal Pandey,CSE,2nd Year,4,C,6.76,65.7,1,6,6,66.3,6,5,65.1,72.9,85.6,4.0,79.5,0.4,18,73.7,Medium,11.3,28.0,12,3,4,4,92.7,74.6,88.1,85.2,77.1,In Progress,0,83.4,82.7,82.0,7,4.7,76.1,Positive
SC-2023-1127,Divya Shenoy,CIVIL,2nd Year,3,A,9.6,83.8,0,6,6,82.3,6,6,85.2,82.6,92.5,2.0,94.3,0.0,28,94.7,High,23.3,3.9,4,3,3,3,82.1,85.9,88.5,83.5,97.2,Ready,0,87.6,92.9,92.3,5,4.8,87.2,Positive
SC-2022-1128,Bhavna Yadav,CSE,3rd Year,6,B,9.7,85.0,0,6,6,83.7,6,6,86.3,60.3,79.7,,95.0,3.2,12,95.6,High,20.3,1.4,12,2,3,6,88.5,85.2,90.6,82.3,95.1,Ready,1,95.6,90.5,90.1,3,4.2,88.8,Positive
SC-2022-1129,Utkarsh Bose,AI_DS,3rd Year,6,B,7.95,82.8,0,6,6,80.7,6,6,85.0,64.3,63.9,0.0,85.3,-1.8,12,88.2,Medium,9.9,6.8,1,0,0,1,48.5,47.6,41.1,48.7,30.6,Not Ready,0,46.9,59.8,51.9,1,3.6,69.0,Neutral
SC-2024-1130,Ananya Joshi,IT,1st Year,1,C,9.53,86.7,0,6,6,86.3,6,6,87.1,91.5,62.1,3.0,90.0,2.6,18,90.4,High,19.2,6.5,11,4,2,2,85.6,94.5,87.5,83.8,85.9,Ready,0,91.8,83.8,88.5,3,4.1,93.6,Positive
SC-2021-1131,Rohan Pillai,IT,4th Year,7,A,5.12,60.9,5,6,5,63.1,6,1,58.7,68.7,63.2,4.0,60.4,-11.0,4,44.0,Low,2.7,-41.1,1,1,0,0,43.8,40.0,49.5,42.0,44.4,Not Ready,0,45.8,52.6,49.8,0,3.1,56.8,Needs Attention
SC-2023-1132,Rakesh Chatterjee,CSE,2nd Year,4,B,8.16,72.2,1,6,6,72.0,6,5,72.3,71.6,74.8,2.0,74.9,-2.9,15,82.3,Medium,9.2,-6.5,6,1,1,1,68.1,69.0,60.7,61.0,70.7,In Progress,0,72.9,64.9,75.1,1,4.1,78.0,Positive
SC-2022-1133,Ishaan Reddy,CIVIL,3rd Year,5,C,9.19,84.9,0,6,6,85.2,6,6,84.6,94.4,76.6,3.0,94.2,0.5,27,89.6,High,22.5,11.7,9,2,4,5,87.1,82.6,82.1,86.1,99.5,Ready,1,95.3,83.1,91.4,4,4.8,85.9,Positive
SC-2022-1134,Sanya Das,IT,3rd Year,6,C,8.11,75.2,1,6,6,75.1,6,5,75.3,73.5,61.4,1.0,84.3,2.3,15,72.0,Medium,10.7,11.9,3,2,0,2,65.3,70.1,58.8,64.4,68.0,In Progress,0,74.9,69.4,67.6,3,4.3,76.7,Positive
SC-2023-1135,Suresh Mishra,ECE,2nd Year,4,B,6.83,75.9,0,6,6,75.1,6,6,76.8,77.6,63.7,1.0,74.8,-0.4,11,75.8,Medium,11.9,7.8,3,1,0,1,69.1,70.1,59.5,70.6,74.5,In Progress,0,77.6,71.8,62.9,3,3.8,78.1,Positive
SC-2021-1136,Ananya Bose,MECH,4th Year,8,C,7.05,77.5,0,6,6,79.5,6,6,75.5,81.7,69.3,0.0,82.7,-3.9,14,85.4,Medium,11.3,-9.9,5,1,0,2,64.1,67.1,68.2,60.1,77.6,Ready,1,74.8,65.3,63.3,1,4.1,65.6,Neutral
SC-2021-1137,Isha Singh,CIVIL,4th Year,8,A,8.53,86.3,0,6,6,86.2,6,6,86.4,78.0,93.2,3.0,90.5,-1.1,25,98.1,High,14.6,11.8,5,4,3,4,87.9,88.4,90.5,89.2,86.6,Placed,1,95.8,86.8,91.6,5,4.4,96.0,Positive
SC-2023-1138,Nisha Deshmukh,ECE,2nd Year,3,A,6.3,69.7,0,6,6,66.6,6,6,72.8,68.2,83.6,0.0,78.8,-2.3,19,85.0,Medium,13.3,12.7,8,2,3,4,83.8,69.1,82.8,80.8,86.9,In Progress,0,81.6,79.3,82.3,7,4.4,72.5,Positive
SC-2022-1139,Sneha Kumar,MECH,3rd Year,6,C,6.57,64.4,2,6,6,71.0,6,4,57.8,67.6,,3.0,59.1,-13.6,3,56.5,Low,4.3,-28.4,1,0,0,0,59.2,59.2,48.5,61.7,52.5,In Progress,0,63.5,57.1,53.0,1,3.2,60.8,Needs Attention
SC-2022-1140,Rahul Iyer,ece,3rd Year,6,A,7.32,78.9,0,6,6,77.3,6,6,80.6,78.8,75.7,,78.2,-3.8,14,86.3,Medium,8.9,-1.5,5,2,1,1,70.4,61.6,74.7,67.7,79.9,In Progress,0,60.7,68.2,75.6,1,3.4,80.8,Positive
SC-2023-1141,Tarun Thakur,CIVIL,2nd Year,3,B,6.5,66.2,0,6,6,64.8,6,6,67.5,82.0,60.0,1.0,75.3,-3.1,12,70.7,Medium,10.9,27.0,6,2,6,4,88.2,72.3,93.1,84.9,82.6,In Progress,0,82.4,79.0,90.3,7,4.2,74.1,Positive
SC-2024-1142,Aniket Kulkarni,ECE,1st Year,2,A,7.8,70.6,1,6,6,68.9,6,5,72.3,69.1,64.5,4.0,82.7,0.5,8,84.6,Medium,13.5,1.7,5,2,1,2,59.6,63.6,72.6,69.3,78.3,Ready,0,67.1,73.2,72.0,2,3.9,65.5,Neutral
SC-2024-1143,Utkarsh Reddy,IT,1st Year,2,B,7.19,69.7,1,6,6,73.9,6,4,65.5,58.9,69.7,4.0,58.2,-18.1,5,52.7,Low,4.4,-32.4,2,1,0,0,54.6,61.5,61.4,54.3,44.7,In Progress,0,60.6,49.2,62.8,2,2.3,58.1,Needs Attention
SC-2022-1144,Swati Yadav,ECE,3rd Year,6,A,8.7,84.7,0,6,6,83.9,6,6,85.4,66.8,78.9,,95.1,3.0,16,95.9,High,18.5,7.3,11,2,2,4,84.5,92.7,90.2,93.8,99.1,Ready,1,94.8,93.9,90.2,7,5.0,90.3,Positive
SC-2022-1145,Priya Reddy,CSE,3rd Year,5,C,7.63,76.1,0,6,6,76.5,6,6,75.7,90.7,93.4,3.0,78.1,-2.3,9,78.5,Medium,9.1,-0.4,4,2,0,2,74.9,70.7,60.3,61.1,60.3,In Progress,1,68.8,69.0,77.8,1,3.5,78.7,Positive
SC-2024-1146,Yash Kapoor,CSE,1st Year,2,A,6.72,70.5,0,6,6,67.8,6,6,73.3,64.8,83.2,4.0,72.8,0.0,16,83.8,Medium,14.6,5.8,5,4,5,4,81.7,75.7,89.0,74.3,86.1,In Progress,0,93.8,89.7,88.5,6,4.3,80.4,Positive
SC-2023-1147,Nikhil Bhat,CIVIL,2nd Year,4,B,7.52,74.2,0,6,6,74.9,6,6,73.6,66.2,58.5,,76.9,3.8,11,75.2,Medium,8.2,13.1,4,2,0,2,66.6,69.2,69.2,64.4,74.7,In Progress,0,60.5,69.8,62.3,1,4.3,69.7,Neutral
SC-2023-1148,Aniket Thakur,CSE,2nd Year,4,B,9.5,84.8,0,6,6,85.3,6,6,84.4,85.1,72.4,3.0,92.3,-1.3,14,99.6,High,20.0,20.5,11,3,4,3,89.9,91.6,81.0,88.7,97.6,Ready,0,85.7,91.5,82.7,6,4.4,88.9,Positive
SC-2024-1149,Varun Chatterjee,MECH,1st Year,2,B,5.89,56.9,6,6,5,63.5,6,1,50.3,55.4,,,54.7,-2.6,4,49.0,Low,4.9,-44.1,1,1,0,0,49.1,40.4,40.9,41.2,40.3,Not Ready,0,37.3,48.4,47.4,1,2.7,57.8,Needs Attention
SC-2024-1150,Varun Reddy,IT,1st Year,2,B,7.67,77.1,0,6,6,81.4,6,6,72.7,72.1,87.3,1.0,86.3,1.5,11,91.2,Medium,11.8,3.3,1,0,0,0,47.5,54.2,47.3,52.5,34.6,In Progress,0,43.8,46.9,46.7,0,3.6,76.8,Neutral
SC-2023-1151,Meera Yadav,CSE,2nd Year,4,A,7.16,68.4,0,6,6,70.1,6,6,66.7,61.1,72.9,,85.7,-2.4,13,73.2,Medium,11.0,-6.4,5,1,0,2,69.3,61.7,59.2,68.6,65.0,In Progress,0,68.0,76.3,62.7,3,3.4,65.6,Neutral
SC-2022-1152,Tanvi Deshmukh,IT,3rd Year,5,A,7.34,69.7,0,6,6,69.5,6,6,69.8,80.3,63.3,4.0,85.9,-1.3,11,77.2,Medium,11.8,14.0,2,2,1,1,71.8,72.2,62.9,63.0,71.1,In Progress,1,71.9,66.8,67.0,1,4.0,71.1,Neutral
SC-2021-1153,Vikas Kulkarni,MECH,4th Year,7,A,5.34,49.5,4,6,5,52.5,6,1,46.4,58.9,89.7,,55.1,-8.2,6,55.0,Low,4.4,-25.4,0,0,0,0,26.1,38.0,42.4,41.4,47.5,Not Ready,0,33.0,49.0,34.6,0,2.7,55.8,Needs Attention
SC-2023-1154,Deepika Deshmukh,ECE,2nd Year,3,B,7.94,73.8,0,6,6,71.9,6,6,75.7,55.3,61.4,2.0,80.1,-2.9,10,83.8,Medium,11.6,-1.6,2,2,0,2,58.4,65.9,60.8,63.7,71.6,In Progress,0,62.4,74.7,71.4,2,4.2,65.3,Neutral
SC-2023-1155,Sneha Saxena,MECH,2nd Year,3,C,8.03,82.6,0,6,6,85.3,6,6,79.9,57.1,63.7,3.0,78.5,-2.1,15,85.4,Medium,8.5,5.2,3,1,0,1,40.1,45.8,37.2,47.5,32.4,In Progress,0,47.8,56.2,50.6,0,3.5,72.0,Neutral
SC-2024-1156,Harsh Agarwal,ECE,1st Year,1,A,6.73,71.0,0,6,6,68.2,6,6,73.8,63.0,60.8,0.0,75.4,-3.2,10,83.7,Medium,11.4,23.1,12,4,2,2,93.4,79.5,87.5,77.2,74.4,In Progress,0,89.5,79.2,88.5,5,4.0,75.8,Positive
SC-2021-1157,Gaurav Gupta,CSE,4th Year,8,A,7.44,77.5,0,6,6,75.6,6,6,79.4,73.5,,1.0,74.8,-3.0,7,75.1,Medium,8.7,1.6,5,1,1,1,72.7,69.7,71.4,69.6,72.2,Ready,1,75.4,63.4,75.4,2,4.3,68.7,Neutral
SC-2022-1158,Karan Shenoy,CIVIL,3rd Year,6,A,6.39,52.7,6,6,3,57.1,6,4,48.3,83.1,91.1,0.0,58.0,-4.3,4,46.4,Low,2.4,-24.9,2,1,0,0,53.5,37.8,34.5,45.0,22.7,Not Ready,0,42.6,41.1,46.1,0,3.2,45.7,Needs Attention
SC-2024-1159,Arjun Das,ECE,1st Year,2,B,7.78,75.7,1,6,6,74.5,6,5,76.9,92.6,94.4,1.0,83.0,-3.4,12,83.2,Medium,8.3,13.6,4,1,0,2,62.3,69.9,64.2,62.6,71.2,Ready,0,61.2,73.3,63.7,2,3.6,66.9,Neutral
SC-2024-1160,Meera Pillai,CSE,1st Year,2,B,7.88,81.4,1,6,6,80.0,6,6,82.8,66.7,78.6,2.0,84.6,-0.3,16,90.3,Medium,10.7,-2.1,1,0,0,1,41.7,48.3,38.4,55.2,31.9,In Progress,0,44.6,45.8,44.4,0,3.9,70.3,Neutral
SC-2022-1161,Aayush Kulkarni,IT,3rd Year,5,A,8.62,81.4,0,6,6,84.0,6,6,78.8,92.0,68.8,1.0,82.7,-0.1,13,83.3,Medium,12.0,0.5,4,1,0,1,51.3,56.4,40.8,52.2,35.7,Not Ready,0,48.0,48.6,55.5,0,3.4,69.3,Neutral
SC-2023-1162,Deepika Verma,IT,2nd Year,3,B,8.66,89.0,0,6,6,89.9,6,6,88.1,81.7,85.7,2.0,89.8,0.4,23,93.4,High,23.8,13.3,5,2,4,5,91.5,95.2,94.7,82.3,99.6,Ready,0,89.1,89.1,86.1,5,5.0,94.8,Positive
SC-2022-1163,Mohit Deshmukh,AI_DS,3rd Year,5,A,7.02,69.0,0,6,6,72.5,6,5,65.6,89.2,72.2,2.0,55.7,-12.3,6,55.5,Low,6.1,-34.3,0,0,0,0,37.1,67.7,59.5,61.3,59.5,In Progress,0,56.3,55.8,56.9,1,3.3,54.1,Needs Attention
SC-2022-1164,Shreya Chatterjee,IT,3rd Year,6,B,7.8,80.1,1,6,6,82.7,6,6,77.4,87.9,80.2,3.0,89.7,-0.0,10,78.5,Medium,10.8,5.9,3,0,0,1,41.8,48.6,52.4,45.5,43.9,Not Ready,0,53.4,56.1,44.2,0,3.8,66.6,Neutral
SC-2024-1165,Aarav Kumar,ECE,1st Year,2,C,5.87,52.0,4,6,4,54.2,6,2,49.9,69.3,,2.0,57.3,-8.6,1,48.8,Low,3.6,-35.8,1,1,0,0,43.8,45.0,43.3,34.4,35.4,Not Ready,0,44.7,51.9,35.3,0,2.0,45.6,Needs Attention
SC-2022-1166,Nisha Menon,ECE,3rd Year,5,C,9.45,91.2,0,6,6,89.6,6,6,92.8,93.1,85.1,0.0,95.9,2.3,21,91.3,High,21.0,9.1,12,4,3,3,80.2,88.3,84.7,87.3,90.1,Ready,1,83.4,82.2,85.1,4,4.8,92.3,Positive
SC-2024-1167,Arjun Reddy,CSE,1st Year,1,B,8.37,83.7,0,6,6,83.8,6,6,83.6,62.9,,4.0,86.4,0.8,13,77.9,Medium,9.8,3.9,1,0,0,0,57.1,44.3,39.3,40.3,33.3,In Progress,0,43.3,55.1,54.5,0,3.0,69.7,Neutral
SC-2024-1168,Deepika Menon,CSE,1st Year,2,C,8.41,82.8,0,6,6,83.4,6,6,82.1,55.2,93.1,3.0,93.2,1.7,18,90.2,High,17.5,2.3,8,4,3,4,82.4,88.0,91.1,83.6,93.6,Ready,0,90.1,80.2,85.0,4,5.0,87.2,Positive
SC-2022-1169,Aniket Singh,CIVIL,3rd Year,5,B,7.99,80.4,0,6,6,78.9,6,6,81.9,74.0,64.8,3.0,82.4,-0.7,16,77.3,Medium,12.6,3.3,1,0,0,1,49.9,48.2,43.7,51.3,47.2,Not Ready,0,55.5,47.6,48.5,1,3.2,63.1,Neutral
SC-2024-1170,Riya Iyer,ECE,1st Year,1,B,7.4,68.0,0,6,6,75.4,6,5,60.5,94.5,63.6,0.0,57.2,-15.6,3,51.8,Low,5.4,-25.4,0,0,0,0,56.0,65.9,52.7,57.1,51.6,In Progress,0,54.4,60.6,57.6,2,2.6,59.3,Needs Attention
SC-2023-1171,Tanvi Joshi,ECE,2nd Year,3,A,5.6,53.9,2,6,3,56.6,6,3,51.1,89.1,59.4,2.0,54.4,-13.7,1,50.2,Low,4.3,-35.3,1,0,0,0,33.8,45.5,39.1,42.8,44.3,Not Ready,0,43.9,35.4,47.3,1,3.0,37.7,Needs Attention
SC-2023-1172,Harsh Deshmukh,CSE,2nd Year,3,B,7.87,76.8,1,6,6,76.1,6,5,77.4,69.3,83.1,2.0,81.6,0.6,14,80.1,Medium,8.9,-8.6,4,2,1,2,70.3,64.6,59.0,68.9,62.6,In Progress,0,66.6,75.0,70.5,3,3.7,66.7,Neutral
SC-2022-1173,Nikhil Reddy,ECE,3rd Year,5,A,7.1,66.2,1,6,6,73.7,6,4,58.7,94.0,,1.0,58.5,-11.6,6,45.4,Low,4.3,-42.2,1,0,0,0,55.2,56.5,59.5,50.7,50.1,In Progress,0,62.2,53.4,57.1,2,3.4,51.4,Needs Attention
SC-2024-1174,Ananya Nair,IT,1st Year,2,C,7.87,79.8,0,6,6,80.8,6,6,78.9,84.7,93.6,4.0,84.0,-1.3,9,86.1,Medium,9.8,4.9,4,1,0,0,48.3,46.0,44.8,50.1,43.7,In Progress,0,56.1,54.0,50.3,0,3.6,65.4,Neutral
SC-2022-1175,Sanya Menon,ECE,3rd Year,6,A,7.14,77.8,0,6,6,78.1,6,6,77.4,87.1,64.7,3.0,84.0,3.3,10,85.2,Medium,9.6,-2.8,3,2,0,2,59.8,62.4,58.5,72.0,66.2,In Progress,0,77.8,68.8,76.3,1,3.6,67.3,Neutral
SC-2021-1176,Ananya Chatterjee,ECE,4th Year,7,B,8.06,74.2,0,6,6,72.8,6,6,75.5,89.5,,0.0,83.8,-2.1,15,86.8,Medium,11.1,10.7,6,2,1,1,59.8,62.0,71.7,64.9,71.7,Ready,1,64.2,68.8,62.6,1,3.6,69.7,Neutral
SC-2024-1177,Sanya Deshmukh,IT,1st Year,1,B,8.4,79.4,0,6,6,74.3,6,6,84.6,66.9,64.1,2.0,86.5,1.2,8,86.7,Medium,12.7,-4.2,4,1,0,1,58.1,53.0,45.2,42.3,41.1,In Progress,0,42.1,59.4,56.8,1,3.3,77.0,Neutral
SC-2022-1178,Aditya Bose,CSE,3rd Year,5,B,7.83,78.1,0,6,6,76.6,6,6,79.6,88.2,90.2,2.0,83.5,2.6,11,79.1,Medium,10.1,5.1,6,2,1,1,70.2,70.3,61.1,66.7,72.8,In Progress,0,63.6,66.9,70.4,1,3.6,73.8,Positive
SC-2022-1179,Aayush Kumar,CSE,3rd Year,6,A,6.38,68.7,0,6,6,63.8,6,6,73.6,73.1,62.5,1.0,81.3,3.1,13,68.4,Medium,10.2,17.8,8,2,5,3,83.9,81.6,78.8,81.9,83.2,Ready,0,93.4,76.7,85.1,3,4.5,79.0,Positive
SC-2022-1180,Meera Nair,AI_DS,3rd Year,5,A,7.64,75.5,0,6,6,76.7,6,6,74.2,73.8,81.0,4.0,74.5,2.3,7,75.2,Medium,9.6,5.4,3,2,1,1,55.2,62.1,63.5,70.4,73.7,In Progress,1,72.8,73.8,64.6,1,4.0,65.9,Neutral
SC-2022-1181,Akhil Sharma,ECE,3rd Year,6,C,7.32,67.2,1,6,6,68.5,6,5,65.9,72.4,86.0,1.0,74.4,-0.1,12,85.8,Medium,8.8,-2.1,6,2,0,2,57.3,60.7,60.2,73.1,76.7,In Progress,1,76.7,66.5,75.8,3,4.2,80.8,Positive
SC-2022-1182,Tarun Kulkarni,ECE,3rd Year,5,A,6.53,-15.0,0,6,6,66.7,6,6,65.8,,64.9,1.0,75.6,-3.1,17,68.7,Medium,12.9,21.3,12,3,5,2,92.7,81.9,80.0,73.5,89.1,Ready,0,82.4,82.1,80.4,7,4.0,88.0,Positive
SC-2023-1183,Kritika Reddy,AI_DS,2nd Year,3,B,7.32,76.6,0,6,6,78.0,6,6,75.2,79.1,67.7,3.0,73.1,2.6,14,78.2,Medium,13.7,4.9,2,2,0,2,61.5,71.7,70.5,74.4,71.4,In Progress,0,63.8,62.8,71.6,2,4.2,77.6,Positive
SC-2021-1184,Kavya Singh,AI_DS,4th Year,7,A,8.82,94.4,0,6,6,93.2,6,6,95.6,92.2,82.6,,97.1,3.5,16,92.3,High,15.0,9.2,7,3,4,5,87.1,89.0,85.6,91.3,97.2,Placed,1,88.0,80.6,86.8,6,4.7,93.4,Positive
SC-2024-1185,Bhavna Menon,CSE,1st Year,2,C,7.2,67.2,0,6,6,67.2,6,6,67.3,78.5,83.5,2.0,70.6,-3.4,10,76.7,Medium,14.1,14.5,12,4,6,4,85.3,77.4,90.3,72.3,86.3,In Progress,0,86.5,86.6,89.5,3,3.9,86.0,Positive
SC-2024-1186,Isha Gupta,CSE,1st Year,1,B,8.15,75.5,0,6,6,78.7,6,6,72.2,81.0,81.8,1.0,87.2,-0.7,14,89.8,Medium,13.8,1.6,4,1,0,1,53.8,57.4,47.8,52.5,32.2,In Progress,0,44.2,47.1,55.1,0,3.9,65.3,Neutral
SC-2022-1187,Siddharth Kumar,CSE,3rd Year,5,A,9.66,92.7,0,6,6,92.3,6,6,93.0,82.1,76.5,4.0,91.8,-1.4,26,95.0,High,16.0,14.2,10,2,3,2,81.5,93.6,85.8,86.2,92.4,Ready,1,92.2,94.0,82.5,6,4.5,92.7,Positive
SC-2023-1188,Zoya Mehta,CSE,2nd Year,4,A,9.09,95.2,0,6,6,95.1,6,6,95.2,79.9,86.5,1.0,94.4,-1.4,21,96.7,High,18.7,11.0,12,2,5,4,93.8,93.7,90.9,87.0,98.2,Ready,1,87.5,85.8,95.2,5,4.8,95.4,Positive
SC-2024-1189,Harsh Bhat,CIVIL,1st Year,2,B,8.73,91.8,0,6,6,89.8,6,6,93.8,59.2,,3.0,90.3,-0.1,17,90.1,High,22.6,12.6,5,3,4,2,89.3,81.9,82.0,83.9,90.1,Ready,0,82.7,92.3,85.7,4,4.9,96.4,Positive
SC-2023-1190,Deepika Reddy,MECH,2nd Year,3,C,6.97,77.6,0,6,6,78.9,6,6,76.2,80.2,86.6,1.0,76.1,-0.5,15,79.0,Medium,13.2,-6.1,4,2,0,1,72.0,67.0,65.1,71.5,64.9,In Progress,0,74.6,67.5,69.1,1,3.7,77.2,Positive
SC-2022-1191,Sanya Bose,CSE,3rd Year,6,B,8.6,83.5,0,6,6,82.1,6,6,84.9,88.1,81.2,3.0,97.3,-1.0,22,92.8,High,21.7,10.9,10,2,2,6,80.9,90.1,90.8,89.9,92.8,Ready,1,87.6,89.5,89.8,5,4.7,89.1,Positive
SC-2021-1192,Kavya Shenoy,IT,4th Year,7,B,6.38,68.7,1,6,6,65.3,6,5,72.0,85.3,75.1,0.0,78.9,-3.0,18,72.8,Medium,10.7,17.7,10,4,3,2,80.4,80.7,87.5,75.9,87.0,Ready,1,93.8,75.8,77.0,5,4.1,80.1,Positive
SC-2021-1193,Kunal Malhotra,MECH,4th Year,8,C,7.08,66.6,1,6,6,67.7,6,5,65.5,78.4,95.9,3.0,74.5,1.9,11,73.6,Medium,14.7,23.9,10,3,2,3,90.7,81.3,79.3,73.0,89.5,Ready,1,86.2,79.9,84.4,7,4.4,84.5,Positive
SC-2024-1194,Sahil Kapoor,CSE,1st Year,1,C,7.44,76.8,1,6,6,78.4,6,5,75.3,,91.8,3.0,75.0,-0.2,9,87.0,Medium,10.2,13.8,6,2,0,1,62.4,64.6,66.9,61.8,66.1,Ready,0,66.7,66.7,60.5,1,3.5,75.0,Positive
SC-2021-1195,Yash Chopra,MECH,4th Year,8,C,8.83,88.3,0,6,6,88.3,6,6,88.3,77.9,84.9,0.0,90.5,3.1,16,97.1,High,19.0,11.5,11,4,4,3,93.0,85.2,92.4,90.0,91.1,Ready,1,89.6,93.4,94.5,5,4.6,96.3,Positive
SC-2023-1196,Bhavna Gupta,AI_DS,2nd Year,3,A,7.36,66.7,2,6,6,69.8,6,4,63.6,66.4,87.2,3.0,65.2,-17.1,7,61.8,Low,5.3,-61.6,2,1,0,0,45.0,55.7,62.7,45.4,48.7,In Progress,0,56.6,61.8,51.7,2,2.3,64.7,Needs Attention
SC-2022-1197,Ananya Bhat,ECE,3rd Year,5,B,7.01,62.0,1,6,6,69.4,6,4,54.5,78.4,87.0,1.0,58.4,-8.7,2,46.0,Low,4.0,-41.1,0,1,0,0,47.7,62.6,64.1,49.6,46.4,In Progress,0,58.8,49.0,46.5,1,3.3,48.3,Needs Attention
SC-2021-1198,Sahil Iyer,ECE,4th Year,8,C,8.78,79.0,0,6,6,80.5,6,6,77.5,67.0,62.7,4.0,90.8,-0.7,8,88.8,Medium,13.8,1.9,2,0,0,0,58.7,49.7,46.4,53.1,39.5,Not Ready,0,47.6,54.1,51.4,1,3.0,73.8,Neutral
SC-2023-1199,Sanya Gupta,CIVIL,2nd Year,4,B,7.14,71.9,0,6,6,72.1,6,6,71.8,79.1,89.9,0.0,80.4,-3.9,9,81.6,Medium,8.0,1.9,2,1,1,2,70.2,68.6,71.4,69.7,61.6,In Progress,0,60.6,75.3,72.1,3,3.5,81.5,Positive
SC-2022-1200,Rahul Menon,MECH,3rd Year,5,C,8.43,87.7,0,6,6,85.9,6,6,89.4,79.1,80.4,1.0,90.3,-1.0,21,97.7,High,16.2,24.5,9,2,3,5,93.6,91.3,81.8,82.9,97.3,Ready,1,94.2,88.0,88.9,7,4.2,94.6,Positive
SC-2021-1201,Varun Thakur,CSE,4th Year,8,C,5.7,57.0,5,6,3,63.3,6,1,50.8,93.3,65.5,0.0,48.5,-4.0,4,41.3,Low,5.1,-36.3,1,0,0,0,51.5,39.7,34.1,40.4,33.5,Not Ready,0,32.1,38.9,33.6,0,3.2,40.2,Needs Attention
SC-2021-1202,Chirag Sharma,ECE,4th Year,8,B,6.82,65.7,1,6,6,70.4,6,4,61.0,59.1,,,55.7,-16.0,3,63.9,Low,6.1,-40.2,0,1,0,0,49.5,56.3,49.0,45.6,46.3,In Progress,0,63.6,49.0,48.3,2,2.3,58.4,Needs Attention
SC-2021-1203,Riya Reddy,ECE,4th Year,8,B,7.45,79.1,0,6,6,78.6,6,6,79.6,67.4,87.5,2.0,76.8,3.5,7,78.2,Medium,10.0,-5.2,2,1,0,1,73.1,62.0,66.7,65.3,69.6,Placed,0,62.5,62.7,62.3,3,3.8,81.3,Positive
SC-2024-1204,Neha Chopra,ECE,1st Year,1,C,7.56,71.5,2,6,6,76.6,6,4,66.4,82.7,66.1,2.0,57.5,-17.6,3,60.7,Low,4.4,-38.3,2,1,0,0,50.0,60.0,57.8,61.4,52.3,In Progress,0,56.7,50.6,54.2,1,2.8,63.6,Needs Attention
SC-2024-1205,Rohan Gupta,AI_DS,1st Year,2,A,6.9,73.2,0,6,6,74.7,6,6,71.8,63.4,72.0,1.0,78.2,1.1,12,70.8,Medium,8.2,-5.1,3,1,1,1,61.8,68.9,61.0,60.3,76.9,Ready,0,76.4,62.3,72.2,2,4.1,80.0,Positive
SC-2021-1206,Rakesh Shenoy,ECE,4th Year,7,A,7.91,75.2,0,6,6,74.4,6,6,76.0,80.8,76.9,2.0,76.5,-0.6,10,86.6,Medium,12.6,4.7,6,2,0,2,59.9,70.1,62.8,61.9,70.2,Placed,0,73.1,74.6,74.2,3,3.5,73.6,Positive
SC-2022-1207,Varun Saxena,AI_DS,3rd Year,6,C,7.36,74.7,1,6,6,75.8,6,5,73.5,65.9,,2.0,84.5,-0.4,10,77.1,Medium,9.8,12.2,6,1,1,2,66.0,62.1,59.4,66.7,67.0,In Progress,0,68.4,71.9,67.7,2,3.8,71.2,Neutral
SC-2023-1208,Priya Shenoy,IT,2nd Year,4,A,6.63,65.8,0,6,6,71.6,6,5,60.1,78.2,75.9,1.0,59.3,-11.9,4,51.1,Low,6.3,-37.7,1,0,0,0,52.6,70.0,65.0,57.8,54.8,In Progress,0,64.6,48.1,51.4,2,3.1,54.9,Needs Attention
SC-2023-1209,Karan Joshi,CSE,2nd Year,4,C,7.94,76.8,0,6,6,77.5,6,6,76.0,,93.0,2.0,74.6,2.2,13,73.8,Medium,10.7,4.0,4,1,0,2,73.9,60.2,71.8,72.5,66.8,In Progress,0,67.5,73.0,67.3,3,3.9,70.5,Neutral
SC-2022-1210,Swati Menon,IT,3rd Year,5,A,6.83,67.2,0,6,6,66.7,6,6,67.6,61.3,78.4,0.0,81.5,1.1,14,69.6,Medium,10.8,17.7,5,4,6,5,80.4,71.2,92.6,78.2,74.5,Ready,0,87.3,81.3,81.9,3,4.0,85.8,Positive
SC-2022-1211,Kavya Kumar,MECH,3rd Year,6,A,8.25,79.8,0,6,6,81.0,6,6,78.5,71.6,81.5,3.0,87.6,-1.6,8,91.8,Medium,10.7,5.2,2,1,0,1,49.2,51.2,49.0,43.2,52.0,Not Ready,0,49.3,55.2,53.4,1,3.4,75.2,Neutral
SC-2023-1212,Zoya Reddy,CSE,2nd Year,3,B,8.04,73.2,1,6,6,71.5,6,5,74.8,89.2,58.4,,81.8,1.8,10,86.4,Medium,10.5,9.0,2,2,0,1,65.1,72.5,65.0,62.5,64.1,In Progress,0,60.8,62.4,71.5,3,4.1,71.5,Neutral
SC-2022-1213,Pooja Agarwal,CSE,3rd Year,6,A,7.57,76.3,0,6,6,76.6,6,6,76.1,81.5,61.9,3.0,78.6,-1.8,9,73.1,Medium,8.1,-7.5,4,1,1,1,56.6,72.2,69.5,62.3,67.2,In Progress,0,60.6,72.8,63.9,3,3.4,75.8,Positive
SC-2021-1214,Aarav Verma,ECE,4th Year,8,A,8.68,81.3,0,6,6,82.2,6,6,80.4,55.5,66.4,2.0,86.2,3.0,14,90.6,High,22.8,19.9,6,4,2,2,86.2,81.7,83.9,88.4,87.8,Ready,1,95.1,81.7,85.0,5,4.3,85.2,Positive
SC-2024-1215,Rahul Verma,ECE,1st Year,1,C,7.15,68.2,0,6,6,75.1,6,5,61.2,73.0,86.2,0.0,67.0,-13.2,4,64.2,Low,5.4,-25.7,2,1,0,0,51.9,69.6,59.8,50.6,52.7,In Progress,0,64.1,53.1,61.3,2,2.3,48.3,Needs Attention
SC-2022-1216,Rakesh Yadav,CSE,3rd Year,5,A,5.79,53.5,2,6,3,56.5,6,3,50.5,76.6,83.3,1.0,49.5,-6.7,2,56.2,Low,4.7,-17.2,2,1,0,0,29.0,41.7,45.3,32.8,43.8,Not Ready,0,41.1,51.3,47.0,0,3.0,42.6,Needs Attention
SC-2024-1217,Pooja Singh,IT,1st Year,2,A,7.74,70.6,0,6,6,74.3,6,5,66.9,93.9,64.4,4.0,57.7,-18.9,6,56.0,Low,6.2,-56.8,2,0,0,0,45.7,62.0,50.8,48.4,48.5,In Progress,0,59.7,52.8,56.4,1,2.5,61.3,Needs Attention
SC-2022-1218,Sanya Yadav,CSE,3rd Year,5,B,7.61,70.2,1,6,6,74.0,6,4,66.5,69.9,82.4,3.0,64.4,-16.9,5,51.1,Low,4.1,-42.5,1,0,0,0,43.3,65.7,51.3,60.6,40.1,In Progress,0,63.8,59.7,52.7,2,3.3,64.0,Needs Attention
SC-2021-1219,Zoya Singh,CSE,4th Year,8,C,7.79,77.0,0,6,6,76.4,6,6,77.6,62.6,89.5,2.0,85.0,1.9,10,78.6,Medium,13.5,-1.0,2,1,1,2,73.9,62.4,62.2,68.7,73.3,Ready,0,61.7,73.4,66.9,3,4.0,80.3,Positive
SC-2024-1220,Vikas Agarwal,MECH,1st Year,2,A,6.94,68.5,0,6,6,70.1,6,6,67.0,85.0,65.3,3.0,72.5,2.0,14,68.1,Medium,11.3,16.3,6,2,5,5,89.8,79.7,80.7,78.0,85.5,In Progress,0,82.8,76.9,91.2,6,4.4,75.4,Positive
SC-2021-1221,Rakesh Reddy,CSE,4th Year,7,B,6.42,67.9,0,6,6,65.4,6,6,70.4,81.6,60.2,2.0,75.7,1.4,11,68.2,Medium,12.1,27.0,5,2,3,2,85.6,76.3,93.4,76.3,80.7,Ready,1,88.5,79.4,86.9,5,4.8,85.1,Positive
SC-2023-1222,Aarav Iyer,ECE,2nd Year,3,C,7.19,72.8,0,6,6,72.4,6,6,73.3,84.4,65.4,4.0,81.2,-0.2,13,81.9,Medium,8.0,6.0,4,1,1,1,74.4,71.8,69.5,63.5,69.7,In Progress,0,73.3,74.7,66.3,2,4.4,79.6,Positive
SC-2021-1223,Pallavi Pillai,MECH,4th Year,7,B,7.97,79.7,1,6,6,79.8,6,5,79.5,68.3,79.9,0.0,84.5,3.6,14,81.9,Medium,9.4,-4.7,2,1,1,1,58.2,74.9,73.3,71.5,64.4,Ready,0,76.2,64.0,62.4,3,4.0,73.4,Positive
SC-2022-1224,Rohan Menon,AI_DS,3rd Year,5,B,6.65,64.4,0,6,6,69.1,6,5,59.7,70.8,75.5,2.0,62.7,-17.7,2,56.5,Low,3.5,-52.5,1,0,0,0,42.8,63.9,51.2,51.6,48.5,In Progress,0,62.3,60.8,62.8,1,2.8,58.2,Needs Attention
SC-2024-1225,Tanvi Agarwal,ECE,1st Year,2,C,7.73,74.5,0,6,6,75.2,6,6,73.7,91.5,58.8,3.0,85.9,-3.0,14,81.4,Medium,9.3,-2.7,5,1,1,1,71.6,63.4,70.5,72.2,74.0,Ready,0,60.9,75.8,63.2,2,4.1,70.1,Neutral
SC-2022-1226,Priya Yadav,MECH,3rd Year,5,B,7.41,69.2,0,6,6,75.0,6,5,63.5,86.4,72.3,1.0,56.3,-16.1,6,62.3,Low,3.2,-27.6,1,1,0,0,51.4,63.7,55.5,53.2,57.9,In Progress,0,53.4,60.9,49.5,1,2.6,62.6,Needs Attention
SC-2021-1227,Chirag Chopra,ECE,4th Year,7,C,7.71,71.8,1,6,6,73.2,6,5,70.4,82.7,80.5,3.0,82.1,-2.0,8,74.3,Medium,10.9,7.2,3,2,0,2,72.3,70.4,62.7,69.8,67.3,Ready,0,68.8,72.7,69.2,1,4.0,81.8,Positive
SC-2023-1228,Divya Reddy,CSE,2nd Year,3,C,7.43,78.8,1,6,6,74.8,6,6,82.9,93.7,95.1,1.0,85.5,1.1,9,87.8,Medium,9.2,2.5,1,0,0,0,40.1,49.2,41.0,38.7,44.4,In Progress,0,52.4,45.4,46.1,0,3.1,64.0,Neutral
SC-2023-1229,Varun Shenoy,CSE,2nd Year,4,C,7.84,79.9,0,6,6,81.3,6,6,78.6,82.8,60.7,1.0,87.6,0.3,8,79.0,Medium,9.1,-3.2,2,0,0,0,51.8,46.4,48.9,45.6,43.7,In Progress,0,46.2,54.4,44.6,1,3.1,66.1,Neutral
SC-2024-1230,Zoya Agarwal,CSE,1st Year,1,B,7.33,70.1,1,6,6,71.0,6,5,69.2,69.0,68.7,0.0,79.4,1.5,13,71.2,Medium,11.8,-0.9,4,2,0,1,60.5,61.6,74.7,63.3,79.0,Ready,0,74.1,64.0,69.5,2,4.0,78.7,Positive
SC-2022-1231,Harsh Mehta,CSE,3rd Year,6,B,7.63,68.2,0,6,6,68.1,6,6,68.2,85.8,82.1,,74.2,-3.0,13,80.2,Medium,9.6,13.0,4,1,1,2,58.7,75.8,71.6,67.5,65.5,In Progress,0,77.0,76.1,74.7,2,4.0,66.5,Neutral
SC-2022-1232,Bhavna Singh,MECH,3rd Year,6,A,6.34,53.7,5,6,5,58.1,6,2,49.3,90.3,66.6,,52.3,-2.0,5,51.1,Low,3.8,-30.3,2,0,0,0,46.4,49.8,44.5,36.9,42.2,Not Ready,0,52.9,51.5,49.6,0,2.7,57.2,Needs Attention
SC-2023-1233,Utkarsh Chopra,AI_DS,2nd Year,4,A,7.32,72.8,0,6,6,72.1,6,6,73.5,55.2,65.1,0.0,83.6,2.8,8,75.2,Medium,10.9,-3.4,2,2,0,2,73.6,75.3,66.8,73.4,78.7,In Progress,0,76.1,75.6,61.0,1,4.0,70.6,Neutral
SC-2021-1234,Ishaan Patel,CSE,4th Year,8,A,6.46,66.8,1,6,6,64.5,6,5,69.2,81.6,74.0,1.0,74.5,-1.1,12,77.1,Medium,12.2,27.8,12,2,3,4,91.2,68.1,92.1,83.3,72.4,Ready,0,81.9,80.7,81.3,3,4.0,75.2,Positive
SC-2021-1235,Riya Pillai,CSE,4th Year,7,A,7.58,81.0,0,6,6,80.0,6,6,82.0,86.3,85.8,1.0,81.3,0.4,13,82.3,Medium,11.6,-7.9,4,1,0,1,49.7,54.2,39.7,40.7,42.8,Not Ready,0,46.0,56.3,55.8,0,3.7,68.9,Neutral
SC-2021-1236,Nisha Kumar,CSE,4th Year,8,A,7.18,78.8,0,6,6,79.1,6,6,78.5,66.4,81.0,2.0,80.6,-3.3,7,76.8,Medium,11.1,7.5,3,1,1,2,64.6,68.2,68.9,64.6,65.4,Ready,0,67.5,67.1,60.9,1,3.4,76.2,Positive
SC-2021-1237,Rahul Mehta,CSE,4th Year,7,C,7.57,73.0,0,6,6,72.0,6,6,73.9,85.4,63.8,3.0,77.1,2.2,15,80.9,Medium,9.4,-3.1,6,2,0,1,57.6,71.9,60.0,68.8,78.2,Placed,0,72.7,76.8,61.3,3,4.0,70.1,Neutral
SC-2021-1238,Nisha Saxena,IT,4th Year,8,B,6.82,67.8,1,6,6,69.9,6,5,65.8,55.4,77.5,4.0,73.3,3.7,14,68.8,Medium,14.5,23.3,8,4,5,5,90.3,81.9,93.5,74.6,86.5,Ready,0,90.9,80.4,80.3,4,3.8,81.2,Positive
SC-2022-1239,Karan Nair,CSE,3rd Year,5,A,5.65,53.0,4,6,3,59.7,6,3,46.4,88.0,94.7,0.0,47.4,-4.7,6,57.5,Low,6.5,-46.6,0,0,0,0,44.5,48.3,49.4,38.5,48.4,Not Ready,0,51.4,40.3,34.7,1,2.3,36.3,Needs Attention
SC-2023-1240,Aniket Reddy,AI_DS,2nd Year,4,A,6.62,70.3,0,6,6,67.8,6,6,72.9,60.7,75.3,3.0,79.0,-2.8,13,80.4,Medium,13.5,8.4,12,2,5,3,86.9,81.0,80.8,81.1,90.8,In Progress,0,82.5,78.5,81.0,4,4.6,83.0,Positive
SC-2022-1241,Varun Kumar,IT,3rd Year,6,A,8.55,83.7,0,6,6,82.2,6,6,85.2,88.0,69.3,3.0,97.2,-0.8,14,91.2,High,23.4,15.0,4,2,5,4,92.8,81.4,80.5,91.4,98.4,Ready,1,86.3,86.7,85.4,7,4.7,93.2,Positive
SC-2022-1242,Karan Sharma,ECE,3rd Year,6,B,9.32,86.8,0,6,6,85.2,6,6,88.5,65.8,72.0,0.0,90.6,3.4,15,93.9,High,23.9,5.6,8,3,1,6,85.0,85.8,94.6,81.3,85.7,Ready,0,86.7,82.5,88.0,5,4.6,88.7,Positive
SC-2021-1243,Gaurav Yadav,IT,4th Year,8,B,7.81,76.2,0,6,6,77.8,6,6,74.7,58.3,78.0,1.0,78.0,1.8,9,71.6,Medium,14.0,-5.5,5,2,1,2,63.5,71.1,65.0,71.9,66.7,Placed,1,64.4,68.7,68.9,3,3.9,74.1,Positive
SC-2023-1244,Kunal Chopra,CSE,2nd Year,3,C,7.46,77.3,0,6,6,79.1,6,6,75.6,78.8,63.6,1.0,76.9,2.8,9,75.3,Medium,8.9,11.3,5,1,0,1,56.1,62.2,74.4,70.6,67.5,In Progress,0,60.5,77.4,66.7,3,3.5,74.9,Positive
SC-2021-1245,Zoya Kapoor,AI_DS,4th Year,8,C,8.6,91.2,0,6,6,89.4,6,6,93.1,75.9,62.8,4.0,91.6,2.5,26,97.4,High,21.0,7.2,6,2,1,6,91.3,88.1,78.2,92.5,95.2,Placed,1,93.6,92.9,89.0,4,4.4,87.0,Positive
SC-2022-1246,Riya Singh,ECE,3rd Year,6,C,9.3,93.1,0,6,6,93.6,6,6,92.6,56.8,93.9,,95.6,2.1,18,91.2,High,15.0,9.1,9,2,2,4,82.4,81.7,81.8,80.2,98.6,Ready,0,95.0,83.4,83.2,7,4.6,92.3,Positive
SC-2024-1247,Neha Das,CSE,1st Year,1,A,8.38,80.8,0,6,6,78.0,6,6,83.7,79.3,87.2,1.0,85.1,-0.5,10,75.4,Medium,12.8,-0.4,1,1,0,0,43.0,49.4,51.8,39.7,48.0,In Progress,0,56.2,56.9,52.5,0,4.0,70.0,Neutral
SC-2023-1248,Rahul Bhat,ECE,2nd Year,3,A,8.8,82.5,0,6,6,85.5,6,6,79.4,90.1,63.3,4.0,91.9,-2.5,8,77.4,Medium,13.2,0.8,1,1,0,0,49.1,44.7,40.6,39.2,44.4,In Progress,0,47.7,45.1,53.4,1,3.3,69.6,Neutral
SC-2024-1249,Rahul Chatterjee,IT,1st Year,2,B,6.67,69.8,1,6,6,71.5,6,5,68.1,73.6,85.8,3.0,78.2,0.0,14,82.9,Medium,17.9,6.0,5,4,3,2,82.3,69.7,84.0,81.1,88.8,In Progress,0,83.1,88.0,86.7,5,4.3,82.3,Positive
SC-2021-1250,Ishaan Das,AI_DS,4th Year,8,C,7.48,69.2,0,6,6,69.4,6,6,69.0,89.9,83.4,0.0,79.6,3.6,9,81.5,Medium,9.9,-9.2,6,2,0,2,70.8,75.7,61.6,63.2,60.5,Placed,0,64.5,64.8,62.6,2,3.8,70.1,Neutral
SC-2023-1251,Sanya Mehta,IT,2nd Year,3,B,9.07,90.8,0,6,6,89.5,6,6,92.2,71.3,58.1,1.0,97.6,0.9,24,97.9,High,19.6,22.3,7,2,5,6,82.2,90.6,92.8,91.0,97.4,Ready,1,82.2,92.6,95.1,6,4.9,86.5,Positive
SC-2021-1252,Nisha Pandey,ECE,4th Year,7,B,7.41,69.9,0,6,6,74.0,6,5,65.8,62.0,64.7,4.0,57.7,-17.7,7,56.5,Low,3.1,-32.4,0,1,0,0,57.4,62.5,62.8,56.9,53.0,In Progress,0,57.3,54.6,52.3,2,2.8,61.0,Needs Attention
SC-2024-1253,Neha Chatterjee,IT,1st Year,2,A,6.39,68.3,0,6,6,68.2,6,6,68.5,84.6,,1.0,76.0,2.0,18,69.7,Medium,13.6,18.4,5,4,4,5,83.2,80.4,86.8,73.8,88.8,In Progress,0,93.3,79.6,88.7,6,4.2,85.1,Positive
SC-2021-1254,Meera Shenoy,AI_DS,4th Year,7,A,7.2,63.3,0,6,6,62.3,6,6,64.3,87.0,82.0,2.0,79.5,2.7,18,81.9,Medium,14.8,12.7,11,2,6,5,82.9,78.3,91.3,84.8,82.7,Ready,0,88.9,89.6,78.8,5,4.3,79.0,Positive
SC-2022-1255,Kavya Patel,AI_DS,3rd Year,6,C,7.88,69.2,0,6,6,68.3,6,6,70.0,59.4,62.7,2.0,84.9,-3.4,13,70.5,Medium,12.4,14.6,4,1,0,1,60.9,68.6,62.2,71.7,75.7,In Progress,1,71.9,66.4,76.8,3,3.4,81.7,Positive
SC-2023-1256,Bhavna Patel,IT,2nd Year,4,A,7.49,73.0,0,6,6,73.0,6,6,72.9,92.1,59.1,,80.8,-2.3,13,76.8,Medium,9.9,12.7,3,1,1,1,73.1,70.6,68.7,72.8,62.3,In Progress,0,66.2,67.5,77.9,3,3.9,67.7,Neutral
SC-2021-1257,Rahul Reddy,AI_DS,4th Year,7,A,6.38,69.2,1,6,6,71.4,6,5,66.9,90.3,86.4,4.0,75.8,3.6,15,80.0,Medium,15.2,15.7,12,3,6,5,93.8,72.0,81.2,85.5,85.8,Ready,1,81.4,86.7,85.4,4,4.6,87.3,Positive
SC-2024-1258,Rohan Bose,CSE,1st Year,1,B,8.63,83.0,0,6,6,82.5,6,6,83.6,70.4,78.0,,93.0,0.1,28,92.2,High,14.3,4.5,9,3,2,4,83.7,83.4,84.7,82.2,89.7,Ready,0,91.6,90.0,85.0,7,4.8,96.7,Positive
SC-2021-1259,Swati Shenoy,ECE,4th Year,8,B,5.12,53.9,2,6,4,58.0,6,3,49.8,67.0,71.1,,44.5,-12.8,3,48.6,Low,3.1,-54.1,0,0,0,0,52.3,41.0,46.5,40.1,46.9,Not Ready,0,52.2,35.8,44.9,0,2.5,54.1,Needs Attention
SC-2024-1260,Ananya Das,AI_DS,1st Year,2,B,8.11,66.6,0,6,6,68.4,6,6,64.8,92.0,62.6,1.0,72.1,-3.2,12,85.5,Medium,12.3,-4.3,2,1,1,1,73.7,73.9,62.4,71.8,62.2,Ready,0,77.0,63.2,65.9,3,4.2,71.5,Neutral
SC-2023-1261,Sahil Kulkarni,IT,2nd Year,3,C,7.49,72.8,0,6,6,71.9,6,6,73.7,92.8,82.9,0.0,75.2,-1.9,11,82.8,Medium,10.1,10.9,3,1,0,1,74.4,61.0,58.2,63.2,76.4,In Progress,0,63.4,63.7,63.8,3,4.2,73.7,Positive
SC-2021-1262,Karan Menon,AI_DS,4th Year,7,B,7.06,73.8,0,6,6,73.1,6,6,74.6,80.9,74.1,3.0,85.3,0.6,8,72.7,Medium,13.3,8.6,3,1,1,1,60.3,67.6,67.0,65.3,62.4,Placed,0,63.8,68.4,67.8,2,3.5,69.6,Neutral
SC-2023-1263,Swati Deshmukh,CIVIL,2nd Year,3,A,8.71,81.8,0,6,6,82.7,6,6,80.9,74.1,92.5,2.0,89.2,-1.1,15,91.3,High,22.8,17.5,10,3,4,2,83.3,93.2,90.5,87.4,87.6,Ready,0,90.9,89.9,86.0,3,4.1,91.5,Positive
SC-2023-1264,Harsh Singh,ECE,2nd Year,4,C,7.12,60.4,1,6,6,68.2,6,4,52.5,74.6,78.7,2.0,66.5,-18.0,2,56.9,Low,6.9,-41.7,1,0,0,0,46.8,55.7,48.3,56.6,45.8,In Progress,0,53.7,56.1,59.6,1,2.3,61.7,Needs Attention
SC-2021-1265,Aarav Kapoor,CSE,4th Year,8,A,7.78,76.5,0,6,6,75.8,6,6,77.3,91.4,70.6,2.0,81.1,2.0,13,83.5,Medium,9.5,3.9,4,1,0,0,54.9,45.1,53.1,49.5,54.1,Not Ready,0,56.0,54.9,56.4,1,4.0,76.0,Neutral
SC-2021-1266,Akhil Pandey,MECH,4th Year,8,C,8.76,81.0,0,6,6,77.5,6,6,84.6,,91.4,4.0,85.0,0.4,15,86.6,Medium,11.1,-3.4,2,1,0,1,45.8,54.8,35.3,38.7,37.1,Not Ready,0,51.5,44.9,46.9,1,3.4,75.3,Neutral
SC-2022-1267,Yash Kumar,AI_DS,3rd Year,5,B,7.26,67.8,0,6,6,70.9,6,5,64.6,58.4,81.9,3.0,67.1,-17.0,7,57.7,Low,4.7,-26.3,0,1,0,0,58.0,64.0,50.9,52.4,57.5,In Progress,0,62.9,50.2,59.8,2,2.4,57.4,Needs Attention
SC-2021-1268,Sanya Reddy,MECH,4th Year,8,B,7.3,72.7,0,6,6,73.0,6,6,72.3,77.6,90.8,4.0,72.4,0.5,13,71.6,Medium,8.8,12.7,3,2,0,2,56.1,73.5,60.1,70.1,69.3,Placed,0,75.1,63.4,64.9,3,3.5,75.1,Positive
SC-2024-1269,Aayush Saxena,CIVIL,1st Year,1,A,6.79,70.7,2,6,6,74.4,6,4,66.9,64.4,67.9,3.0,63.2,-11.4,2,61.1,Low,5.5,-57.0,0,0,0,0,38.8,68.2,56.8,49.2,42.1,In Progress,0,50.4,56.1,53.0,1,2.6,56.2,Needs Attention
SC-2024-1270,Sanya Kumar,ECE,1st Year,1,A,7.52,70.3,1,6,6,70.4,6,5,70.2,73.7,68.5,2.0,76.1,-3.2,14,76.6,Medium,9.7,-0.4,2,2,1,2,58.0,64.5,60.0,65.8,71.6,Ready,0,60.6,72.4,71.8,2,3.4,80.4,Positive
SC-2022-1271,Utkarsh Gupta,AI_DS,3rd Year,5,C,6.45,68.5,1,6,6,69.2,6,5,67.7,56.8,64.0,,78.6,2.3,14,81.3,Medium,15.3,26.2,6,4,5,5,94.4,77.7,80.9,83.3,81.2,Ready,1,83.6,85.2,85.4,7,4.1,81.9,Positive
SC-2022-1272,Kritika Deshmukh,CSE,3rd Year,5,A,9.42,89.3,0,6,6,87.4,6,6,91.2,58.4,,0.0,97.1,-1.2,20,89.4,High,22.5,1.8,9,4,1,3,84.8,91.2,84.8,94.8,93.6,Ready,0,88.1,84.0,84.8,4,4.4,91.9,Positive
SC-2023-1273,Aarav Chopra,IT,2nd Year,3,C,5.97,49.5,6,6,4,54.3,6,2,44.6,88.1,71.6,1.0,51.5,-10.4,5,55.7,Low,5.8,-22.9,1,1,0,0,43.8,53.4,40.5,34.5,35.5,Not Ready,0,34.2,45.0,33.0,1,1.8,53.9,Needs Attention
SC-2022-1274,Varun Menon,CSE,3rd Year,5,C,7.46,73.9,0,6,6,75.8,6,6,72.1,83.9,76.9,2.0,77.9,-2.4,7,72.5,Medium,11.3,8.3,2,1,1,1,71.1,69.0,68.4,72.5,76.1,In Progress,0,61.3,68.7,73.3,1,4.3,73.1,Positive
SC-2022-1275,Nikhil Malhotra,IT,3rd Year,5,A,6.83,70.4,0,6,6,68.8,6,6,72.1,,88.9,,76.6,-3.6,16,79.8,Medium,13.4,14.8,7,2,5,2,93.5,83.7,83.9,75.1,79.6,Ready,0,83.2,83.4,79.6,7,4.4,87.9,Positive
SC-2021-1276,Isha Nair,IT,4th Year,7,B,8.58,88.5,0,6,6,87.6,6,6,89.5,88.7,69.6,0.0,93.9,-1.1,18,93.9,High,21.4,8.9,7,3,3,4,91.7,84.7,89.8,87.9,89.0,Placed,1,82.8,92.6,91.9,7,4.5,86.0,Positive
SC-2022-1277,Gaurav Verma,IT,3rd Year,6,A,8.1,78.4,0,6,6,77.2,6,6,79.6,88.1,86.6,0.0,82.2,1.8,8,79.7,Medium,11.7,-0.1,4,1,0,1,40.9,45.3,38.5,45.8,31.3,Not Ready,0,46.9,52.7,47.6,0,3.9,74.1,Neutral
SC-2023-1278,Rakesh Bose,CIVIL,2nd Year,3,C,8.71,84.2,0,6,6,84.3,6,6,84.2,87.4,62.7,2.0,84.5,-0.1,16,79.4,Medium,13.8,-0.5,2,0,0,0,45.6,52.9,40.2,56.0,49.3,In Progress,0,46.7,53.1,42.6,1,3.4,72.5,Neutral
SC-2024-1279,Isha Iyer,CSE,1st Year,2,B,6.85,75.2,0,6,6,73.8,6,6,76.6,72.6,79.0,2.0,75.0,-3.5,8,75.0,Medium,11.7,-2.1,2,2,0,2,70.3,64.4,72.8,61.9,72.6,Ready,0,62.6,71.9,60.9,1,4.1,68.1,Neutral
SC-2022-1280,Aditi Agarwal,MECH,3rd Year,5,A,6.91,67.7,0,6,6,69.4,6,6,66.0,75.4,77.3,2.0,74.9,0.6,13,71.3,Medium,10.6,-2.9,2,2,1,2,74.5,74.4,64.4,74.1,65.9,In Progress,0,66.6,66.7,62.7,3,3.4,75.4,Positive
SC-2024-1281,Rohan Kapoor,MECH,1st Year,1,A,8.14,76.8,0,6,6,74.8,6,6,78.8,93.3,61.0,0.0,80.8,1.9,15,83.2,Medium,13.1,3.2,2,2,1,2,60.4,73.4,63.0,63.7,64.9,Ready,0,73.8,67.8,68.2,3,4.4,76.8,Positive
SC-2024-1282,Aditya Deshmukh,CSE,1st Year,1,C,7.96,78.1,0,6,6,79.1,6,6,77.1,84.7,59.3,1.0,84.7,1.4,9,80.9,Medium,12.8,-1.5,2,1,1,2,65.1,62.4,66.4,73.2,64.0,Ready,0,63.2,69.3,63.0,2,3.7,74.4,Positive
SC-2022-1283,Divya Pillai,ECE,3rd Year,6,B,7.78,75.0,0,6,6,76.5,6,6,73.5,81.0,74.7,4.0,84.6,3.2,8,87.9,Medium,8.3,8.5,4,2,1,2,69.8,67.0,70.9,70.5,74.7,In Progress,1,70.6,75.1,69.2,1,4.3,75.1,Positive
SC-2023-1284,Nikhil Deshmukh,ECE,2nd Year,3,B,5.41,48.4,3,6,3,52.5,6,2,44.2,61.8,59.5,4.0,47.6,-3.6,3,37.3,Low,3.3,-50.3,1,1,0,0,38.2,53.6,34.3,50.4,49.7,Not Ready,0,48.6,53.5,45.3,0,1.9,47.7,Needs Attention
SC-2023-1285,Aarav Deshmukh,AI_DS,2nd Year,4,C,7.4,75.6,0,6,6,74.3,6,6,76.9,92.0,93.4,2.0,76.1,-3.1,8,78.0,Medium,10.6,-3.4,3,2,0,2,71.1,71.9,61.8,61.1,63.1,In Progress,0,66.0,69.3,73.2,3,4.2,77.0,Positive
SC-2022-1286,Yash Agarwal,ECE,3rd Year,5,C,5.4,51.5,3,6,5,54.3,6,4,48.8,62.2,66.8,3.0,58.3,-5.5,3,38.0,Low,4.9,-51.5,2,0,0,0,25.1,36.4,40.3,36.2,25.3,Not Ready,0,41.2,40.3,39.6,0,2.7,46.1,Needs Attention
SC-2022-1287,Nisha Das,ECE,3rd Year,6,A,6.41,67.6,0,6,6,66.2,6,6,68.9,70.7,73.1,2.0,73.0,-0.6,12,75.9,Medium,12.6,7.6,11,4,3,5,92.6,81.8,87.6,83.0,70.6,Ready,0,83.0,87.6,82.5,7,4.6,76.2,Positive
SC-2021-1288,Nisha Kapoor,CIVIL,4th Year,8,A,6.87,70.0,0,6,6,67.4,6,6,72.6,71.5,67.5,,71.3,3.7,19,73.6,Medium,14.8,5.5,5,3,2,4,93.7,80.3,86.8,82.5,81.4,Ready,0,82.8,76.5,84.6,4,4.1,74.6,Positive
SC-2021-1289,Utkarsh Das,CSE,4th Year,8,B,6.83,69.4,0,6,6,68.4,6,6,70.4,63.1,82.9,2.0,83.4,-1.0,13,72.4,Medium,12.4,-3.3,2,1,0,2,55.4,71.9,67.2,73.8,61.9,Placed,0,75.0,75.7,74.1,2,3.9,65.4,Neutral
SC-2024-1290,Karan Bose,ECE,1st Year,2,B,7.42,83.6,1,6,6,82.7,6,6,84.4,88.5,89.9,0.0,88.7,0.6,15,78.8,Medium,13.9,-1.6,2,1,0,1,49.5,43.7,40.9,40.6,45.7,In Progress,0,43.3,53.0,45.3,1,3.6,63.3,Neutral
SC-2021-1291,Manish Bose,ECE,4th Year,7,B,7.76,70.9,1,6,6,72.9,6,5,68.9,60.6,73.9,,81.7,2.0,14,79.8,Medium,9.9,6.3,4,2,1,1,73.4,66.8,59.3,61.9,60.3,Placed,0,63.6,75.9,62.0,2,3.9,75.6,Positive
SC-2023-1292,Neha Thakur,ECE,2nd Year,4,A,8.81,93.0,0,6,6,91.6,6,6,94.4,57.7,91.6,0.0,97.4,0.5,20,93.7,High,16.1,8.3,6,2,5,5,80.1,86.7,80.7,81.0,99.7,Ready,0,84.6,89.7,89.5,5,4.1,93.1,Positive
SC-2024-1293,Mohit Nair,IT,1st Year,2,A,7.63,75.9,0,6,6,76.8,6,6,75.0,87.3,75.9,0.0,75.7,-3.2,15,80.6,Medium,12.6,-1.7,6,2,1,1,58.4,72.5,74.8,61.4,76.1,Ready,0,62.6,64.6,75.7,2,3.5,81.5,Positive
SC-2024-1294,Riya Das,CSE,1st Year,2,C,5.31,55.4,2,6,5,62.1,6,2,48.6,62.6,93.5,1.0,58.7,-5.8,4,47.9,Low,4.2,-23.4,2,0,0,0,41.7,44.1,35.7,32.5,31.0,Not Ready,0,42.3,48.4,46.6,0,2.7,55.2,Needs Attention
SC-2024-1295,Varun Gupta,CSE,1st Year,1,B,7.22,71.0,1,6,6,71.2,6,5,70.7,61.1,91.1,3.0,70.4,-1.8,17,74.8,Medium,18.0,21.2,9,4,2,2,92.9,82.8,94.0,82.1,80.8,In Progress,0,86.6,88.0,88.0,3,3.8,72.5,Positive
SC-2022-1296,Shreya Kulkarni,CSE,3rd Year,5,A,7.72,72.7,0,6,6,72.0,6,6,73.4,88.7,69.8,0.0,84.6,3.2,9,86.3,Medium,11.5,13.6,6,1,1,2,71.8,70.7,59.1,72.4,70.0,In Progress,1,61.5,69.1,65.0,1,4.1,72.0,Positive
SC-2023-1297,Zoya Menon,CSE,2nd Year,3,A,8.42,78.9,0,6,6,77.8,6,6,80.1,65.4,61.5,2.0,78.3,-2.2,8,78.7,Medium,10.2,-6.7,2,1,0,0,54.9,53.8,40.9,44.8,37.2,In Progress,0,46.5,53.0,48.6,0,3.3,65.2,Neutral
SC-2023-1298,Aditya Pillai,CIVIL,2nd Year,3,A,8.15,81.8,0,6,6,85.9,6,6,77.6,67.9,71.6,1.0,87.0,0.4,12,78.5,Medium,12.2,0.1,3,0,0,0,45.2,49.5,35.6,40.1,46.5,In Progress,0,45.0,46.2,51.4,1,3.6,72.5,Neutral
SC-2024-1299,Pranav Mehta,IT,1st Year,1,A,8.05,80.3,0,6,6,83.0,6,6,77.7,,93.0,4.0,86.6,-0.0,14,87.4,Medium,10.8,-4.1,3,1,0,1,53.6,46.8,53.4,53.8,49.1,In Progress,0,56.4,52.1,48.7,1,4.0,68.4,Neutral
SC-2024-1300,Zoya Yadav,CSE,1st Year,1,A,5.29,53.2,3,6,4,57.5,6,2,48.9,88.3,87.0,,55.2,-12.4,2,41.9,Low,2.4,-45.6,0,1,0,0,27.7,40.1,43.1,48.9,31.2,Not Ready,0,42.5,41.9,41.4,1,2.8,56.0,Needs Attention
SC-2023-1301,Divya Das,CSE,2nd Year,4,C,8.5,90.0,0,6,6,88.8,6,6,91.2,65.4,64.8,4.0,93.0,-0.3,17,97.2,High,17.7,8.5,4,4,5,5,93.7,90.3,80.5,82.8,88.2,Ready,0,86.8,89.2,88.0,5,4.3,93.8,Positive
SC-2024-1302,Siddharth Malhotra,CSE,1st Year,1,A,7.03,74.5,0,6,6,74.9,6,6,74.0,78.6,88.9,3.0,78.4,-0.1,13,77.6,Medium,8.3,0.6,2,2,1,2,69.2,73.5,74.5,61.7,63.6,Ready,0,67.6,74.2,75.7,1,3.6,70.7,Neutral
SC-2023-1303,Siddharth Nair,CSE,2nd Year,3,B,6.35,67.8,1,6,6,68.9,6,5,66.8,93.9,67.3,4.0,74.0,-1.6,10,77.2,Medium,11.4,13.2,5,3,4,4,89.5,77.5,83.7,72.6,86.3,In Progress,0,83.5,75.3,77.5,4,4.4,78.9,Positive
SC-2023-1304,Akhil Patel,CSE,2nd Year,4,C,7.28,67.6,1,6,6,70.1,6,5,65.1,63.6,68.4,1.0,76.2,1.8,15,83.8,Medium,16.0,14.7,5,2,4,2,92.6,74.9,79.9,75.1,75.7,In Progress,0,84.2,82.2,89.7,4,4.5,72.8,Positive
SC-2022-1305,Tarun Verma,ECE,3rd Year,6,A,5.45,56.5,2,6,4,59.9,6,3,53.2,61.1,77.0,1.0,54.0,-2.3,3,37.2,Low,3.0,-26.6,0,0,0,0,43.3,50.3,41.4,41.2,32.6,Not Ready,0,45.1,45.8,41.5,0,2.3,42.4,Needs Attention
SC-2022-1306,Manish Das,CSE,3rd Year,6,A,6.77,67.2,2,6,6,71.7,6,4,62.8,63.7,79.7,1.0,59.1,-11.9,2,48.1,Low,5.3,-40.0,2,1,0,0,45.4,66.5,60.8,49.8,54.9,In Progress,0,65.8,54.0,55.7,2,2.9,62.4,Needs Attention
SC-2024-1307,Aayush Das,IT,1st Year,2,C,7.19,76.2,0,6,6,75.6,6,6,76.9,71.7,65.2,,81.6,1.1,12,79.0,Medium,11.2,-4.4,5,2,1,2,71.5,67.2,73.7,62.7,65.8,Ready,0,69.6,67.3,68.4,1,4.1,66.7,Neutral
SC-2021-1308,Rakesh Bhat,CIVIL,4th Year,8,C,5.2,51.0,6,6,5,57.7,6,1,44.2,72.7,64.7,0.0,42.5,-7.2,6,44.0,Low,4.3,-47.3,0,1,0,0,36.1,53.4,31.9,50.7,47.6,Not Ready,0,39.1,40.9,49.9,0,2.6,45.6,Needs Attention
SC-2023-1309,Pranav Chatterjee,CSE,2nd Year,3,A,7.85,80.4,0,6,6,78.4,6,6,82.4,60.8,89.4,0.0,84.1,-3.4,13,87.2,Medium,13.3,3.4,6,1,1,2,71.6,61.0,71.8,72.4,74.5,In Progress,0,60.7,68.4,76.7,3,4.0,72.3,Positive
SC-2024-1015,Rahul Bose,MECH,3rd Year,5,A,7.17,74.0,0,6,6,75.7,6,6,72.3,81.9,88.6,4.0,84.6,-0.1,10,83.6,Medium,10.1,7.2,4,2,1,2,66.9,72.2,60.5,64.3,64.4,In Progress,0,66.5,66.7,77.0,1,4.0,70.2,Neutral
SC-2024-1311,Rohan Rao,CSE,1st Year,1,A,8.22,78.5,0,6,6,78.4,6,6,78.6,66.1,88.0,2.0,90.2,-0.4,15,85.5,Medium,9.0,-2.5,2,1,0,1,47.6,56.8,47.3,53.7,42.1,In Progress,0,49.7,50.1,52.7,0,3.3,66.9,Neutral
SC-2023-1312,Aayush Chatterjee,ECE,2nd Year,3,B,6.93,67.0,0,6,6,67.1,6,6,67.0,91.2,69.5,1.0,81.5,2.8,18,82.8,Medium,17.8,6.3,8,2,4,3,90.3,78.4,81.9,83.0,80.0,In Progress,0,80.6,83.7,84.8,3,4.5,83.7,Positive
SC-2023-1313,Aniket Deshmukh,IT,2nd Year,3,C,6.59,65.8,1,6,6,69.2,6,4,62.4,75.3,94.2,4.0,57.6,-13.5,3,57.0,Low,4.2,-64.6,1,0,0,0,53.0,61.6,58.9,55.0,52.7,In Progress,0,62.1,63.9,50.5,2,2.9,56.4,Needs Attention
SC-2022-1314,Meera Agarwal,ECE,3rd Year,5,B,4.81,55.5,6,6,4,57.9,6,2,53.2,61.9,83.2,4.0,50.6,-11.0,4,42.9,Low,5.1,-22.1,0,0,0,0,47.9,39.5,39.0,38.4,35.9,Not Ready,0,34.3,41.0,44.2,0,2.3,39.4,Needs Attention
SC-2024-1315,Aditya Bhat,CSE,1st Year,2,B,8.11,71.6,0,6,6,72.4,6,6,70.8,,72.5,1.0,82.2,2.6,12,78.1,Medium,10.6,-0.2,5,1,1,1,74.4,65.7,71.7,74.6,75.3,Ready,0,60.4,73.3,63.8,3,3.7,79.2,Positive
SC-2021-1316,Rakesh Pillai,MECH,4th Year,7,A,7.02,79.7,0,6,6,79.3,6,6,80.0,77.5,70.5,2.0,85.3,3.6,13,82.4,Medium,13.5,2.2,4,2,0,1,56.1,65.5,67.1,66.6,65.7,Placed,1,61.3,77.6,73.2,1,4.3,75.0,Positive
SC-2023-1317,Aditi Kumar,ECE,2nd Year,4,C,7.18,65.8,0,6,6,65.2,6,6,66.5,76.6,70.7,,74.3,-2.4,14,72.3,Medium,16.0,5.5,6,4,5,5,85.9,75.8,78.8,80.5,90.1,In Progress,0,87.2,74.3,83.0,3,4.8,86.0,Positive
SC-2023-1318,Deepika Mishra,CSE,2nd Year,3,A,9.47,87.8,0,6,6,88.0,6,6,87.7,81.6,79.8,4.0,91.4,3.3,16,95.8,High,14.7,16.2,9,3,5,5,93.3,86.4,83.3,89.4,90.8,Ready,0,86.5,82.1,94.0,7,4.7,89.2,Positive
SC-2024-1319,Vikas Bhat,IT,1st Year,1,B,9.62,96.0,0,6,6,95.0,6,6,96.9,75.3,77.6,1.0,88.4,-0.6,20,90.8,High,23.2,19.3,4,2,4,2,92.5,86.0,86.0,91.2,96.1,Ready,0,88.3,85.6,84.9,6,4.6,86.6,Positive
SC-2023-1320,Tanvi Thakur,CSE,2nd Year,4,A,9.78,93.3,0,6,6,93.2,6,6,93.4,,64.7,,89.1,-0.9,26,88.2,High,17.8,10.5,5,3,3,4,92.5,86.9,93.3,84.5,100.0,Ready,0,91.0,85.5,88.6,5,4.7,96.7,Positive
SC-2023-1321,Divya Saxena,CSE,2nd Year,3,C,6.96,70.7,0,6,6,68.2,6,6,73.1,91.5,,4.0,75.0,-2.6,18,84.4,Medium,15.9,23.6,7,3,2,3,80.4,71.3,84.5,78.0,88.5,In Progress,0,88.7,74.5,76.4,3,4.7,72.5,Positive
SC-2023-1322,Karan Patel,CSE,2nd Year,3,B,8.18,74.8,1,6,6,73.3,6,5,76.2,59.2,65.0,2.0,83.3,-4.0,14,78.5,Medium,13.4,-6.8,6,2,0,2,64.9,73.3,67.7,61.9,70.3,In Progress,0,74.5,64.3,71.9,3,3.5,71.9,Neutral
SC-2021-1323,Siddharth Agarwal,CSE,4th Year,8,B,7.73,78.2,1,6,6,76.8,6,5,79.6,75.6,95.9,2.0,82.5,2.4,7,84.3,Medium,13.9,-9.6,2,1,0,2,61.5,69.2,66.2,65.2,72.6,Placed,0,68.1,65.4,71.2,3,3.8,77.7,Positive
SC-2022-1324,Tanvi Yadav,IT,3rd Year,6,A,7.89,77.6,0,6,6,75.7,6,6,79.4,69.2,63.8,4.0,73.8,-2.2,14,84.9,Medium,8.7,7.8,3,2,1,2,63.7,75.7,59.4,73.0,70.1,In Progress,0,76.9,78.0,63.5,3,3.6,65.3,Neutral
SC-2023-1325,Vikas Chopra,MECH,2nd Year,3,A,9.35,92.5,0,6,6,90.9,6,6,94.1,78.8,,1.0,88.7,3.6,16,94.5,High,23.6,10.6,7,3,1,5,84.4,94.4,95.5,93.4,92.0,Ready,0,95.1,80.0,85.5,7,4.7,87.7,Positive
SC-2023-1326,Harsh Yadav,CSE,2nd Year,4,B,9.23,85.5,0,6,6,85.5,6,6,85.6,61.1,86.7,2.0,88.7,3.7,16,98.7,High,15.2,18.5,6,2,4,3,90.1,92.2,78.2,81.8,89.7,Ready,0,90.8,86.6,91.2,5,4.8,92.0,Positive
SC-2022-1327,Akhil Das,IT,3rd Year,6,C,7.04,76.0,0,6,6,77.1,6,6,74.9,78.4,74.5,3.0,73.4,4.0,12,74.3,Medium,13.1,2.4,5,2,0,1,72.3,64.5,70.3,64.1,65.0,In Progress,0,67.6,75.4,77.7,1,3.4,77.1,Positive
SC-2024-1328,Swati Pillai,ECE,1st Year,2,C,6.39,68.5,0,6,6,65.6,6,6,71.4,84.2,67.6,2.0,80.8,-0.6,16,80.2,Medium,10.3,19.9,12,3,6,2,94.1,81.0,88.0,84.4,84.7,In Progress,0,80.4,83.1,76.4,5,3.9,86.7,Positive
SC-2023-1329,Kunal Rao,CSE,2nd Year,3,C,8.79,78.7,0,6,6,83.2,6,6,74.1,70.3,84.9,3.0,85.8,1.3,13,87.6,Medium,12.5,4.5,2,1,0,0,46.7,51.9,49.1,53.1,35.7,In Progress,0,55.3,45.6,53.6,1,3.3,70.0,Neutral
SC-2022-1330,Pooja Sharma,IT,3rd Year,6,C,7.55,73.7,0,6,6,75.4,6,6,72.0,56.1,84.4,1.0,73.3,1.7,13,85.3,Medium,8.9,-1.5,4,2,0,2,57.1,75.3,71.8,73.3,65.9,In Progress,0,61.5,78.0,68.0,1,3.6,67.6,Neutral
SC-2021-1331,Kunal Sharma,ECE,4th Year,7,B,6.49,69.3,1,6,6,67.8,6,5,70.9,94.4,78.3,,80.7,3.8,14,80.0,Medium,17.9,23.5,9,3,4,4,93.5,83.0,83.1,77.7,91.1,Ready,0,92.0,89.8,80.0,7,4.4,73.5,Positive
SC-2024-1332,Karan Thakur,IT,1st Year,2,C,7.97,75.4,0,6,6,75.4,6,6,75.4,81.5,84.5,1.0,78.1,3.6,9,70.4,Medium,10.7,6.3,4,2,0,1,68.6,61.0,70.2,68.5,78.9,Ready,0,73.1,73.4,68.8,3,4.2,67.3,Neutral
SC-2024-1333,Aniket Mehta,CSE,1st Year,1,A,6.91,65.9,1,6,6,66.1,6,5,65.8,65.1,67.9,2.0,72.3,3.8,12,82.2,Medium,10.2,26.4,6,3,2,2,94.2,77.2,93.2,78.2,79.0,In Progress,0,89.7,76.2,81.5,3,4.1,74.8,Positive
SC-2024-1334,Nisha Patel,CSE,1st Year,2,A,8.03,78.0,0,6,6,79.8,6,6,76.3,85.9,88.9,4.0,77.2,-2.7,15,70.2,Medium,10.0,-2.3,6,2,0,1,58.8,69.9,61.1,63.3,66.9,Ready,0,75.7,76.6,70.8,3,3.6,72.5,Positive
SC-2023-1335,Deepika Malhotra,CSE,2nd Year,4,C,8.65,91.0,0,6,6,89.3,6,6,92.7,88.6,77.8,2.0,92.0,1.8,22,99.3,High,23.3,13.7,10,3,1,6,81.0,83.9,80.5,94.4,92.4,Ready,1,82.6,80.8,95.8,6,4.8,96.8,Positive
SC-2021-1336,Zoya Pandey,CSE,4th Year,8,A,7.43,72.0,0,6,6,71.5,6,6,72.5,,,3.0,77.7,-1.0,14,70.4,Medium,8.6,4.0,6,2,1,2,74.8,72.3,71.1,70.5,70.6,Ready,1,65.5,71.4,76.2,3,3.6,70.3,Neutral
SC-2023-1337,Vikas Verma,CSE,2nd Year,3,A,4.96,55.0,3,6,3,60.5,6,1,49.4,79.0,67.8,4.0,51.9,-7.6,5,35.4,Low,6.1,-46.8,2,0,0,0,52.7,35.1,33.3,48.3,44.9,Not Ready,0,53.7,54.7,48.5,1,3.1,44.2,Needs Attention
SC-2021-1338,Nisha Nair,ECE,4th Year,7,B,7.95,72.9,0,6,6,71.3,6,6,74.5,65.5,73.0,1.0,83.4,-0.1,7,81.3,Medium,10.4,7.4,5,1,0,1,67.8,61.8,73.3,67.3,63.7,Ready,1,64.6,72.9,76.8,2,3.7,69.9,Neutral
SC-2023-1339,Yash Chatterjee,CSE,2nd Year,3,B,7.47,72.1,0,6,6,70.7,6,6,73.4,61.1,60.4,1.0,74.6,2.1,8,74.4,Medium,11.7,1.0,3,2,0,1,70.4,71.6,58.7,60.2,63.1,In Progress,0,75.5,66.0,63.2,2,3.6,76.0,Positive
SC-2021-1340,Mohit Iyer,AI_DS,4th Year,7,C,8.14,80.1,0,6,6,75.7,6,6,84.5,55.8,76.1,3.0,78.8,0.4,14,83.8,Medium,8.1,3.5,3,1,0,0,42.9,43.7,39.4,44.9,44.1,Not Ready,0,55.0,56.3,43.9,0,3.8,62.6,Neutral
SC-2024-1341,Rakesh Das,MECH,1st Year,2,B,8.77,81.7,1,6,6,79.7,6,6,83.7,71.2,75.5,3.0,84.4,1.4,11,77.5,Medium,11.8,-5.2,4,1,0,0,47.4,42.3,50.3,40.6,41.5,In Progress,0,53.4,52.7,45.6,1,3.1,72.0,Neutral
SC-2022-1342,Tarun Das,CSE,3rd Year,5,C,6.49,71.8,0,6,6,71.5,6,6,72.0,92.7,,4.0,79.4,-1.1,17,77.3,Medium,16.1,14.4,9,2,5,3,87.1,76.7,85.2,86.5,91.0,Ready,1,85.8,77.2,81.4,4,4.5,87.0,Positive
SC-2022-1343,Meera Thakur,AI_DS,3rd Year,5,B,6.91,73.1,0,6,6,76.7,6,5,69.4,,70.0,3.0,67.1,-16.2,6,55.6,Low,5.5,-63.6,0,0,0,0,37.1,55.1,62.7,45.9,57.1,In Progress,0,55.0,62.4,49.7,1,3.3,53.2,Needs Attention
SC-2023-1344,Pallavi Singh,IT,2nd Year,4,A,6.46,69.0,0,6,6,67.3,6,6,70.8,90.8,94.0,2.0,71.9,0.4,17,79.9,Medium,12.2,24.5,8,2,3,5,81.5,68.6,92.1,79.6,80.5,In Progress,0,90.7,83.4,91.8,5,4.7,81.4,Positive
SC-2024-1345,Rahul Patel,MECH,1st Year,1,A,6.96,78.8,0,6,6,79.5,6,6,78.1,68.5,95.8,0.0,82.0,3.6,8,76.4,Medium,13.9,2.4,6,2,0,2,72.0,63.1,62.8,67.8,78.3,Ready,0,68.8,76.5,60.9,1,4.1,69.5,Neutral
SC-2023-1346,Akhil Kumar,ECE,2nd Year,3,A,8.67,79.8,1,6,6,78.7,6,6,81.0,,87.0,1.0,81.8,-1.1,13,88.7,Medium,13.1,4.5,4,1,0,0,58.9,53.5,45.5,46.8,36.7,In Progress,0,56.6,58.7,43.4,1,3.9,76.3,Neutral
SC-2024-1347,Gaurav Pandey,ECE,1st Year,1,C,7.42,82.2,0,6,6,84.4,6,6,80.0,62.7,84.9,1.0,80.2,0.1,15,85.7,Medium,10.0,2.6,1,0,0,0,44.0,53.9,36.5,39.7,53.8,In Progress,0,42.1,56.7,45.7,0,3.7,68.2,Neutral
SC-2022-1348,Aniket Chatterjee,CSE,3rd Year,5,A,6.48,69.2,0,6,6,64.6,6,6,73.7,,92.3,,76.9,-2.5,11,79.9,Medium,10.6,9.3,10,2,3,5,89.5,77.5,87.6,80.1,76.3,Ready,1,91.5,85.8,84.5,5,4.1,74.6,Positive
SC-2022-1349,Sanya Patel,CSE,3rd Year,5,C,7.88,76.8,0,6,6,76.4,6,6,77.2,60.7,73.9,,85.4,0.6,12,78.1,Medium,12.5,2.0,5,2,1,2,65.9,71.9,61.9,62.6,73.8,In Progress,0,75.8,67.2,74.3,2,3.9,80.3,Positive
SC-2023-1350,Pooja Das,CSE,2nd Year,4,B,9.51,90.8,0,6,6,91.3,6,6,90.3,57.7,76.1,1.0,93.1,-0.5,15,88.2,High,18.7,6.8,7,2,4,5,82.4,93.3,93.4,84.2,87.8,Ready,0,89.0,86.1,93.9,6,5.0,85.8,Positive
SC-2024-1351,Tanvi Malhotra,IT,1st Year,1,B,6.93,69.9,0,6,6,68.3,6,6,71.5,68.2,62.8,4.0,75.1,-3.0,12,77.0,Medium,12.7,13.6,7,3,6,5,80.9,75.2,84.7,75.4,77.2,In Progress,0,83.3,87.9,81.0,6,4.6,80.9,Positive
SC-2024-1352,Karan Saxena,ECE,1st Year,1,A,7.24,71.2,0,6,6,72.6,6,6,69.8,86.3,76.4,4.0,76.5,0.2,14,80.8,Medium,13.3,14.0,4,1,1,2,70.5,72.7,62.7,62.1,77.0,Ready,0,61.1,65.9,71.4,2,3.8,75.6,Positive
SC-2021-1353,Aditya Gupta,CSE,4th Year,7,C,6.08,56.0,4,6,3,61.5,6,4,50.5,66.4,70.3,,59.1,-11.1,2,38.3,Low,2.1,-28.9,1,0,0,0,36.1,51.3,49.8,40.9,31.5,Not Ready,0,35.5,43.9,38.3,1,2.4,39.5,Needs Attention
SC-2021-1354,Pooja Mishra,ECE,4th Year,8,C,8.93,82.7,0,6,6,82.4,6,6,83.0,80.7,63.9,1.0,89.9,-0.5,13,95.7,High,17.2,18.9,4,4,1,3,87.5,94.8,80.5,81.5,87.5,Placed,0,87.0,81.1,86.8,3,4.5,92.1,Positive
SC-2022-1355,Manish Joshi,CSE,3rd Year,5,C,7.14,65.7,0,6,6,66.8,6,6,64.5,61.6,78.4,4.0,79.1,3.6,12,76.5,Medium,12.6,22.4,11,2,6,4,87.4,78.7,89.2,80.8,70.9,Ready,1,82.9,83.3,76.1,3,4.4,77.9,Positive
SC-2022-1356,Ishaan Yadav,MECH,3rd Year,5,B,7.95,78.6,0,6,6,79.4,6,6,77.8,75.4,66.2,2.0,91.5,0.4,14,78.5,Medium,8.7,-1.8,1,0,0,0,55.2,53.8,40.7,50.4,35.4,Not Ready,0,51.5,48.9,49.4,0,3.6,76.2,Neutral
SC-2023-1357,Mohit Das,ECE,2nd Year,4,B,5.57,59.1,6,6,4,61.5,6,2,56.7,,92.1,2.0,44.1,-15.0,1,49.2,Low,5.9,-17.1,0,1,0,0,38.4,50.3,49.1,33.9,31.0,Not Ready,0,46.2,54.4,46.8,1,1.9,44.6,Needs Attention
SC-2021-1358,Kavya Reddy,ECE,4th Year,7,A,6.39,70.2,0,6,6,66.6,6,6,73.8,65.7,94.6,3.0,78.3,-1.8,10,79.9,Medium,13.8,21.8,7,2,2,5,90.2,68.5,86.0,85.3,79.1,Ready,1,88.1,74.7,77.0,5,4.5,83.5,Positive
SC-2021-1359,Aditya Verma,CIVIL,4th Year,7,B,7.31,73.7,1,6,6,72.4,6,5,75.0,73.7,90.7,0.0,79.6,-1.0,12,83.1,Medium,11.2,-2.0,4,2,0,2,62.4,75.7,71.0,62.2,73.5,Placed,1,67.3,77.4,61.6,2,4.3,70.7,Neutral
SC-2022-1360,Aayush Singh,CSE,3rd Year,6,B,8.63,79.8,0,6,6,80.2,6,6,79.5,82.8,85.2,4.0,81.6,-0.2,10,87.6,Medium,12.1,4.6,4,0,0,1,54.6,54.8,45.4,45.1,46.4,Not Ready,0,48.3,53.2,54.0,0,3.2,72.3,Neutral
SC-2024-1361,Tanvi Kumar,AI_DS,1st Year,1,B,7.96,77.5,1,6,6,75.7,6,5,79.3,78.7,95.1,2.0,74.7,-3.9,11,72.2,Medium,9.1,9.4,2,1,1,2,74.0,66.8,64.1,66.0,74.0,Ready,0,65.4,68.2,63.8,2,4.0,80.6,Positive
SC-2022-1362,Rohan Yadav,CSE,3rd Year,6,A,8.93,96.8,0,6,6,95.5,6,6,98.1,,60.6,2.0,87.0,-0.1,14,89.0,High,21.2,17.9,5,3,4,4,83.6,95.7,78.6,84.6,96.7,Ready,1,85.0,85.7,82.1,4,4.6,93.8,Positive
SC-2021-1363,Rohan Malhotra,IT,4th Year,8,A,8.06,76.3,0,6,6,78.2,6,6,74.5,79.2,,3.0,80.4,-0.6,9,87.4,Medium,8.5,2.1,3,1,1,1,70.4,60.7,61.1,65.1,73.7,Placed,0,68.0,73.2,76.4,1,3.6,67.2,Neutral
SC-2022-1364,Nisha Mishra,CSE,3rd Year,6,B,9.01,91.0,0,6,6,91.8,6,6,90.2,60.9,84.7,,87.0,3.3,23,93.7,High,19.1,6.1,6,2,1,3,81.3,83.0,81.5,89.9,93.2,Ready,1,88.7,93.6,91.2,7,4.4,92.3,Positive
SC-2024-1365,Aarav Reddy,CSE,1st Year,2,B,9.69,95.4,0,6,6,94.0,6,6,96.8,85.1,,3.0,88.3,1.1,27,90.6,High,15.7,13.8,12,2,2,3,92.9,82.3,91.7,87.2,99.8,Ready,0,84.3,88.8,87.8,5,4.9,95.8,Positive
SC-2021-1366,Rahul Das,CSE,4th Year,8,C,9.73,89.3,0,6,6,89.1,6,6,89.5,89.2,76.5,4.0,96.5,2.0,19,95.2,High,16.9,19.3,10,4,1,5,81.0,81.4,94.0,82.2,94.6,Placed,1,88.5,91.3,94.8,5,4.8,92.9,Positive
SC-2023-1367,Kritika Bhat,IT,2nd Year,4,C,7.49,74.8,0,6,6,74.4,6,6,75.3,66.8,71.7,2.0,72.9,1.0,11,85.7,Medium,11.6,-4.3,4,1,0,2,74.4,63.1,63.7,70.1,65.6,In Progress,0,70.8,72.7,63.4,3,4.3,67.4,Neutral
SC-2021-1368,Siddharth Pandey,ECE,4th Year,7,A,5.76,58.8,4,6,3,62.6,6,4,54.9,94.3,76.6,,49.8,-5.7,5,45.6,Low,3.5,-44.8,0,1,0,0,28.7,42.9,40.1,39.9,22.0,Not Ready,0,49.9,40.1,41.9,1,2.5,44.7,Needs Attention
SC-2021-1369,Pooja Reddy,ECE,4th Year,8,A,6.34,67.4,0,6,6,64.8,6,6,70.0,63.8,89.4,4.0,73.2,2.3,20,75.2,Medium,10.3,20.2,5,2,2,4,94.7,79.5,82.5,75.9,74.8,Ready,1,90.5,88.8,81.7,4,4.0,80.9,Positive
SC-2023-1370,Harsh Patel,ECE,2nd Year,4,A,9.58,85.5,0,6,6,85.1,6,6,85.9,74.7,77.9,3.0,88.0,-0.5,19,91.4,High,14.0,16.8,10,4,5,5,86.7,83.7,93.3,86.1,91.7,Ready,0,94.4,91.9,92.5,3,4.5,88.5,Positive
SC-2023-1371,Shreya Bhat,ECE,2nd Year,4,C,7.14,69.2,1,6,6,65.8,6,5,72.7,58.6,66.7,2.0,72.5,-1.5,16,72.7,Medium,15.7,25.7,11,4,5,2,90.3,77.0,88.3,73.0,85.7,In Progress,0,80.3,83.1,81.8,3,4.3,83.6,Positive
SC-2023-1372,Harsh Joshi,MECH,2nd Year,3,A,7.06,67.4,0,6,6,69.1,6,6,65.7,61.7,,4.0,77.4,0.4,14,69.3,Medium,17.5,15.4,9,2,5,4,93.1,71.0,84.6,74.7,71.5,In Progress,0,92.2,83.9,85.2,4,4.1,79.5,Positive
SC-2021-1373,Arjun Yadav,CSE,4th Year,7,B,7.57,75.3,0,6,6,76.7,6,6,73.9,57.7,58.0,3.0,85.1,-2.0,7,75.9,Medium,9.0,-3.2,2,1,1,1,58.3,67.5,72.4,63.6,72.2,Ready,1,68.3,69.3,72.8,3,3.6,75.9,Positive
SC-2022-1374,Riya Mishra,ECE,3rd Year,6,B,7.18,62.4,1,6,6,69.7,6,4,55.1,81.0,67.3,,56.6,-19.6,2,57.0,Low,4.5,-53.1,2,1,0,0,44.6,59.5,48.4,53.3,55.0,In Progress,0,53.4,60.4,59.5,2,3.2,61.4,Needs Attention
SC-2022-1375,Shreya Rao,AI_DS,3rd Year,6,B,6.21,53.8,5,6,3,57.0,6,1,50.5,94.7,85.0,0.0,44.9,-6.7,1,41.8,Low,2.2,-36.4,1,1,0,0,27.3,41.2,46.1,43.0,21.2,Not Ready,0,53.6,51.9,33.4,1,2.1,56.2,Needs Attention
SC-2021-1376,Nisha Pillai,CSE,4th Year,8,B,7.1,66.5,0,6,6,65.5,6,6,67.6,56.7,94.2,4.0,74.4,2.4,19,70.1,Medium,13.5,16.2,5,4,6,2,95.0,70.5,91.2,77.3,85.7,Ready,1,88.9,76.3,88.2,4,3.9,78.1,Positive
SC-2023-1377,Gaurav Bose,IT,2nd Year,3,A,6.17,54.7,4,6,5,57.8,6,1,51.6,82.3,87.6,0.0,60.3,-12.8,6,46.4,Low,2.4,-36.6,1,1,0,0,50.5,55.1,33.7,43.2,46.7,Not Ready,0,49.9,41.6,45.3,0,2.7,54.2,Needs Attention
SC-2022-1378,Meera Mehta,CSE,3rd Year,6,C,6.6,64.3,0,6,6,63.1,6,6,65.6,56.2,62.5,3.0,72.7,2.3,13,75.9,Medium,11.2,7.3,10,3,5,5,88.5,72.8,81.9,82.0,90.9,Ready,1,90.8,88.8,76.9,6,4.6,74.5,Positive
SC-2023-1379,Riya Pandey,IT,2nd Year,4,B,7.14,72.4,0,6,6,72.0,6,6,72.8,81.6,64.3,0.0,80.3,2.8,8,71.5,Medium,12.8,-9.8,6,2,1,1,73.7,72.7,69.9,62.3,61.0,In Progress,0,68.5,62.5,65.2,2,4.1,80.6,Positive
SC-2022-1380,Aniket Patel,CIVIL,3rd Year,5,B,9.55,88.7,0,6,6,88.9,6,6,88.5,88.9,66.0,1.0,89.5,3.1,14,98.0,High,16.8,1.6,8,2,5,2,87.4,83.6,83.1,85.9,90.1,Ready,0,88.3,93.3,86.3,6,4.4,97.1,Positive
SC-2023-1381,Ananya Pandey,CSE,2nd Year,3,A,8.61,84.3,0,6,6,83.0,6,6,85.6,93.7,90.8,2.0,94.3,1.7,27,93.2,High,15.2,16.1,12,4,5,4,94.1,83.4,86.5,80.5,87.3,Ready,0,82.9,80.4,93.9,5,4.4,95.6,Positive
SC-2022-1382,Pallavi Bose,CSE,3rd Year,5,B,7.38,77.8,0,6,6,78.5,6,6,77.2,65.9,78.1,4.0,72.6,-2.9,15,80.9,Medium,13.7,12.7,3,2,0,1,67.6,71.4,71.6,65.6,60.1,In Progress,0,74.8,70.0,63.8,2,4.1,79.6,Positive
SC-2022-1383,Mohit Malhotra,CSE,3rd Year,6,A,5.26,54.8,2,6,4,59.1,6,1,50.4,70.9,94.4,2.0,59.6,-2.9,5,48.2,Low,6.2,-21.6,0,1,0,0,32.9,53.7,46.7,48.3,40.1,Not Ready,0,44.8,42.9,32.1,0,1.9,56.9,Needs Attention
SC-2021-1384,Vikas Bose,MECH,4th Year,8,C,6.51,70.0,1,6,6,67.5,6,5,72.6,58.9,69.8,4.0,80.3,3.4,16,77.5,Medium,12.6,17.5,8,2,5,2,84.9,71.9,85.7,73.6,90.5,Ready,1,82.4,78.7,80.1,4,4.7,75.3,Positive
SC-2021-1385,Arjun Kumar,ECE,4th Year,7,B,7.75,70.9,0,6,6,75.6,6,5,66.2,75.9,65.4,2.0,61.5,-10.0,6,54.3,Low,3.5,-38.3,1,0,0,0,43.9,56.4,51.0,58.7,50.9,In Progress,0,54.0,48.3,62.4,1,3.4,50.8,Needs Attention
SC-2021-1386,Utkarsh Yadav,CSE,4th Year,7,C,9.29,94.0,0,6,6,92.8,6,6,95.3,88.7,79.3,,86.8,4.0,19,98.0,High,23.3,19.5,12,3,4,4,89.6,83.2,78.8,86.8,85.1,Placed,1,95.1,89.1,87.8,3,5.0,96.2,Positive
SC-2023-1387,Tanvi Mishra,CSE,2nd Year,3,A,8.84,93.4,0,6,6,93.5,6,6,93.3,79.1,71.8,,96.3,-1.2,21,96.0,High,24.0,17.4,10,2,3,4,92.7,95.7,95.6,85.5,92.5,Ready,1,87.7,80.4,86.0,4,4.7,96.3,Positive
SC-2024-1388,Deepika Singh,MECH,1st Year,1,B,5.3,57.0,6,6,5,63.0,6,1,50.9,69.4,68.0,4.0,53.0,-7.5,6,47.6,Low,6.1,-28.7,0,1,0,0,47.6,35.9,48.2,40.4,39.7,Not Ready,0,37.9,36.0,33.4,0,1.9,46.0,Needs Attention
SC-2022-1389,Kunal Patel,CSE,3rd Year,5,C,7.94,71.4,0,6,6,70.6,6,6,72.3,83.3,81.0,,74.4,3.7,15,74.3,Medium,10.4,7.0,4,1,1,1,56.2,63.4,69.3,62.9,70.6,In Progress,0,67.3,71.5,76.4,2,3.7,75.5,Positive
SC-2022-1390,Aniket Gupta,MECH,3rd Year,5,C,8.75,91.7,0,6,6,92.0,6,6,91.4,81.5,63.5,1.0,89.0,-1.2,14,96.2,High,15.3,5.5,5,4,1,3,90.8,93.3,78.2,81.6,88.1,Ready,1,93.0,92.2,86.6,6,4.4,91.7,Positive
SC-2022-1391,Tarun Joshi,IT,3rd Year,6,A,7.15,71.8,0,6,6,73.6,6,6,70.1,74.2,63.1,3.0,84.4,-3.5,14,79.4,Medium,9.2,-7.2,4,1,1,2,58.5,72.3,66.0,71.4,61.3,In Progress,0,65.5,65.6,63.6,2,4.2,81.4,Positive
SC-2023-1392,Yash Pillai,CSE,2nd Year,3,C,7.76,78.9,0,6,6,77.3,6,6,80.6,85.8,71.0,1.0,89.2,0.7,8,76.1,Medium,13.7,-6.3,3,1,0,0,55.2,52.7,45.6,49.0,50.0,In Progress,0,50.5,46.9,50.0,0,3.1,62.3,Neutral
SC-2021-1393,Nikhil Thakur,CSE,4th Year,7,C,8.96,94.6,0,6,6,93.8,6,6,95.4,94.6,85.3,1.0,92.8,-1.0,27,95.5,High,22.9,8.1,9,3,4,3,88.0,87.9,85.8,88.4,95.3,Ready,1,85.2,92.1,84.9,6,4.5,94.6,Positive
SC-2023-1394,Chirag Verma,IT,2nd Year,3,B,5.83,48.0,5,6,3,53.1,6,2,43.0,64.2,58.0,2.0,43.9,-11.7,5,47.3,Low,4.8,-24.6,0,1,0,0,45.7,46.4,42.5,45.9,20.2,Not Ready,0,50.5,51.3,36.3,1,3.0,37.3,Needs Attention
SC-2021-1395,Yash Saxena,ECE,4th Year,7,C,7.19,76.8,0,6,6,77.9,6,6,75.8,,90.0,0.0,72.6,-2.6,10,73.6,Medium,9.8,-8.5,5,1,0,1,57.4,74.6,61.5,69.4,77.6,Ready,1,62.8,63.0,76.2,2,3.8,67.9,Neutral
SC-2022-1396,Chirag Bose,CSE,3rd Year,6,B,7.02,74.7,1,6,6,74.4,6,5,74.9,83.5,60.0,1.0,85.4,-0.6,14,75.0,Medium,9.6,-4.6,2,1,1,2,62.5,68.6,73.8,73.1,62.3,In Progress,1,76.2,65.7,72.6,1,4.0,71.7,Neutral
SC-2022-1397,Kunal Menon,ECE,3rd Year,5,B,7.54,70.4,0,6,6,71.1,6,6,69.8,89.5,61.2,4.0,73.9,-2.6,13,78.8,Medium,13.0,-6.5,3,1,0,2,56.4,71.5,67.3,71.1,66.4,In Progress,0,65.0,75.6,60.5,1,4.2,78.2,Positive
SC-2021-1398,Suresh Gupta,CSE,4th Year,8,A,9.5,93.3,0,6,6,92.5,6,6,94.1,56.6,59.0,0.0,94.6,3.9,22,92.5,High,15.2,22.9,8,3,3,3,81.3,93.0,88.8,88.6,92.2,Placed,1,83.1,82.5,92.7,7,4.6,85.6,Positive
SC-2022-1399,Kunal Das,AI_DS,3rd Year,5,C,7.17,64.6,2,6,6,69.5,6,4,59.7,79.7,58.6,4.0,56.6,-15.0,4,55.2,Low,7.0,-50.2,0,1,0,0,42.8,57.6,57.8,57.4,51.1,In Progress,0,50.6,55.5,53.3,1,2.7,62.6,Needs Attention
SC-2021-1400,Arjun Verma,IT,4th Year,8,B,6.14,59.7,2,6,5,63.0,6,1,56.4,81.7,69.3,,56.7,-2.5,6,39.1,Low,6.3,-35.1,0,0,0,0,36.3,51.0,39.6,33.3,28.0,Not Ready,0,35.4,36.3,45.9,1,2.8,47.0,Needs Attention
SC-2024-1401,Pallavi Kumar,MECH,1st Year,2,B,8.15,70.5,0,6,6,69.0,6,6,72.0,66.2,79.9,4.0,83.5,-1.7,13,72.8,Medium,13.7,-0.7,4,1,0,2,70.8,71.5,64.3,68.2,63.7,Ready,0,63.5,75.8,73.1,3,3.5,71.4,Neutral
SC-2022-1402,Kunal Mishra,IT,3rd Year,6,B,7.65,75.4,0,6,6,76.1,6,6,74.8,78.7,65.5,3.0,76.1,1.1,11,74.3,Medium,13.5,-4.8,4,1,1,2,72.7,62.0,70.4,72.1,76.1,In Progress,0,72.8,69.3,68.4,1,3.9,75.3,Positive
SC-2022-1403,Karan Verma,ECE,3rd Year,5,C,7.49,70.9,1,6,6,75.6,6,4,66.3,,70.7,3.0,60.1,-14.5,6,62.2,Low,6.1,-36.2,2,0,0,0,35.3,57.8,61.9,62.0,40.6,In Progress,0,51.7,60.5,48.0,1,3.2,56.9,Needs Attention
SC-2021-1404,Neha Kapoor,AI_DS,4th Year,7,B,5.39,59.0,4,6,3,62.6,6,1,55.5,57.9,70.7,0.0,43.4,-13.4,5,49.7,Low,4.6,-50.6,1,0,0,0,31.9,46.1,35.5,32.5,24.2,Not Ready,0,53.9,38.9,48.3,0,3.1,49.0,Needs Attention
SC-2024-1405,Aayush Verma,ECE,1st Year,2,B,6.3,59.0,5,6,4,63.6,6,1,54.4,93.1,67.7,0.0,43.9,-5.3,4,52.9,Low,2.1,-53.3,0,0,0,0,40.6,39.3,36.6,49.7,22.7,Not Ready,0,51.2,35.5,35.1,1,1.9,56.6,Needs Attention
SC-2021-1406,Utkarsh Mishra,AI_DS,4th Year,8,C,7.99,77.8,0,6,6,77.2,6,6,78.4,57.1,75.2,4.0,74.0,-2.3,15,85.0,Medium,9.7,14.1,2,1,1,1,70.9,75.8,71.3,65.1,64.7,Placed,1,73.3,70.5,67.3,1,3.6,71.4,Neutral
SC-2021-1407,Neha Nair,CSE,4th Year,8,C,7.93,77.9,0,6,6,77.1,6,6,78.7,62.0,65.0,1.0,80.7,1.0,13,85.7,Medium,11.9,10.8,6,2,0,2,57.9,72.5,67.8,69.6,71.4,Ready,0,65.3,74.4,76.0,3,4.0,81.6,Positive
SC-2023-1408,Rakesh Saxena,CIVIL,2nd Year,4,C,7.56,79.1,1,6,6,85.7,6,6,72.4,59.7,84.4,2.0,84.2,0.7,12,84.5,Medium,14.0,-4.4,2,1,0,1,53.0,56.4,44.9,49.8,44.0,In Progress,0,42.3,57.1,46.6,0,3.9,77.4,Neutral
SC-2023-1409,Gaurav Das,IT,2nd Year,3,A,9.5,87.6,0,6,6,87.4,6,6,87.7,89.2,64.2,0.0,90.9,-1.1,18,88.2,High,18.8,10.6,6,2,5,4,88.6,95.7,91.5,83.8,87.9,Ready,0,89.6,83.4,93.1,5,4.8,88.5,Positive
SC-2023-1410,Swati Das,CSE,2nd Year,3,B,9.11,84.1,0,6,6,83.1,6,6,85.1,80.5,92.0,4.0,95.8,0.3,12,88.6,High,14.7,13.2,8,2,3,6,81.1,91.8,79.0,86.1,87.7,Ready,0,84.7,88.2,88.2,6,4.6,85.7,Positive
SC-2024-1411,Harsh Verma,MECH,1st Year,2,C,7.58,78.7,0,6,6,78.1,6,6,79.2,91.6,75.8,3.0,79.3,1.4,15,90.7,Medium,13.5,7.7,1,1,0,0,47.9,50.4,45.1,39.2,34.9,In Progress,0,45.2,47.7,57.0,1,3.4,76.9,Neutral
SC-2023-1412,Chirag Patel,ECE,2nd Year,3,A,9.45,85.8,0,6,6,85.3,6,6,86.4,66.0,67.0,2.0,94.0,-0.8,27,94.6,High,23.8,9.4,7,2,4,2,93.4,88.7,83.5,88.9,95.9,Ready,0,90.1,80.7,94.1,5,4.5,97.7,Positive
SC-2021-1413,Riya Deshmukh,IT,4th Year,8,C,7.52,70.2,0,6,6,68.9,6,6,71.6,56.2,86.5,0.0,80.9,3.0,15,84.9,Medium,8.6,-5.2,6,2,0,2,69.7,67.9,70.4,69.1,64.7,Placed,1,75.7,70.6,75.8,3,3.6,76.6,Positive
SC-2023-1414,Suresh Pandey,ECE,2nd Year,4,B,7.0,70.0,0,6,6,70.6,6,6,69.5,92.5,73.4,0.0,80.8,0.1,12,82.6,Medium,10.1,22.6,11,4,3,2,89.9,70.7,81.6,77.6,84.8,In Progress,0,81.2,80.3,90.0,5,3.8,77.4,Positive
SC-2023-1415,Isha Patel,MECH,2nd Year,4,C,7.25,70.2,1,6,6,67.9,6,5,72.5,90.3,85.9,0.0,73.2,-0.6,19,77.2,Medium,16.3,25.0,7,2,2,4,92.0,83.2,89.1,75.7,88.5,In Progress,0,86.1,85.5,87.5,5,4.3,76.7,Positive
SC-2023-1416,Vikas Pillai,CSE,2nd Year,3,B,7.7,72.0,0,6,6,77.0,6,5,67.0,88.4,79.9,0.0,60.1,-17.6,7,48.7,Low,6.7,-46.9,1,0,0,0,59.1,56.0,58.7,61.5,49.9,In Progress,0,58.5,54.2,48.7,2,2.8,60.2,Needs Attention
SC-2024-1417,Vikas Mehta,CSE,1st Year,1,B,6.87,79.2,0,6,6,78.6,6,6,79.9,87.6,82.3,1.0,84.1,2.0,13,76.9,Medium,11.7,7.1,6,1,0,1,58.4,74.4,61.0,71.2,77.0,Ready,0,64.8,64.9,69.4,2,4.0,68.3,Neutral
SC-2023-1418,Aayush Pandey,ECE,2nd Year,4,C,7.75,72.6,2,6,6,77.3,6,4,67.9,63.9,77.2,3.0,57.1,-19.0,7,63.3,Low,3.7,-34.5,2,1,0,0,39.4,69.2,54.6,61.5,43.4,In Progress,0,65.1,51.5,58.5,2,2.8,61.3,Needs Attention
SC-2023-1419,Aditi Kulkarni,AI_DS,2nd Year,4,A,8.25,79.5,1,6,6,83.3,6,6,75.7,73.1,70.5,,81.7,-3.0,12,85.7,Medium,8.7,2.8,1,0,0,1,52.0,44.6,38.8,53.0,38.3,In Progress,0,45.8,56.7,43.4,1,3.2,66.9,Neutral
SC-2022-1420,Kavya Kapoor,IT,3rd Year,5,B,7.43,70.3,0,6,6,68.5,6,6,72.2,77.3,73.3,2.0,75.7,2.8,8,75.1,Medium,12.6,-7.8,4,1,1,2,67.3,75.2,60.1,68.9,69.5,In Progress,0,73.2,64.1,68.6,2,3.8,69.0,Neutral
SC-2022-1421,Ananya Mehta,CSE,3rd Year,6,B,7.16,67.3,0,6,6,66.9,6,6,67.7,69.9,82.6,1.0,74.0,1.9,20,72.8,Medium,15.1,21.9,11,3,4,4,82.7,70.1,93.3,86.6,91.3,Ready,1,86.0,79.3,78.2,3,4.7,72.7,Positive
SC-2021-1422,Pooja Chatterjee,CSE,4th Year,7,B,8.88,82.1,0,6,6,82.5,6,6,81.7,,77.6,1.0,93.6,1.6,17,96.2,High,16.8,7.1,12,4,5,5,85.8,89.9,90.9,82.2,99.4,Placed,1,87.9,92.6,93.0,5,4.6,86.9,Positive
SC-2023-1423,Neha Gupta,CSE,2nd Year,3,C,6.99,70.0,0,6,6,69.5,6,6,70.4,74.2,86.4,2.0,84.3,1.2,11,81.2,Medium,8.4,8.5,2,1,1,2,64.8,63.3,67.4,65.2,70.7,In Progress,0,73.8,68.5,72.7,3,3.9,78.4,Positive
SC-2021-1424,Rohan Kumar,CSE,4th Year,7,C,7.12,68.8,1,6,6,69.4,6,5,68.2,77.7,86.2,0.0,77.9,-2.1,11,74.7,Medium,14.4,9.2,12,2,5,3,80.9,79.0,81.2,84.6,86.0,Ready,1,89.2,89.5,91.3,3,4.1,74.8,Positive
SC-2022-1425,Kunal Shenoy,ECE,3rd Year,6,C,8.0,70.6,1,6,6,70.4,6,5,70.8,78.3,,3.0,76.3,-0.7,14,83.0,Medium,10.8,8.6,5,1,0,2,60.8,75.1,67.7,63.9,65.1,In Progress,1,73.9,71.8,73.1,1,4.3,75.3,Positive
SC-2022-1426,Kunal Agarwal,CSE,3rd Year,5,B,9.39,92.8,0,6,6,93.4,6,6,92.2,69.0,86.1,2.0,97.4,3.7,28,90.9,High,15.5,20.3,5,2,3,5,90.9,91.6,79.0,82.8,85.6,Ready,1,88.8,91.4,91.6,6,4.5,91.6,Positive
SC-2021-1427,Priya Singh,CSE,4th Year,7,A,6.52,65.5,1,6,6,70.4,6,4,60.5,66.1,77.4,,56.1,-13.1,6,51.4,Low,4.8,-51.1,0,0,0,0,56.8,63.6,63.8,46.6,55.6,In Progress,0,60.3,50.7,62.7,2,3.0,49.6,Needs Attention
SC-2024-1428,Aarav Pandey,CSE,1st Year,2,C,7.63,73.8,0,6,6,75.3,6,6,72.2,68.7,78.1,1.0,77.6,1.1,9,72.1,Medium,8.9,11.7,5,2,1,1,56.1,69.7,70.7,61.3,62.3,Ready,0,67.2,64.1,63.3,1,4.0,65.5,Neutral
SC-2023-1429,Rakesh Thakur,CSE,2nd Year,3,B,5.41,47.9,3,6,5,52.2,6,2,43.6,88.6,84.6,2.0,59.5,-4.5,5,37.4,Low,5.4,-43.7,0,0,0,0,33.5,51.6,43.0,44.5,24.2,Not Ready,0,39.4,35.2,45.3,0,2.0,41.6,Needs Attention
SC-2024-1430,Arjun Malhotra,IT,1st Year,1,C,7.62,76.2,0,6,6,77.3,6,6,75.1,77.3,64.3,3.0,78.4,-2.9,10,77.6,Medium,10.2,-1.8,4,2,1,1,59.2,60.4,74.0,73.3,75.6,Ready,0,60.5,77.8,76.7,2,3.5,75.4,Positive
SC-2023-1431,Bhavna Bose,MECH,2nd Year,3,A,6.98,76.2,0,6,6,74.4,6,6,78.0,,83.7,2.0,73.5,-1.4,9,84.9,Medium,12.1,6.1,3,2,0,1,56.2,60.3,64.2,73.6,79.1,In Progress,0,70.2,74.3,68.1,2,4.3,70.2,Neutral
SC-2023-1432,Isha Joshi,IT,2nd Year,4,B,8.05,77.2,0,6,6,75.3,6,6,79.2,,95.0,3.0,88.8,1.0,16,77.1,Medium,9.2,4.9,4,0,0,0,49.0,46.4,52.9,46.8,40.6,In Progress,0,42.7,44.2,43.6,1,3.4,64.4,Neutral
SC-2022-1433,Utkarsh Verma,ECE,3rd Year,5,A,9.05,84.5,0,6,6,85.2,6,6,83.7,68.4,88.5,4.0,86.6,3.3,23,99.6,High,23.5,12.3,7,3,2,2,90.6,80.4,88.2,82.7,93.0,Ready,1,87.0,86.0,88.0,5,4.5,87.7,Positive
SC-2024-1434,Shreya Menon,CSE,1st Year,2,A,7.51,81.5,0,6,6,80.3,6,6,82.8,76.8,60.6,2.0,87.8,-0.6,8,76.0,Medium,9.6,-1.4,1,1,0,1,52.5,42.4,36.3,40.1,41.2,In Progress,0,49.8,51.5,56.6,0,3.0,72.5,Neutral
SC-2021-1435,Pooja Joshi,CIVIL,4th Year,7,B,7.29,62.5,2,6,6,68.4,6,4,56.5,74.4,76.4,1.0,63.4,-12.8,5,63.6,Low,4.6,-40.8,1,0,0,0,51.2,58.0,58.0,56.6,56.3,In Progress,0,56.1,56.9,51.3,2,3.3,64.2,Needs Attention
SC-2023-1436,Isha Yadav,ECE,2nd Year,4,C,5.9,54.2,6,6,5,59.1,6,3,49.3,81.4,82.0,2.0,60.2,-2.1,4,53.6,Low,2.3,-22.1,1,0,0,0,51.5,52.8,49.0,34.8,26.4,Not Ready,0,33.1,44.2,50.1,0,1.9,44.4,Needs Attention
SC-2023-1437,Vikas Malhotra,IT,2nd Year,3,A,9.66,83.6,0,6,6,83.2,6,6,83.9,72.5,,0.0,86.3,3.1,28,95.5,High,23.6,23.2,12,2,1,6,93.9,94.3,83.5,82.1,96.4,Ready,0,94.3,85.0,89.2,4,4.6,90.7,Positive
SC-2024-1438,Akhil Bose,CSE,1st Year,2,A,6.15,50.5,5,6,5,53.0,6,4,48.1,,85.1,0.0,55.0,-13.9,2,46.8,Low,4.2,-22.3,1,0,0,0,43.0,43.9,47.9,35.0,41.8,Not Ready,0,40.6,53.9,45.4,1,2.7,36.2,Needs Attention
SC-2022-1439,Priya Bose,MECH,3rd Year,5,B,7.2,74.1,1,6,6,74.7,6,5,73.4,72.8,70.8,1.0,77.3,-3.1,14,80.5,Medium,13.2,6.5,5,1,1,1,72.7,74.8,69.9,64.2,72.2,In Progress,0,64.5,66.2,71.0,1,3.7,73.7,Positive
SC-2024-1440,Priya Pandey,CSE,1st Year,1,A,7.5,80.6,1,6,6,79.5,6,5,81.7,94.8,83.1,1.0,75.7,-0.8,15,74.1,Medium,8.2,0.9,4,2,1,1,74.8,72.0,65.6,68.6,68.5,Ready,0,71.2,63.0,65.4,1,4.4,66.9,Neutral
SC-2022-1441,Kavya Saxena,CSE,3rd Year,5,B,7.81,74.0,0,6,6,72.1,6,6,75.9,84.6,93.4,,72.6,-2.0,15,79.2,Medium,10.4,9.5,2,1,1,2,70.0,67.9,62.5,69.2,68.6,In Progress,1,75.7,73.2,64.9,3,3.8,79.4,Positive
SC-2024-1442,Suresh Rao,CSE,1st Year,1,C,6.45,64.9,0,6,6,62.8,6,6,67.0,58.6,67.9,0.0,76.2,4.0,13,82.3,Medium,15.0,26.1,11,3,6,5,89.2,76.6,90.9,76.0,91.5,In Progress,0,85.5,83.9,83.0,7,4.2,77.0,Positive
SC-2024-1443,Rakesh Kumar,MECH,1st Year,1,A,9.38,88.4,0,6,6,87.3,6,6,89.5,67.0,78.2,1.0,90.2,-1.1,14,93.1,High,21.3,5.7,12,4,4,3,86.3,84.0,95.6,89.7,86.5,Ready,0,86.6,88.4,87.3,3,4.0,92.7,Positive
SC-2024-1444,Rohan Das,IT,1st Year,2,B,8.47,92.8,0,6,6,93.0,6,6,92.6,60.2,87.3,2.0,86.2,2.8,21,91.8,High,22.7,12.3,11,3,5,2,88.6,92.5,83.6,84.8,88.3,Ready,1,93.3,80.4,83.8,5,4.3,90.3,Positive
SC-2024-1445,Riya Kulkarni,CSE,1st Year,2,A,9.37,91.0,0,6,6,91.5,6,6,90.5,80.6,58.2,4.0,88.2,-0.5,21,90.2,High,21.6,11.3,11,4,4,4,86.0,92.2,89.0,85.9,86.6,Ready,0,91.9,81.4,87.2,7,4.8,88.3,Positive
SC-2021-1446,Sneha Pandey,MECH,4th Year,7,A,9.62,85.2,0,6,6,84.4,6,6,86.0,73.4,89.1,2.0,97.3,0.9,12,99.2,High,16.7,3.4,10,3,2,5,81.1,91.7,94.6,80.8,92.9,Ready,1,88.7,83.2,86.8,7,4.7,96.3,Positive
SC-2023-1447,Tarun Mishra,CIVIL,2nd Year,4,B,6.87,71.7,0,6,6,71.1,6,6,72.3,64.7,82.4,3.0,76.0,-0.3,9,85.7,Medium,13.1,-8.1,3,1,0,2,60.7,68.6,71.0,71.0,69.8,In Progress,0,76.9,73.7,77.7,2,3.8,78.2,Positive
SC-2024-1448,Ishaan Chatterjee,IT,1st Year,2,B,9.4,90.4,0,6,6,91.2,6,6,89.6,86.5,77.6,3.0,96.2,1.8,24,99.5,High,22.3,6.4,7,2,4,6,94.9,95.7,83.8,88.2,97.4,Ready,0,94.5,84.6,85.2,5,4.0,96.2,Positive
SC-2021-1449,Utkarsh Nair,CSE,4th Year,7,B,6.55,69.2,1,6,6,71.6,6,5,66.9,81.4,85.9,4.0,75.1,2.6,13,81.9,Medium,17.0,20.8,12,4,6,3,86.8,80.5,79.7,82.3,84.3,Ready,1,90.2,79.1,86.3,3,3.9,79.3,Positive
SC-2022-1085,Gaurav Shenoy,CSE,1st Year,1,C,7.41,61.8,1,6,6,69.0,6,4,54.6,94.4,77.0,1.0,63.9,-17.0,3,45.7,Low,3.4,-35.8,2,1,0,0,52.8,57.6,50.2,48.5,51.1,In Progress,0,53.6,55.2,55.4,1,2.9,49.8,Needs Attention
SC-2024-1451,Zoya Gupta,CSE,1st Year,1,A,6.97,67.1,0,6,6,68.2,6,6,66.0,92.7,86.7,2.0,84.4,-3.9,15,76.9,Medium,10.6,-7.1,2,2,1,1,55.2,61.3,63.0,65.6,75.9,Ready,0,65.2,76.7,64.2,3,3.7,70.4,Neutral
SC-2022-1452,Yash Kulkarni,CSE,3rd Year,6,B,8.61,83.2,0,6,6,84.0,6,6,82.3,,92.8,0.0,78.5,-2.0,8,82.8,Medium,12.5,6.7,1,1,0,1,58.9,57.2,46.2,45.9,31.9,Not Ready,0,42.3,55.0,49.0,1,3.4,63.5,Neutral
SC-2021-1453,Pallavi Kapoor,ECE,4th Year,8,C,7.25,77.1,0,6,6,75.4,6,6,78.8,77.6,95.8,3.0,80.3,2.2,14,70.8,Medium,11.7,-0.8,6,1,1,2,66.0,64.7,60.4,68.0,71.3,Placed,0,70.9,74.6,69.5,3,3.8,74.4,Positive
SC-2023-1454,Arjun Chopra,MECH,2nd Year,4,B,7.43,76.4,0,6,6,74.8,6,6,78.0,93.9,76.5,0.0,72.3,0.8,9,70.4,Medium,8.5,0.8,4,2,0,2,55.3,75.6,67.4,60.1,78.9,In Progress,0,76.2,67.9,62.5,1,4.2,71.1,Neutral
SC-2023-1455,Divya Deshmukh,CSE,2nd Year,4,A,7.2,69.1,2,6,6,73.5,6,4,64.7,69.9,59.7,4.0,62.9,-12.9,3,53.7,Low,3.7,-59.4,1,1,0,0,47.8,56.1,48.9,57.0,59.9,In Progress,0,64.1,59.5,52.6,1,2.3,57.4,Needs Attention
SC-2023-1456,Zoya Kumar,IT,2nd Year,4,C,9.2,94.2,0,6,6,95.1,6,6,93.4,64.6,73.9,4.0,93.6,-0.3,22,92.9,High,23.5,11.5,7,2,3,5,94.9,88.0,94.6,89.2,98.3,Ready,1,85.9,80.8,88.8,7,4.2,94.0,Positive
SC-2023-1457,Rahul Sharma,IT,2nd Year,3,C,7.7,69.4,0,6,6,69.1,6,6,69.7,78.7,58.2,0.0,85.6,0.9,14,85.9,Medium,8.7,10.4,2,2,0,2,56.6,74.1,70.6,63.4,76.3,In Progress,0,74.3,62.9,70.3,1,3.4,72.9,Positive
SC-2023-1458,Zoya Malhotra,IT,2nd Year,4,C,7.0,73.9,1,6,6,74.3,6,5,73.6,61.1,83.2,1.0,79.8,-2.3,13,76.2,Medium,11.6,-3.0,5,1,1,1,74.2,72.7,66.7,62.1,69.5,In Progress,0,74.5,75.0,61.5,3,4.2,65.6,Neutral
SC-2021-1459,Mohit Chopra,CSE,4th Year,8,A,8.99,84.4,0,6,6,82.8,6,6,86.0,72.8,59.9,4.0,97.7,0.9,25,93.4,High,19.9,5.5,8,3,5,6,82.9,84.9,81.2,92.0,90.7,Placed,1,95.6,84.2,94.8,7,4.0,89.3,Positive
SC-2024-1460,Bhavna Chopra,MECH,1st Year,2,C,8.55,78.4,0,6,6,80.5,6,6,76.3,82.5,82.1,4.0,88.7,-2.5,15,85.7,Medium,9.9,-7.6,1,0,0,0,59.0,57.9,43.8,47.1,39.7,In Progress,0,51.6,55.0,44.3,1,3.7,69.1,Neutral
SC-2023-1461,Meera Saxena,CIVIL,2nd Year,3,C,7.59,83.5,1,6,6,84.8,6,6,82.2,72.5,,0.0,90.6,-1.2,8,75.2,Medium,13.2,4.2,1,0,0,1,42.2,45.4,48.7,41.3,52.0,In Progress,0,57.5,54.5,53.0,1,3.4,76.2,Neutral
SC-2022-1462,Pallavi Gupta,CIVIL,3rd Year,5,C,7.84,77.3,0,6,6,75.7,6,6,79.0,91.4,95.6,4.0,81.3,2.6,7,70.2,Medium,10.4,13.9,6,1,1,1,59.1,74.4,60.0,64.2,62.5,In Progress,0,63.9,62.7,71.0,2,3.5,74.2,Positive
SC-2024-1463,Isha Mishra,ECE,1st Year,2,C,7.24,63.5,0,6,6,68.5,6,5,58.6,60.0,66.3,2.0,55.4,-15.1,5,56.4,Low,5.3,-39.2,1,1,0,0,58.6,68.6,57.3,46.3,47.7,In Progress,0,57.0,52.2,60.0,1,3.4,56.5,Needs Attention
SC-2022-1464,Aarav Das,CSE,3rd Year,6,B,7.86,76.2,0,6,6,75.9,6,6,76.5,,79.7,3.0,78.2,-0.5,14,80.3,Medium,8.8,-1.7,3,0,0,1,50.7,44.9,36.2,41.4,53.7,Not Ready,0,53.2,46.4,54.6,1,3.3,63.5,Neutral
SC-2024-1465,Akhil Chopra,IT,1st Year,1,A,6.82,68.7,0,6,6,69.1,6,6,68.2,55.3,75.4,1.0,75.1,-2.9,7,75.1,Medium,12.1,13.9,5,2,1,2,72.1,73.8,59.5,68.9,71.9,Ready,0,67.6,64.7,60.8,1,3.8,78.7,Positive
SC-2021-1466,Siddharth Iyer,CSE,4th Year,8,A,8.53,86.3,0,6,6,86.8,6,6,85.8,90.2,75.6,1.0,94.6,1.5,17,90.3,High,21.0,4.2,6,2,3,6,91.8,88.4,94.4,90.8,95.3,Placed,1,92.8,87.0,85.0,5,4.3,92.2,Positive
SC-2023-1467,Chirag Das,AI_DS,2nd Year,3,B,7.55,76.5,1,6,6,78.3,6,5,74.8,88.5,83.2,2.0,85.7,0.9,9,79.2,Medium,11.5,12.5,6,2,1,2,72.3,70.5,74.9,62.1,74.4,In Progress,0,68.6,62.0,63.2,1,4.0,74.1,Positive
SC-2023-1468,Meera Deshmukh,CSE,2nd Year,3,A,8.99,95.4,0,6,6,95.3,6,6,95.5,,63.0,,93.2,-0.4,12,96.1,High,21.4,18.4,6,2,2,2,84.2,91.4,80.7,92.8,87.0,Ready,0,87.0,93.0,91.7,3,4.2,94.3,Positive
SC-2021-1469,Ishaan Sharma,CSE,4th Year,8,B,8.04,79.0,1,6,6,84.8,6,6,73.2,87.8,,1.0,85.5,-2.3,9,86.6,Medium,11.9,7.9,1,1,0,0,49.4,48.0,46.6,53.5,34.0,Not Ready,0,54.0,52.5,43.9,0,3.3,75.5,Neutral
SC-2022-1470,Bhavna Malhotra,CSE,3rd Year,6,A,9.1,87.8,0,6,6,87.1,6,6,88.4,67.2,85.3,2.0,90.4,3.1,24,93.5,High,21.5,22.3,10,2,4,3,81.3,88.2,85.1,85.4,89.5,Ready,1,92.7,83.6,91.2,6,5.0,90.1,Positive
SC-2022-1471,Rohan Singh,CSE,3rd Year,5,B,8.59,93.7,0,6,6,94.3,6,6,93.0,80.6,92.5,4.0,89.5,-0.7,18,97.4,High,20.7,23.0,9,4,5,4,84.0,82.4,90.2,92.8,94.5,Ready,1,89.5,86.9,95.8,7,4.1,93.1,Positive
SC-2021-1472,Karan Gupta,IT,4th Year,8,B,7.77,70.6,0,6,6,76.9,6,5,64.2,82.0,88.3,2.0,59.7,-17.2,3,50.2,Low,3.8,-32.4,2,0,0,0,36.9,65.6,54.2,56.4,50.0,In Progress,0,50.4,63.7,50.8,2,3.1,54.6,Needs Attention
SC-2024-1473,Nisha Mehta,CSE,1st Year,1,B,7.59,74.4,0,6,6,72.7,6,6,76.1,86.5,72.5,3.0,80.3,0.0,8,77.8,Medium,13.4,-6.8,3,2,1,2,55.4,71.2,58.1,65.0,76.8,Ready,0,71.1,77.0,69.1,2,3.6,71.8,Neutral
SC-2021-1474,Siddharth Chatterjee,CSE,4th Year,8,C,5.74,47.5,2,6,4,54.2,6,1,40.9,55.7,84.1,4.0,47.7,-2.0,3,50.0,Low,4.6,-45.1,0,1,0,0,49.5,41.3,35.0,38.2,41.6,Not Ready,0,33.2,46.3,36.4,1,2.1,57.1,Needs Attention
SC-2022-1475,Harsh Kumar,CIVIL,3rd Year,6,A,8.08,70.1,1,6,6,71.4,6,5,68.7,84.7,92.4,1.0,77.1,3.8,11,83.3,Medium,9.1,12.2,6,2,1,2,71.9,70.4,69.5,60.7,69.9,In Progress,1,62.9,72.4,74.7,1,4.1,72.0,Positive
SC-2022-1476,Pooja Bose,IT,3rd Year,6,A,6.86,71.2,0,6,6,74.5,6,5,68.0,62.8,81.0,4.0,64.9,-11.6,3,61.3,Low,6.7,-62.5,1,1,0,0,51.2,64.9,48.8,45.4,43.0,In Progress,0,63.7,50.9,48.3,2,2.4,55.9,Needs Attention
SC-2021-1477,Kavya Yadav,CSE,4th Year,7,A,7.08,71.9,0,6,6,72.5,6,6,71.3,79.1,68.9,1.0,81.9,0.1,13,73.2,Medium,12.3,5.0,3,2,0,2,57.6,66.0,68.5,72.4,77.2,Placed,1,62.7,64.4,72.5,2,3.6,75.5,Positive
SC-2023-1478,Karan Kumar,ECE,2nd Year,4,C,7.29,71.9,0,6,6,73.6,6,6,70.3,58.6,83.3,3.0,72.7,3.8,7,79.2,Medium,10.3,2.4,2,1,0,2,55.8,60.2,60.1,65.9,67.1,In Progress,0,75.2,75.2,70.0,3,4.1,75.7,Positive
SC-2024-1479,Manish Yadav,ECE,1st Year,2,B,7.86,71.6,0,6,6,69.7,6,6,73.5,70.1,81.5,1.0,85.5,3.9,9,72.5,Medium,9.0,7.8,2,1,1,2,74.9,65.5,74.8,72.9,71.3,Ready,0,72.9,72.6,72.3,1,3.6,81.3,Positive
SC-2022-1480,Ananya Shenoy,CSE,3rd Year,6,A,8.6,78.0,0,6,6,80.4,6,6,75.5,73.9,60.4,3.0,87.6,-0.5,9,89.1,Medium,8.0,2.7,2,1,0,0,53.1,47.2,35.3,49.9,35.5,Not Ready,0,48.2,50.4,42.9,1,3.7,65.7,Neutral
SC-2022-1481,Pooja Rao,CSE,3rd Year,5,A,9.0,91.3,0,6,6,92.1,6,6,90.5,74.8,83.1,0.0,92.8,3.6,22,92.0,High,16.7,14.2,5,4,4,6,94.8,89.5,86.1,87.4,97.1,Ready,1,93.4,80.3,84.4,4,4.7,85.9,Positive
SC-2023-1482,Siddharth Mishra,CSE,2nd Year,4,A,6.9,73.8,0,6,6,73.9,6,6,73.8,85.8,65.2,4.0,73.1,0.8,9,72.4,Medium,11.9,6.9,2,2,1,2,68.0,66.7,62.0,69.6,64.2,In Progress,0,71.4,71.1,76.5,3,3.7,67.0,Neutral
SC-2023-1483,Deepika Kumar,CSE,2nd Year,3,B,7.59,68.0,1,6,6,72.9,6,4,63.1,58.6,72.7,0.0,67.9,-13.2,5,61.0,Low,4.1,-64.7,0,0,0,0,38.5,69.5,55.9,50.2,50.9,In Progress,0,62.2,55.9,51.4,2,2.9,63.7,Needs Attention
SC-2023-1484,Pranav Verma,MECH,2nd Year,4,B,5.92,45.6,5,6,3,52.5,6,4,38.7,82.0,66.9,,53.3,-7.0,4,45.2,Low,2.5,-29.6,2,1,0,0,29.1,49.6,32.9,36.1,40.8,Not Ready,0,45.1,49.4,35.6,1,2.0,47.2,Needs Attention
SC-2023-1485,Neha Menon,IT,2nd Year,4,B,8.32,76.9,0,6,6,77.6,6,6,76.3,71.4,,4.0,81.7,1.5,12,87.7,Medium,9.8,-3.9,1,1,0,0,47.9,56.8,46.2,51.6,36.1,In Progress,0,53.3,57.7,46.4,1,3.3,71.2,Neutral
SC-2021-1486,Divya Bhat,IT,4th Year,7,A,8.62,97.5,0,6,6,95.5,6,6,99.5,88.9,60.4,1.0,95.1,1.0,13,96.3,High,15.2,12.0,4,3,3,4,93.5,88.3,81.5,89.5,96.8,Placed,1,90.2,92.0,83.8,4,4.0,88.9,Positive
SC-2024-1487,Divya Yadav,MECH,1st Year,1,B,7.16,68.7,1,6,6,69.1,6,5,68.3,,91.8,3.0,74.0,-1.3,20,82.3,Medium,17.7,17.8,11,2,6,3,94.2,72.2,83.8,76.8,75.7,In Progress,0,84.6,80.2,77.4,4,4.7,80.8,Positive
SC-2023-1488,Kunal Gupta,CSE,2nd Year,4,B,8.97,90.2,0,6,6,91.2,6,6,89.3,81.5,91.8,,88.8,1.0,25,94.1,High,20.9,20.0,10,4,1,2,88.3,94.4,95.1,84.7,95.6,Ready,0,94.0,85.3,90.2,3,4.2,95.5,Positive
SC-2024-1489,Pooja Verma,IT,1st Year,1,A,5.06,59.3,6,6,5,63.3,6,4,55.4,65.1,60.6,3.0,45.6,-5.2,6,55.1,Low,6.2,-48.6,0,0,0,0,40.6,38.2,45.5,32.2,20.5,Not Ready,0,39.3,46.5,34.2,0,3.0,40.3,Needs Attention
SC-2022-1490,Sneha Bhat,ECE,3rd Year,5,A,7.19,68.8,0,6,6,70.5,6,6,67.1,60.3,,3.0,84.6,3.3,15,83.9,Medium,12.9,-5.7,2,1,1,1,55.9,68.6,65.8,74.2,76.0,In Progress,1,74.3,76.7,60.3,2,4.1,81.3,Positive
SC-2022-1491,Mohit Bose,ECE,3rd Year,5,C,7.69,71.0,0,6,6,71.9,6,6,70.0,83.5,85.5,1.0,73.5,2.3,9,86.7,Medium,8.3,-1.0,6,1,1,1,70.8,67.5,60.5,67.6,78.6,In Progress,0,65.7,62.6,77.2,3,3.7,71.7,Neutral
SC-2024-1492,Nisha Gupta,CSE,1st Year,2,A,6.38,66.1,0,6,6,63.2,6,6,69.0,62.1,91.7,3.0,76.2,-2.1,15,84.7,Medium,14.4,23.6,5,4,2,5,92.8,81.8,85.8,83.1,87.6,In Progress,0,93.1,83.6,81.6,7,4.8,81.9,Positive
SC-2023-1493,Isha Kumar,MECH,2nd Year,4,A,9.18,83.5,0,6,6,84.5,6,6,82.6,79.0,58.4,1.0,96.3,-0.7,15,92.5,High,17.8,8.0,8,4,4,3,93.6,91.8,78.0,88.1,87.9,Ready,1,86.1,86.2,94.7,3,4.3,95.9,Positive
SC-2023-1494,Kritika Das,IT,2nd Year,3,C,9.03,86.7,0,6,6,85.6,6,6,87.8,81.2,93.2,2.0,88.2,0.8,18,89.9,High,22.8,18.5,10,2,3,3,86.8,88.0,83.7,82.6,98.7,Ready,0,82.2,81.1,87.6,7,4.1,95.5,Positive
SC-2021-1495,Sahil Gupta,CSE,4th Year,8,C,9.38,87.9,0,6,6,87.6,6,6,88.2,76.4,84.8,0.0,91.6,2.5,16,95.7,High,15.7,15.6,8,4,2,2,86.5,81.2,89.9,89.4,85.4,Placed,1,84.7,90.1,85.1,7,4.8,85.5,Positive
SC-2022-1496,Gaurav Reddy,MECH,3rd Year,6,C,9.33,95.6,0,6,6,94.4,6,6,96.7,74.9,76.3,4.0,92.5,3.3,25,94.4,High,23.9,7.4,4,2,5,2,88.0,84.2,87.7,85.8,99.8,Ready,1,93.7,89.4,82.6,6,4.2,97.1,Positive
SC-2022-1497,Riya Thakur,CSE,3rd Year,6,A,7.81,74.5,0,6,6,75.3,6,6,73.8,88.0,81.2,2.0,91.0,1.0,10,76.3,Medium,9.1,-3.1,1,0,0,1,43.3,46.0,39.1,55.5,37.0,Not Ready,0,49.8,52.2,56.1,0,3.1,75.8,Neutral
SC-2024-1498,Utkarsh Saxena,ECE,1st Year,1,A,7.64,65.4,1,6,6,72.1,6,4,58.7,82.6,90.0,4.0,64.7,-11.5,2,45.1,Low,6.7,-35.1,2,1,0,0,39.8,60.9,62.8,45.1,52.6,In Progress,0,55.2,50.9,50.4,1,2.9,48.0,Needs Attention
SC-2024-1499,Ananya Verma,AI_DS,1st Year,2,B,7.86,77.0,0,6,6,78.3,6,6,75.7,77.1,62.1,1.0,79.8,3.1,15,81.0,Medium,10.3,9.7,3,1,1,2,73.0,61.3,63.7,61.7,72.6,Ready,0,69.8,75.0,74.9,2,3.6,72.7,Positive
SC-2023-1500,Utkarsh Malhotra,AI_DS,2nd Year,3,A,9.34,95.1,0,6,6,93.9,6,6,96.3,64.9,,4.0,88.7,3.4,26,96.8,High,21.3,1.6,11,3,1,5,94.3,87.7,84.9,89.8,91.3,Ready,0,87.2,88.1,82.1,7,4.5,96.1,Positive
SC-2022-1501,Sahil Reddy,CSE,3rd Year,6,C,7.15,68.0,1,6,6,64.5,6,5,71.6,79.1,81.9,,74.2,-0.0,20,68.3,Medium,15.7,21.8,11,3,4,5,88.0,80.2,87.8,77.7,88.2,Ready,0,86.3,78.9,84.1,7,4.7,74.6,Positive
SC-2022-1502,Nikhil Shenoy,CIVIL,3rd Year,6,C,6.78,68.3,1,6,6,66.1,6,5,70.5,73.5,75.4,2.0,82.0,-3.5,17,77.8,Medium,13.2,5.5,5,4,6,5,84.6,78.9,82.1,77.6,83.6,Ready,1,85.7,75.2,84.1,7,4.6,85.6,Positive
SC-2022-1503,Mohit Pandey,MECH,3rd Year,6,B,5.26,47.6,2,6,5,54.0,6,4,41.2,62.6,59.6,4.0,48.5,-12.8,1,38.8,Low,2.6,-36.7,1,1,0,0,33.7,47.6,29.3,48.8,25.4,Not Ready,0,43.8,40.1,42.4,0,1.8,55.2,Needs Attention
SC-2021-1504,Aayush Deshmukh,IT,4th Year,8,A,6.31,72.0,0,6,6,69.9,6,6,74.1,73.0,,0.0,70.6,-2.3,20,73.9,Medium,13.1,20.6,6,4,6,4,89.7,68.3,93.5,77.7,76.4,Ready,1,90.7,77.1,83.0,7,4.5,86.4,Positive
SC-2023-1505,Varun Deshmukh,CSE,2nd Year,4,A,7.32,64.8,0,6,6,72.3,6,5,57.4,67.9,80.7,1.0,56.6,-17.2,4,51.1,Low,6.9,-59.7,2,0,0,0,44.8,59.1,53.8,52.2,58.0,In Progress,0,56.4,62.7,49.0,1,2.7,61.4,Needs Attention
SC-2021-1506,Isha Reddy,CSE,4th Year,7,C,8.31,75.8,0,6,6,79.3,6,6,72.4,83.1,80.6,,85.0,-0.6,14,80.2,Medium,9.7,4.6,3,0,0,1,46.5,43.5,50.7,42.2,35.6,Not Ready,0,42.1,57.3,57.5,1,3.3,67.6,Neutral
SC-2024-1507,Divya Agarwal,AI_DS,1st Year,1,A,6.28,60.8,3,6,5,63.6,6,4,58.0,79.6,60.1,4.0,57.4,-8.0,5,51.8,Low,4.8,-32.8,2,1,0,0,41.6,38.6,40.9,38.1,40.4,Not Ready,0,39.6,49.3,38.3,1,2.0,46.6,Needs Attention
SC-2021-1508,Ananya Chopra,MECH,4th Year,8,B,7.23,70.2,0,6,6,70.8,6,6,69.7,71.9,60.6,4.0,75.0,2.2,11,77.9,Medium,11.2,8.6,4,1,1,1,62.1,64.8,71.7,68.6,64.0,Ready,1,63.7,67.3,68.8,3,3.4,68.3,Neutral
SC-2022-1509,Isha Bose,CSE,3rd Year,5,B,7.91,73.3,0,6,6,74.5,6,6,72.1,89.8,85.9,3.0,76.0,0.4,9,75.7,Medium,8.4,-5.5,5,2,1,2,71.6,63.4,63.6,63.4,76.2,In Progress,1,60.9,70.2,75.5,2,3.8,73.1,Positive
SC-2024-1510,Aniket Malhotra,AI_DS,1st Year,2,A,7.94,75.4,0,6,6,75.1,6,6,75.7,71.4,92.4,2.0,84.4,1.0,13,74.7,Medium,13.4,-8.7,6,1,0,1,56.0,69.5,63.8,63.4,60.3,Ready,0,76.3,75.3,72.3,2,3.6,77.0,Positive
SC-2023-1511,Aayush Pillai,IT,2nd Year,4,A,8.19,83.8,0,6,6,83.9,6,6,83.6,91.3,61.1,,82.6,0.5,13,87.8,Medium,8.8,0.3,1,0,0,0,42.9,49.1,46.1,51.2,45.2,In Progress,0,56.4,57.5,55.4,0,3.3,70.6,Neutral
SC-2021-1512,Nikhil Menon,AI_DS,4th Year,8,A,8.0,78.7,0,6,6,80.3,6,6,77.1,93.6,82.0,0.0,85.3,-2.6,11,85.8,Medium,9.3,0.0,4,0,0,0,51.6,51.8,53.7,53.0,32.0,Not Ready,0,57.1,49.4,42.2,0,3.7,71.9,Neutral
SC-2023-1513,Zoya Verma,AI_DS,2nd Year,4,B,6.89,69.2,0,6,6,70.2,6,6,68.1,60.4,71.3,3.0,77.5,1.3,18,77.2,Medium,10.2,21.6,5,4,4,3,81.9,74.3,89.9,73.9,82.7,In Progress,0,91.0,75.3,80.0,7,3.9,81.2,Positive
SC-2021-1514,Varun Mehta,CIVIL,4th Year,8,B,8.49,83.6,0,6,6,83.9,6,6,83.2,93.8,82.0,1.0,91.5,0.7,22,99.2,High,22.0,13.3,7,3,4,3,93.7,81.3,90.4,87.6,94.0,Placed,0,90.7,89.9,90.8,7,4.3,96.4,Positive
SC-2021-1515,Rohan Joshi,ECE,4th Year,8,A,8.54,86.3,0,6,6,86.1,6,6,86.5,,81.7,2.0,94.1,-1.3,16,98.1,High,23.1,11.8,6,3,1,3,88.2,86.7,91.8,85.7,85.1,Placed,1,89.3,85.3,85.6,3,4.8,93.9,Positive
SC-2022-1516,Kavya Mehta,CSE,3rd Year,6,B,7.75,64.1,0,6,6,69.9,6,5,58.3,78.0,,2.0,55.0,-14.1,3,45.2,Low,3.6,-48.2,1,0,0,0,58.3,62.6,49.7,55.8,53.5,In Progress,0,57.3,56.5,56.4,2,3.2,63.8,Needs Attention
SC-2024-1517,Tarun Chatterjee,CSE,1st Year,1,C,7.51,79.5,0,6,6,78.5,6,6,80.5,85.6,,1.0,76.9,2.8,10,85.0,Medium,12.6,3.4,5,1,1,1,64.1,74.2,58.4,74.5,76.1,Ready,0,77.3,77.8,74.2,2,4.2,79.0,Positive
SC-2022-1518,Yash Deshmukh,CSE,3rd Year,5,A,7.03,65.3,1,6,6,72.5,6,4,58.2,89.5,61.2,,56.2,-11.4,6,45.2,Low,6.7,-27.3,1,0,0,0,47.8,64.6,55.1,45.4,50.9,In Progress,0,56.3,53.6,60.2,1,3.3,49.2,Needs Attention
SC-2022-1519,Shreya Iyer,ECE,3rd Year,6,A,6.53,68.5,2,6,6,74.9,6,4,62.0,61.0,67.7,3.0,65.9,-16.7,6,49.3,Low,4.1,-25.1,0,0,0,0,36.5,62.2,58.5,46.7,52.7,In Progress,0,52.3,60.0,55.8,2,2.2,60.4,Needs Attention
SC-2023-1520,Isha Chopra,CSE,2nd Year,4,A,5.26,56.9,4,6,5,59.7,6,2,54.0,86.7,88.5,0.0,44.0,-8.1,5,36.2,Low,2.9,-39.7,1,0,0,0,45.6,39.5,38.4,35.0,32.0,Not Ready,0,47.3,38.4,50.7,0,2.9,35.7,Needs Attention
SC-2022-1521,Ishaan Bose,IT,3rd Year,6,B,7.29,63.1,0,6,6,68.6,6,5,57.7,,63.4,,56.8,-8.5,6,64.3,Low,3.1,-46.5,2,1,0,0,37.2,66.3,48.6,52.7,43.2,In Progress,0,51.7,56.6,52.9,1,3.1,56.0,Needs Attention
SC-2022-1522,Manish Mehta,ECE,3rd Year,5,A,7.6,79.6,1,6,6,77.7,6,5,81.4,92.5,80.2,3.0,78.6,-3.9,11,75.5,Medium,10.4,14.6,3,1,1,2,72.1,74.9,60.2,65.4,61.9,In Progress,0,62.6,64.9,76.4,2,4.2,67.4,Neutral
SC-2022-1523,Sneha Shenoy,CIVIL,3rd Year,5,C,7.06,70.7,0,6,6,71.8,6,6,69.6,94.7,85.8,3.0,73.8,-0.7,14,80.8,Medium,9.8,3.9,3,2,1,2,66.7,65.6,64.5,62.0,62.1,In Progress,1,65.8,76.9,70.5,1,3.6,72.3,Positive
SC-2024-1524,Yash Bose,CSE,1st Year,2,B,6.4,54.0,2,6,5,58.3,6,3,49.7,88.3,95.2,2.0,42.5,-5.3,4,53.9,Low,4.5,-51.5,2,0,0,0,42.2,45.3,41.6,43.3,22.6,Not Ready,0,38.6,36.0,43.4,0,2.4,57.1,Needs Attention
SC-2024-1525,Meera Iyer,CIVIL,1st Year,1,C,7.27,67.0,0,6,6,65.2,6,6,68.7,78.7,58.1,4.0,71.8,2.8,12,69.1,Medium,11.3,22.1,12,4,3,2,85.4,73.3,92.1,84.2,70.0,In Progress,0,80.3,82.8,82.0,5,4.5,87.9,Positive
SC-2023-1526,Aarav Sharma,CIVIL,2nd Year,4,A,7.76,80.2,0,6,6,79.2,6,6,81.1,59.7,89.7,0.0,80.1,0.3,14,83.3,Medium,11.7,-0.3,6,2,1,1,73.9,73.9,67.3,67.2,65.2,In Progress,0,64.4,62.8,76.6,3,3.9,76.6,Positive
SC-2022-1527,Bhavna Mehta,AI_DS,3rd Year,6,C,7.0,78.8,1,6,6,79.6,6,5,78.1,77.0,82.5,,85.6,-2.5,11,84.5,Medium,12.0,-8.3,3,2,0,2,63.3,60.5,63.5,74.2,72.1,In Progress,0,70.5,73.3,75.5,2,3.8,77.2,Positive
SC-2023-1528,Vikas Menon,AI_DS,2nd Year,3,C,9.03,94.8,0,6,6,94.9,6,6,94.6,58.8,94.1,2.0,86.0,3.8,24,89.7,High,19.3,12.5,5,3,3,4,93.6,87.5,92.2,85.4,99.6,Ready,0,84.2,93.0,86.8,6,4.0,88.8,Positive
SC-2023-1529,Deepika Agarwal,MECH,2nd Year,3,B,9.19,87.6,0,6,6,86.0,6,6,89.2,57.7,59.1,4.0,90.8,3.4,13,93.6,High,15.7,1.4,10,3,1,2,81.3,89.0,87.4,86.9,85.4,Ready,1,92.4,82.5,95.8,4,4.6,97.9,Positive
SC-2022-1530,Aayush Bose,ECE,3rd Year,5,B,7.33,78.8,0,6,6,79.6,6,6,78.0,95.0,64.2,0.0,74.5,-2.8,14,77.5,Medium,9.3,5.9,5,1,0,1,61.7,60.1,66.5,71.2,72.5,In Progress,0,73.2,69.9,62.7,1,3.7,81.3,Positive
SC-2021-1531,Divya Kapoor,CIVIL,4th Year,8,A,7.51,76.0,0,6,6,76.4,6,6,75.5,75.0,69.5,1.0,76.9,1.6,13,87.1,Medium,13.1,-3.1,2,2,1,2,65.2,73.5,71.4,64.4,69.3,Ready,0,61.1,65.3,60.3,2,4.4,66.9,Neutral
SC-2023-1532,Meera Malhotra,MECH,2nd Year,4,C,7.99,82.4,1,6,6,80.6,6,6,84.3,76.9,63.6,3.0,80.1,-1.3,14,89.3,Medium,11.6,4.0,2,1,0,1,51.5,44.8,53.4,49.9,36.9,In Progress,0,46.5,57.1,54.3,0,3.7,71.8,Neutral
SC-2022-1533,Kritika Pandey,ECE,3rd Year,5,C,6.08,60.6,6,6,3,63.9,6,4,57.3,88.0,63.4,4.0,57.5,-10.5,1,53.8,Low,6.5,-47.7,0,1,0,0,34.3,48.8,34.1,48.0,25.6,Not Ready,0,51.0,37.4,40.0,1,2.7,56.9,Needs Attention
SC-2024-1534,Ananya Gupta,CSE,1st Year,1,C,8.03,78.8,0,6,6,75.0,6,6,82.5,79.7,59.9,0.0,78.5,-2.9,12,90.6,Medium,10.8,-6.1,1,1,0,0,51.8,49.5,47.4,45.5,49.5,In Progress,0,43.7,54.1,48.2,0,3.8,77.0,Neutral
SC-2023-1535,Aarav Kulkarni,ECE,2nd Year,3,B,6.79,66.1,2,6,6,69.7,6,4,62.5,60.2,80.6,3.0,61.1,-18.0,6,58.5,Low,6.3,-44.1,0,1,0,0,38.4,62.0,60.9,57.2,49.4,In Progress,0,65.1,49.7,46.5,1,3.1,56.0,Needs Attention
SC-2024-1536,Ishaan Deshmukh,CSE,1st Year,2,B,5.7,49.5,2,6,3,54.2,6,3,44.7,79.1,79.0,2.0,55.5,-5.7,3,53.0,Low,4.1,-16.2,0,0,0,0,30.1,40.4,47.1,35.9,43.0,Not Ready,0,36.7,42.9,35.7,0,2.3,35.9,Needs Attention
SC-2024-1537,Sneha Sharma,CSE,1st Year,2,B,8.27,80.0,0,6,6,77.0,6,6,83.0,83.1,81.6,4.0,90.8,-1.2,10,76.5,Medium,8.3,-6.2,4,1,0,0,47.8,42.1,52.6,41.9,39.1,In Progress,0,57.7,59.3,52.4,1,3.9,64.5,Neutral
SC-2023-1538,Vikas Chatterjee,AI_DS,2nd Year,3,A,8.82,83.8,0,6,6,83.5,6,6,84.1,58.7,89.2,2.0,95.7,-1.1,12,91.8,High,16.3,3.7,9,2,4,5,90.8,92.2,90.9,94.8,95.5,Ready,0,93.1,83.2,94.1,7,4.9,88.0,Positive
SC-2022-1539,Sahil Rao,ECE,3rd Year,6,B,7.46,73.0,1,6,6,72.0,6,5,74.0,61.1,74.5,2.0,84.8,-3.1,15,83.9,Medium,13.4,12.7,4,1,0,1,66.8,72.2,66.5,61.5,67.2,In Progress,0,75.4,72.2,73.7,3,3.9,68.9,Neutral
SC-2021-1540,Priya Patel,CSE,4th Year,8,A,6.89,73.0,1,6,6,73.6,6,5,72.5,68.3,73.0,1.0,83.3,2.0,14,79.6,Medium,11.8,-4.3,2,1,0,2,61.4,75.7,67.0,71.6,77.8,Ready,0,65.4,75.5,72.7,3,3.6,65.8,Neutral
SC-2024-1541,Varun Kapoor,MECH,1st Year,2,B,7.15,74.8,0,6,6,73.3,6,6,76.4,92.4,80.5,0.0,81.6,-2.8,8,85.5,Medium,12.2,13.6,3,2,1,2,68.8,65.7,60.1,73.4,68.6,Ready,0,69.1,69.6,60.9,3,4.1,78.6,Positive
SC-2021-1542,Gaurav Deshmukh,ECE,4th Year,8,C,8.0,80.5,0,6,6,79.4,6,6,81.6,62.2,64.7,3.0,76.4,1.5,12,77.4,Medium,8.3,1.8,6,2,1,2,61.9,62.5,72.5,68.8,77.3,Ready,1,64.7,75.5,68.6,2,4.1,67.2,Neutral
SC-2023-1543,Arjun Kapoor,AI_DS,2nd Year,4,C,8.57,89.2,0,6,6,88.9,6,6,89.4,55.6,91.8,3.0,86.7,0.1,23,89.4,High,16.7,13.8,12,2,1,4,82.6,81.7,85.6,88.7,88.1,Ready,1,84.5,80.4,84.5,6,5.0,97.8,Positive
SC-2024-1544,Sanya Mishra,IT,1st Year,1,A,6.27,56.7,2,6,4,63.1,6,4,50.2,77.2,94.4,,42.8,-10.5,1,56.7,Low,3.3,-47.1,0,1,0,0,50.1,38.9,48.2,39.5,26.7,Not Ready,0,34.5,51.2,35.2,1,2.9,45.0,Needs Attention
SC-2024-1545,Ananya Singh,AI_DS,1st Year,2,C,8.25,76.8,0,6,6,79.5,6,6,74.1,69.2,76.6,4.0,88.6,-2.1,9,77.7,Medium,11.4,5.2,2,1,0,0,46.0,54.4,50.5,39.1,50.8,In Progress,0,53.5,51.2,52.3,0,3.5,64.7,Neutral
SC-2022-1546,Shreya Thakur,AI_DS,3rd Year,6,B,8.45,83.0,0,6,6,83.0,6,6,83.0,93.3,64.6,1.0,78.3,-2.8,8,86.3,Medium,13.5,1.0,2,0,0,0,43.7,43.2,42.1,52.9,37.5,Not Ready,0,55.0,53.9,46.5,0,3.6,64.8,Neutral
SC-2023-1547,Rahul Shenoy,IT,2nd Year,4,C,8.64,80.8,0,6,6,85.9,6,6,75.7,80.8,89.6,2.0,89.1,0.4,8,78.8,Medium,10.4,0.1,3,0,0,0,55.1,45.9,51.6,43.3,36.2,In Progress,0,56.7,53.5,44.1,0,3.3,73.9,Neutral
SC-2024-1548,Shreya Yadav,CSE,1st Year,2,A,8.57,85.9,0,6,6,85.4,6,6,86.4,64.3,93.9,2.0,88.4,1.1,21,95.1,High,16.8,1.6,4,3,2,6,91.6,84.3,79.7,83.0,91.7,Ready,0,93.2,88.2,84.5,6,4.1,88.0,Positive
SC-2024-1549,Riya Rao,CSE,1st Year,2,C,6.73,68.3,0,6,6,70.1,6,6,66.5,81.6,,3.0,70.1,0.7,20,80.6,Medium,14.3,11.2,7,3,2,3,82.5,69.7,83.7,75.7,77.3,In Progress,0,80.1,75.5,79.4,4,3.9,82.2,Positive
SC-2023-1550,Siddharth Kulkarni,MECH,2nd Year,4,B,7.77,76.9,0,6,6,78.3,6,6,75.5,72.2,91.2,1.0,73.3,0.4,11,81.3,Medium,12.1,7.5,6,1,0,1,61.1,68.7,66.4,66.5,72.7,In Progress,0,74.9,65.2,63.8,1,4.2,75.0,Positive
SC-2021-1551,Pallavi Mishra,CSE,4th Year,7,C,7.87,80.8,0,6,6,82.8,6,6,78.9,61.8,65.0,0.0,89.6,-0.3,13,86.9,Medium,12.3,-0.4,4,0,0,0,54.8,46.3,44.2,49.9,49.5,Not Ready,0,47.8,58.8,55.8,1,3.7,63.3,Neutral
SC-2021-1552,Priya Thakur,CIVIL,4th Year,8,A,6.85,67.3,0,6,6,67.9,6,6,66.8,57.1,74.4,3.0,72.2,-3.9,12,81.5,Medium,12.0,11.3,9,4,6,3,88.9,80.6,87.7,82.5,78.7,Ready,1,86.2,76.2,82.4,5,4.7,86.3,Positive
SC-2024-1553,Aditi Saxena,AI_DS,1st Year,1,C,7.11,77.3,0,6,6,77.2,6,6,77.5,66.3,85.1,0.0,74.5,-2.7,14,71.7,Medium,13.7,-4.4,2,1,1,1,73.6,62.3,66.3,60.6,68.0,Ready,0,67.2,76.8,73.5,1,3.9,72.4,Positive
SC-2022-1554,Karan Iyer,ECE,3rd Year,6,A,7.08,67.3,1,6,6,74.6,6,4,60.0,73.6,72.8,3.0,63.8,-17.5,3,60.7,Low,3.5,-39.3,2,1,0,0,42.1,56.4,55.4,47.3,44.0,In Progress,0,51.6,53.6,62.2,2,2.3,60.7,Needs Attention
SC-2024-1555,Manish Bhat,IT,1st Year,2,B,7.93,71.2,0,6,6,71.9,6,6,70.6,75.0,67.7,0.0,79.2,-0.5,8,85.0,Medium,11.0,5.4,3,1,1,1,55.8,62.7,67.5,66.7,65.3,Ready,0,64.8,74.3,63.0,2,3.7,78.3,Positive
SC-2024-1556,Neha Yadav,MECH,1st Year,2,B,9.18,83.7,0,6,6,82.6,6,6,84.7,65.5,69.6,3.0,88.1,1.3,20,88.8,High,14.1,23.9,9,2,5,4,89.4,85.0,91.4,84.0,86.4,Ready,1,85.3,90.9,90.4,3,4.6,87.9,Positive
SC-2023-1557,Neha Joshi,CSE,2nd Year,4,B,6.87,70.0,0,6,6,69.0,6,6,71.0,61.0,84.4,0.0,83.8,3.7,12,85.8,Medium,9.5,0.4,5,1,1,1,63.1,74.8,73.3,71.7,67.4,In Progress,0,65.3,73.1,69.4,3,4.1,74.7,Positive
SC-2022-1558,Varun Nair,IT,3rd Year,6,A,8.81,85.5,0,6,6,85.3,6,6,85.8,89.3,82.4,4.0,96.6,-1.3,13,90.7,High,16.5,6.7,10,4,5,3,83.2,86.3,89.6,90.0,85.3,Ready,1,91.8,92.4,83.7,4,4.2,87.4,Positive
SC-2021-1559,Utkarsh Iyer,CSE,4th Year,8,C,9.24,93.8,0,6,6,93.6,6,6,93.9,83.0,,3.0,95.0,1.6,18,91.7,High,22.1,17.4,12,3,4,2,91.1,85.0,95.9,84.8,85.3,Placed,1,83.9,91.6,91.7,3,4.3,96.1,Positive
SC-2024-1560,Riya Gupta,CSE,1st Year,1,A,9.21,97.2,0,6,6,95.5,6,6,98.9,65.5,69.1,,86.2,-0.4,17,97.2,High,19.1,15.4,12,2,4,2,88.4,86.7,83.8,93.3,88.1,Ready,1,88.5,86.4,94.8,3,4.5,95.7,Positive
SC-2021-1561,Aniket Mishra,CIVIL,4th Year,8,B,7.76,74.8,1,6,6,76.3,6,5,73.2,87.9,,0.0,77.0,0.5,13,78.1,Medium,14.0,5.0,2,2,1,1,55.0,64.1,68.3,62.4,80.0,Ready,1,73.4,66.4,74.2,1,4.1,78.3,Positive
SC-2021-1562,Utkarsh Chatterjee,CIVIL,4th Year,8,C,7.71,79.2,0,6,6,78.1,6,6,80.4,,59.2,0.0,86.1,0.8,8,76.8,Medium,11.9,-4.0,2,0,0,1,40.0,57.0,49.7,40.1,31.4,Not Ready,0,51.6,46.5,52.1,0,3.4,62.8,Neutral
SC-2022-1563,Riya Kumar,IT,3rd Year,5,B,7.14,66.9,0,6,6,69.5,6,6,64.3,76.2,67.1,0.0,80.2,-0.3,18,76.6,Medium,14.6,12.8,7,4,5,4,81.3,74.7,78.0,87.0,85.1,Ready,1,92.4,80.2,77.8,6,4.2,74.1,Positive
SC-2023-1564,Isha Menon,CSE,2nd Year,3,B,6.78,65.5,2,6,6,71.8,6,4,59.3,63.9,58.3,2.0,63.3,-16.0,6,58.6,Low,6.5,-29.0,0,0,0,0,35.3,66.2,61.8,60.8,42.9,In Progress,0,52.6,62.0,49.9,1,2.9,64.0,Needs Attention
SC-2024-1565,Riya Kapoor,ECE,1st Year,1,A,6.43,66.0,0,6,6,64.4,6,6,67.5,59.8,79.7,1.0,80.1,3.1,14,68.7,Medium,12.8,21.1,11,3,6,2,90.5,81.0,90.6,84.5,76.1,In Progress,0,80.2,77.9,82.4,5,4.6,86.4,Positive
SC-2023-1566,Riya Bose,MECH,2nd Year,3,B,6.34,70.3,0,6,6,70.1,6,6,70.6,92.3,64.7,3.0,77.5,0.2,14,78.0,Medium,11.0,18.4,12,4,3,3,91.2,83.2,81.0,80.4,74.1,In Progress,0,93.5,83.0,78.1,6,4.2,73.2,Positive
SC-2024-1567,Aniket Menon,CSE,1st Year,1,C,7.46,68.3,1,6,6,73.6,6,4,63.0,60.0,,,61.4,-12.7,4,63.3,Low,4.7,-53.0,0,1,0,0,48.1,55.7,64.1,58.7,57.9,In Progress,0,63.0,49.5,49.6,1,3.4,58.2,Needs Attention
SC-2024-1568,Nikhil Verma,IT,1st Year,2,B,9.44,92.8,0,6,6,91.3,6,6,94.4,83.4,77.7,1.0,96.4,2.5,14,90.6,High,15.2,5.1,11,3,2,6,87.1,80.5,89.0,86.5,89.9,Ready,0,86.2,90.4,91.3,4,4.3,85.1,Positive
SC-2023-1569,Sanya Bhat,CIVIL,2nd Year,4,C,9.72,94.2,0,6,6,93.6,6,6,94.9,92.6,62.6,1.0,97.7,3.0,23,92.8,High,15.3,0.1,11,4,3,3,89.4,80.0,89.1,86.1,99.0,Ready,0,86.7,86.7,92.6,5,4.8,85.1,Positive
SC-2022-1570,Tarun Gupta,ECE,3rd Year,6,A,6.87,74.5,0,6,6,74.0,6,6,75.1,66.0,78.9,,73.0,3.9,12,71.1,Medium,10.5,8.9,3,1,0,2,71.7,71.9,67.9,70.8,71.8,In Progress,0,63.5,69.4,63.4,3,3.6,70.0,Neutral
SC-2023-1571,Sanya Sharma,CIVIL,2nd Year,4,B,6.38,58.4,2,6,5,62.0,6,4,54.8,69.2,,0.0,57.5,-7.1,4,49.5,Low,6.4,-27.5,1,0,0,0,39.5,40.0,42.5,49.3,37.8,Not Ready,0,33.7,42.0,35.9,1,1.9,53.7,Needs Attention
SC-2022-1572,Chirag Mehta,IT,3rd Year,6,C,7.31,77.7,1,6,6,76.0,6,5,79.4,61.4,85.8,2.0,72.7,-0.1,14,70.0,Medium,9.7,4.7,2,2,1,2,57.3,64.4,58.3,71.4,72.1,In Progress,1,69.8,64.9,74.5,1,4.1,75.0,Positive
SC-2021-1573,Vikas Mishra,CSE,4th Year,8,C,7.56,71.3,0,6,6,72.7,6,6,70.0,77.3,59.6,0.0,81.8,-3.3,13,75.1,Medium,10.6,5.0,3,1,1,2,57.6,60.9,61.2,74.8,66.0,Placed,0,69.1,62.9,73.8,2,3.9,73.6,Positive
SC-2022-1574,Rakesh Patel,MECH,3rd Year,5,A,7.38,71.2,0,6,6,76.1,6,5,66.3,82.1,94.2,2.0,56.3,-13.6,6,51.8,Low,3.2,-58.5,1,0,0,0,39.7,56.8,58.1,51.9,45.9,In Progress,0,57.3,58.9,63.8,1,2.2,51.8,Needs Attention
SC-2021-1575,Mohit Saxena,CIVIL,4th Year,7,B,8.45,75.8,0,6,6,78.7,6,6,73.0,,88.9,0.0,86.6,-1.3,11,84.8,Medium,10.5,4.7,4,1,0,0,57.5,44.9,41.2,51.7,39.4,Not Ready,0,42.0,47.7,42.2,1,3.1,70.6,Neutral
SC-2021-1576,Riya Verma,MECH,4th Year,7,A,5.43,59.8,3,6,4,62.0,6,3,57.6,82.5,75.5,3.0,56.6,-3.5,1,49.9,Low,3.9,-21.5,2,0,0,0,25.3,39.5,29.0,34.4,24.9,Not Ready,0,49.7,39.7,32.6,1,2.0,49.0,Needs Attention
SC-2022-1577,Rahul Joshi,IT,3rd Year,6,A,7.67,71.8,1,6,6,73.2,6,5,70.3,69.0,91.7,2.0,85.5,-1.2,14,86.8,Medium,12.0,-3.6,4,1,0,2,60.7,68.9,68.3,70.4,78.5,In Progress,0,61.6,70.9,71.4,1,4.1,75.1,Positive
SC-2022-1578,Tanvi Verma,IT,3rd Year,6,A,8.76,76.3,1,6,6,75.2,6,6,77.5,93.0,88.7,0.0,80.0,-0.3,8,82.6,Medium,9.8,5.8,2,1,0,1,40.3,45.1,50.2,39.1,42.6,Not Ready,0,42.4,50.0,45.2,0,3.1,65.7,Neutral
SC-2021-1579,Shreya Pandey,CSE,4th Year,7,B,7.82,76.6,0,6,6,76.9,6,6,76.2,83.7,74.3,0.0,84.2,-1.7,14,91.5,Medium,12.4,-2.2,1,1,0,1,51.7,47.1,43.7,48.3,48.4,Not Ready,0,54.1,58.9,52.2,1,3.4,73.9,Neutral
SC-2024-1580,Ishaan Shenoy,CIVIL,1st Year,2,B,6.85,67.5,0,6,6,65.7,6,6,69.2,63.4,73.4,1.0,79.3,3.8,17,82.4,Medium,16.4,7.0,9,2,2,2,88.5,70.6,87.7,78.9,75.3,In Progress,0,82.7,87.1,87.0,7,4.5,75.4,Positive
SC-2024-1581,Divya Mehta,CIVIL,1st Year,1,B,7.66,74.8,1,6,6,75.8,6,5,73.9,66.9,81.0,4.0,78.2,3.3,9,74.0,Medium,11.2,-1.5,3,1,0,1,68.7,60.3,59.6,70.3,60.0,Ready,0,67.6,65.0,73.7,1,3.9,70.0,Neutral
SC-2022-1582,Pranav Kapoor,ECE,3rd Year,6,C,8.88,93.8,0,6,6,94.6,6,6,92.9,,77.2,3.0,97.1,0.3,14,90.4,High,23.6,3.1,4,4,4,4,94.8,83.4,80.8,91.6,91.5,Ready,1,92.9,92.8,88.9,6,4.5,87.6,Positive
SC-2021-1583,Shreya Sharma,CSE,4th Year,7,B,8.52,77.8,0,6,6,81.4,6,6,74.2,,89.6,,85.0,-1.5,12,76.4,Medium,12.9,2.2,3,0,0,0,58.0,46.3,47.8,53.6,41.8,Not Ready,0,54.1,52.1,48.8,1,3.1,71.1,Neutral
SC-2023-1584,Pallavi Das,CIVIL,2nd Year,4,B,9.42,86.3,0,6,6,86.0,6,6,86.7,83.1,63.4,3.0,89.8,1.2,18,89.3,High,23.3,24.5,11,4,5,6,90.6,93.5,88.8,81.2,94.0,Ready,1,88.0,88.2,90.7,5,4.8,85.2,Positive
SC-2023-1585,Divya Kumar,CSE,2nd Year,4,A,7.54,82.8,0,6,6,81.9,6,6,83.8,61.5,75.5,3.0,82.6,-1.6,13,78.9,Medium,8.1,3.2,2,1,0,1,54.8,57.8,51.6,40.5,34.8,In Progress,0,51.5,52.5,56.6,1,3.3,75.2,Neutral
SC-2021-1586,Utkarsh Pillai,IT,4th Year,8,C,9.3,90.2,0,6,6,91.1,6,6,89.4,86.0,91.6,0.0,93.9,3.8,21,88.8,High,19.2,9.6,5,4,2,4,88.6,85.9,83.5,91.2,93.6,Placed,1,85.8,80.3,91.5,7,4.4,90.8,Positive
SC-2024-1587,Shreya Kumar,IT,1st Year,1,C,6.88,72.5,0,6,6,73.0,6,6,72.1,,,2.0,73.9,-3.2,12,76.4,Medium,9.9,1.2,6,2,1,2,65.0,74.8,74.1,64.8,75.0,Ready,0,66.5,69.9,61.8,1,3.7,72.3,Positive
SC-2023-1588,Sahil Malhotra,IT,2nd Year,4,A,6.71,64.9,0,6,6,64.6,6,6,65.2,73.1,73.5,,72.1,-1.9,14,72.4,Medium,16.2,18.5,12,3,2,3,92.0,81.3,81.2,78.5,81.8,In Progress,0,86.0,82.2,79.7,5,4.6,85.9,Positive
SC-2024-1589,Meera Kumar,MECH,1st Year,1,A,7.54,69.6,1,6,6,75.3,6,4,63.9,77.2,71.8,4.0,64.6,-17.3,6,60.5,Low,4.1,-62.2,1,0,0,0,49.6,61.5,49.1,55.3,51.9,In Progress,0,63.9,62.7,62.1,2,2.4,52.6,Needs Attention
SC-2022-1590,Akhil Iyer,MECH,3rd Year,6,B,9.78,94.7,0,6,6,95.6,6,6,93.7,66.2,58.7,2.0,89.9,2.0,19,94.9,High,20.8,22.2,12,2,2,5,80.0,91.5,82.5,82.2,98.1,Ready,1,93.2,93.6,87.0,7,4.6,94.9,Positive
SC-2023-1591,Karan Reddy,AI_DS,2nd Year,4,C,9.01,87.2,0,6,6,87.1,6,6,87.3,85.7,91.9,,97.4,2.1,14,94.2,High,18.3,6.7,12,4,2,3,80.1,88.4,91.0,92.6,89.8,Ready,0,94.2,89.7,93.3,5,4.1,90.5,Positive
SC-2021-1592,Mohit Mishra,IT,4th Year,8,B,7.59,73.2,1,6,6,77.3,6,4,69.2,77.5,78.9,3.0,66.0,-14.7,7,45.0,Low,4.6,-31.3,0,0,0,0,44.3,69.7,57.0,60.2,55.3,In Progress,0,57.5,56.0,51.3,1,3.3,62.0,Needs Attention
SC-2021-1593,Kunal Kumar,CSE,4th Year,8,A,7.43,77.5,1,6,6,79.4,6,5,75.6,90.1,81.7,,74.1,-2.6,14,82.2,Medium,11.4,-9.1,5,2,1,2,56.1,74.2,62.8,67.0,68.9,Ready,0,71.3,69.1,68.9,2,3.6,73.9,Positive
SC-2024-1594,Kavya Iyer,IT,1st Year,1,B,6.9,67.9,1,6,6,67.8,6,5,68.1,79.1,70.7,,81.9,2.1,20,74.6,Medium,13.2,17.6,9,4,6,5,86.2,76.4,91.8,87.4,85.1,In Progress,0,85.6,76.4,85.5,3,4.0,87.0,Positive
SC-2022-1595,Vikas Reddy,ECE,3rd Year,5,A,7.71,67.7,0,6,6,68.1,6,6,67.3,71.8,77.4,4.0,82.0,2.8,7,85.7,Medium,8.3,4.7,3,2,0,1,62.8,69.7,61.9,64.1,74.1,In Progress,1,75.3,72.6,70.9,2,4.3,69.1,Neutral
SC-2022-1596,Pranav Chopra,CSE,3rd Year,6,A,7.84,78.8,0,6,6,78.1,6,6,79.4,93.9,69.7,0.0,84.3,-3.2,12,76.1,Medium,8.3,11.1,4,2,0,2,57.5,61.5,66.1,69.1,77.5,In Progress,0,64.9,75.2,64.7,2,3.8,73.7,Positive
SC-2022-1597,Gaurav Menon,ECE,3rd Year,5,B,7.2,62.9,1,6,6,69.1,6,4,56.8,78.0,92.8,3.0,60.1,-8.8,6,57.0,Low,6.0,-41.7,1,1,0,0,50.4,63.1,62.9,47.4,52.8,In Progress,0,54.8,60.4,50.8,2,2.8,52.5,Needs Attention
SC-2021-1598,Sanya Nair,CSE,4th Year,7,A,7.66,70.6,0,6,6,70.6,6,6,70.6,62.0,90.5,0.0,81.3,2.9,12,80.5,Medium,11.0,1.3,3,1,1,1,57.1,66.3,67.5,71.1,74.2,Ready,1,66.0,67.9,72.7,2,4.0,81.9,Positive
SC-2021-1599,Nisha Thakur,AI_DS,4th Year,8,A,7.25,68.8,0,6,6,65.0,6,6,72.7,77.1,93.8,0.0,80.2,1.7,16,71.0,Medium,11.0,22.1,10,4,4,2,93.8,75.8,89.9,86.8,83.4,Ready,1,86.2,79.4,91.2,4,3.9,82.6,Positive
SC-2024-1600,Nikhil Kapoor,MECH,1st Year,2,C,5.75,56.8,6,6,3,60.3,6,4,53.4,62.5,75.5,3.0,56.7,-13.3,6,54.8,Low,4.4,-43.5,2,0,0,0,54.1,51.2,28.6,35.0,48.9,Not Ready,0,46.0,54.4,47.0,1,2.8,39.3,Needs Attention
SC-2024-1601,Sahil Bose,MECH,1st Year,1,C,7.35,72.5,0,6,6,71.3,6,6,73.8,66.0,68.4,,84.9,-2.9,9,72.4,Medium,12.2,-4.5,6,1,0,1,69.5,75.6,67.4,73.4,69.8,Ready,0,71.1,62.3,68.5,2,4.0,70.6,Neutral
SC-2023-1602,Kunal Yadav,CSE,2nd Year,3,B,9.67,88.0,0,6,6,88.1,6,6,87.9,65.5,81.1,,96.4,0.6,13,89.3,High,17.8,12.2,6,3,2,2,88.5,92.5,84.4,93.6,90.7,Ready,0,86.7,88.2,84.2,4,4.5,90.7,Positive
SC-2022-1603,Yash Mehta,ECE,3rd Year,6,A,7.82,79.2,0,6,6,78.0,6,6,80.3,59.6,80.4,3.0,75.8,-1.7,11,85.8,Medium,10.4,-6.5,6,1,0,2,64.4,63.9,62.0,63.8,67.2,In Progress,0,73.3,63.3,72.4,2,4.0,68.4,Neutral
SC-2023-1604,Pooja Gupta,IT,2nd Year,3,A,7.26,64.9,1,6,6,70.4,6,4,59.4,80.3,58.6,0.0,60.7,-18.9,3,46.0,Low,5.1,-50.0,0,0,0,0,37.5,65.5,56.2,49.1,46.2,In Progress,0,59.3,53.2,62.9,2,2.5,56.2,Needs Attention
SC-2021-1605,Rakesh Agarwal,CSE,4th Year,8,A,6.63,69.5,0,6,6,70.4,6,6,68.5,82.8,92.8,2.0,76.6,2.7,12,82.7,Medium,16.6,20.1,8,4,2,4,94.1,70.9,89.9,72.2,70.7,Ready,0,80.8,89.3,82.9,5,4.8,83.1,Positive
SC-2023-1606,Chirag Nair,ECE,2nd Year,3,B,6.85,68.2,0,6,6,68.9,6,6,67.5,81.5,59.8,,80.2,-2.9,8,87.7,Medium,10.4,12.3,3,1,0,1,72.1,64.4,58.5,64.8,77.4,In Progress,0,70.6,64.9,63.2,2,3.8,76.1,Positive
SC-2022-1607,Nikhil Gupta,CSE,3rd Year,5,C,7.04,76.0,0,6,6,74.2,6,6,77.8,84.2,71.6,3.0,73.6,-2.3,10,83.2,Medium,9.5,10.8,5,2,1,1,59.3,63.0,64.8,71.6,66.0,In Progress,0,74.3,64.8,70.5,2,3.8,69.5,Neutral
SC-2024-1608,Sneha Kulkarni,IT,1st Year,1,C,7.11,64.4,0,6,6,71.6,6,5,57.3,94.7,73.4,2.0,56.2,-11.7,5,64.6,Low,4.6,-32.4,2,0,0,0,41.7,66.5,54.6,47.7,55.8,In Progress,0,64.0,56.2,57.2,2,2.7,49.8,Needs Attention
SC-2022-1609,Meera Menon,CSE,3rd Year,6,B,8.69,91.2,0,6,6,90.1,6,6,92.2,71.4,86.5,4.0,97.1,-0.8,22,97.0,High,15.5,5.1,10,3,5,3,84.5,85.4,79.5,89.6,98.0,Ready,1,87.9,82.8,90.8,4,4.3,87.8,Positive
SC-2023-1610,Gaurav Nair,IT,2nd Year,3,A,8.9,86.9,0,6,6,85.1,6,6,88.8,,72.7,1.0,87.0,0.7,28,95.9,High,20.9,2.2,7,2,4,3,87.1,86.1,86.5,82.5,97.5,Ready,0,83.3,87.5,87.9,6,5.0,96.7,Positive
SC-2024-1611,Deepika Nair,AI_DS,1st Year,2,B,8.66,92.5,0,6,6,91.0,6,6,94.0,62.3,92.6,4.0,95.0,4.0,17,92.7,High,21.0,8.6,10,2,2,6,81.6,82.2,94.8,92.9,93.8,Ready,1,82.2,85.5,90.0,7,4.8,86.0,Positive
SC-2021-1612,Shreya Agarwal,ECE,4th Year,7,B,6.52,68.4,0,6,6,62.3,6,6,74.5,66.3,78.7,0.0,71.3,-1.2,19,68.5,Medium,13.2,21.5,9,4,6,2,91.4,69.3,81.6,76.4,76.0,Ready,1,89.3,87.3,86.5,4,4.8,76.4,Positive
SC-2022-1613,Arjun Chatterjee,ECE,3rd Year,5,A,8.19,68.7,1,6,6,69.1,6,5,68.3,75.1,70.5,1.0,85.7,0.6,8,83.9,Medium,8.3,-2.2,3,1,0,2,72.1,74.8,64.9,68.2,60.7,In Progress,1,75.8,71.6,64.4,1,3.5,79.4,Positive
SC-2023-1614,Sanya Verma,ECE,2nd Year,3,A,8.09,68.0,0,6,6,68.7,6,6,67.3,67.0,76.4,4.0,78.7,2.8,8,84.2,Medium,8.7,11.9,2,2,0,1,61.1,67.4,72.7,62.4,78.7,In Progress,0,70.0,72.5,65.2,1,3.5,74.1,Positive
SC-2023-1615,Swati Patel,AI_DS,2nd Year,3,B,5.78,57.9,2,6,5,63.8,6,1,52.0,62.0,86.1,0.0,62.0,-12.8,6,38.5,Low,3.6,-19.9,0,0,0,0,27.5,42.0,35.3,40.2,39.9,Not Ready,0,53.2,38.7,33.3,1,2.9,42.8,Needs Attention
SC-2024-1616,Rahul Nair,CIVIL,1st Year,2,C,9.14,95.0,0,6,6,94.7,6,6,95.3,81.1,59.0,0.0,93.3,1.3,19,99.8,High,14.3,2.6,9,3,4,4,94.1,94.7,81.7,85.5,92.6,Ready,1,93.9,82.6,90.9,3,4.5,90.1,Positive
SC-2024-1617,Bhavna Nair,CSE,1st Year,2,B,6.81,68.8,0,6,6,70.6,6,6,66.9,81.4,63.4,1.0,79.4,0.1,11,82.9,Medium,10.0,19.7,11,3,6,2,90.1,83.8,90.9,73.6,73.0,In Progress,0,82.0,81.5,78.7,7,4.5,73.9,Positive
SC-2023-1618,Neha Sharma,IT,2nd Year,4,C,6.49,67.6,1,6,6,67.9,6,5,67.3,88.0,74.6,,70.0,-3.3,18,72.6,Medium,14.8,7.7,10,2,2,3,85.2,68.5,91.6,84.4,74.3,In Progress,0,93.5,89.1,90.8,4,4.6,80.5,Positive
SC-2023-1619,Tarun Chopra,CIVIL,2nd Year,3,A,6.98,66.5,1,6,6,68.2,6,5,64.8,,77.4,4.0,84.5,-3.2,11,86.4,Medium,12.3,-1.8,4,1,1,1,70.7,68.2,73.4,73.9,65.3,In Progress,0,68.5,68.6,68.2,3,4.3,67.2,Neutral
SC-2024-1230,Priya Deshmukh,AI_DS,1st Year,1,C,5.03,56.1,3,6,5,59.4,6,4,52.9,80.5,71.7,4.0,60.4,-11.9,6,44.3,Low,4.6,-42.2,1,1,0,0,53.7,54.2,45.3,43.8,29.2,Not Ready,0,48.9,45.9,37.6,0,3.0,48.9,Needs Attention
SC-2022-1621,Rohan Mehta,CIVIL,3rd Year,5,B,7.86,71.4,0,6,6,73.3,6,6,69.6,91.4,91.3,,77.6,-2.8,13,71.7,Medium,9.3,6.6,2,2,0,1,62.2,70.2,66.7,62.9,74.5,In Progress,1,62.9,71.8,67.2,2,3.7,78.2,Positive
SC-2021-1622,Manish Singh,MECH,4th Year,7,B,7.51,79.6,0,6,6,77.7,6,6,81.4,82.0,64.9,0.0,82.8,1.7,14,85.2,Medium,10.0,-2.6,4,1,0,0,47.7,55.3,45.7,44.8,34.1,Not Ready,0,44.6,51.2,45.8,0,3.2,64.3,Neutral
SC-2022-1623,Akhil Rao,MECH,3rd Year,6,A,8.67,76.3,0,6,6,79.3,6,6,73.3,93.8,66.8,0.0,82.1,-2.2,10,89.1,Medium,8.2,-6.6,4,0,0,0,47.2,45.9,38.3,45.3,45.1,Not Ready,0,49.6,59.8,42.1,0,4.0,75.1,Neutral
SC-2024-1624,Chirag Agarwal,CSE,1st Year,1,A,7.92,79.1,0,6,6,79.9,6,6,78.3,87.5,58.0,2.0,86.5,-3.0,8,78.1,Medium,11.5,-2.5,1,1,0,0,43.7,47.4,48.6,50.2,47.5,In Progress,0,43.0,55.8,47.7,1,3.0,69.2,Neutral
SC-2022-1625,Aayush Joshi,AI_DS,3rd Year,6,C,7.88,71.2,0,6,6,72.0,6,6,70.3,77.2,82.6,0.0,82.3,2.7,14,70.2,Medium,12.4,5.4,4,1,0,1,68.4,75.6,65.3,66.3,68.6,In Progress,0,63.2,69.5,76.1,2,3.5,65.5,Neutral
SC-2023-1626,Mohit Bhat,MECH,2nd Year,3,A,8.35,79.4,1,6,6,79.7,6,6,79.1,66.4,69.8,,91.0,-2.9,15,85.8,Medium,9.2,-4.1,2,0,0,1,42.5,47.7,38.0,53.6,39.5,In Progress,0,52.2,55.5,52.4,1,3.4,76.6,Neutral
SC-2024-1627,Siddharth Kapoor,CSE,1st Year,2,C,9.38,84.7,0,6,6,84.9,6,6,84.5,89.8,88.5,3.0,90.1,2.1,28,98.2,High,17.8,5.2,11,4,3,2,87.4,88.9,92.4,87.5,90.1,Ready,0,95.8,92.5,94.9,4,4.0,86.3,Positive
SC-2023-1628,Karan Chatterjee,IT,2nd Year,3,A,8.79,80.1,0,6,6,85.3,6,6,74.9,55.2,62.9,2.0,89.3,-1.8,13,86.4,Medium,9.9,4.0,4,1,0,1,50.6,50.2,46.2,40.9,37.0,In Progress,0,54.8,48.6,47.9,0,3.0,68.5,Neutral
SC-2023-1629,Kritika Verma,CSE,2nd Year,3,C,8.09,82.0,0,6,6,82.9,6,6,81.1,77.7,63.2,,86.6,-0.1,11,79.4,Medium,13.3,5.9,1,0,0,0,46.0,55.9,47.5,54.2,34.7,In Progress,0,54.6,48.7,49.9,0,3.3,67.5,Neutral
SC-2022-1630,Suresh Kulkarni,CSE,3rd Year,5,A,6.95,65.2,1,6,6,63.3,6,5,67.2,,88.2,0.0,76.7,2.7,12,81.2,Medium,11.5,19.8,7,4,2,4,84.7,79.5,84.3,78.4,86.1,Ready,0,82.8,84.1,86.7,7,4.2,72.1,Positive
SC-2022-1631,Utkarsh Menon,CSE,3rd Year,6,C,7.08,72.9,0,6,6,73.1,6,6,72.7,57.1,63.5,0.0,80.1,-3.8,15,73.0,Medium,13.9,3.5,5,2,0,1,62.6,73.6,68.9,63.8,78.3,In Progress,1,75.8,71.6,60.4,2,4.3,69.8,Neutral
SC-2023-1632,Kavya Chopra,ECE,2nd Year,3,B,7.21,74.8,0,6,6,73.7,6,6,76.0,59.1,66.3,2.0,79.4,1.5,7,79.7,Medium,8.3,13.8,6,1,1,2,67.8,61.0,59.0,63.6,67.0,In Progress,0,66.9,70.1,61.4,1,4.2,68.2,Neutral
SC-2024-1633,Akhil Bhat,CSE,1st Year,1,B,7.79,81.2,0,6,6,79.8,6,6,82.6,70.4,86.0,1.0,85.7,-2.8,8,77.6,Medium,10.8,6.6,1,1,0,0,49.7,43.6,36.8,44.6,53.2,In Progress,0,48.8,56.8,57.6,0,3.1,71.1,Neutral
SC-2023-1634,Arjun Deshmukh,ECE,2nd Year,4,C,8.69,84.8,0,6,6,84.7,6,6,84.8,76.6,74.2,4.0,92.5,1.7,25,91.9,High,21.1,13.6,7,3,2,3,88.7,89.5,91.7,82.4,87.4,Ready,0,84.0,86.6,92.9,6,4.3,85.6,Positive
SC-2023-1635,Gaurav Malhotra,IT,2nd Year,3,A,7.47,73.5,0,6,6,73.2,6,6,73.7,55.3,89.5,1.0,81.1,-2.0,8,81.5,Medium,12.9,7.8,3,2,0,2,73.9,66.8,74.5,60.1,70.9,In Progress,0,74.7,77.1,60.1,3,4.3,67.1,Neutral
SC-2021-1636,Sneha Deshmukh,IT,4th Year,8,A,7.25,77.5,0,6,6,75.8,6,6,79.2,83.5,62.6,3.0,74.8,2.2,7,70.2,Medium,13.4,-6.3,2,1,1,1,58.9,70.8,66.3,73.3,79.3,Ready,1,75.3,73.1,68.0,2,3.5,75.5,Positive
SC-2024-1637,Rahul Saxena,MECH,1st Year,2,B,8.97,83.4,0,6,6,82.6,6,6,84.3,80.0,,,94.2,1.4,19,90.3,High,21.8,0.4,9,2,2,4,94.2,95.8,84.8,90.7,87.9,Ready,0,84.8,89.7,83.8,3,4.6,94.9,Positive
SC-2024-1638,Sneha Agarwal,ECE,1st Year,1,B,7.49,71.1,1,6,6,69.4,6,5,72.7,67.7,85.1,0.0,76.6,2.0,8,70.8,Medium,10.4,10.7,3,2,0,1,65.1,62.2,63.9,68.6,64.2,Ready,0,64.7,69.5,66.1,2,4.3,80.6,Positive
SC-2021-1639,Bhavna Kapoor,CSE,4th Year,8,C,7.0,70.6,1,6,6,74.8,6,4,66.4,,,1.0,57.0,-9.5,2,63.8,Low,6.8,-37.3,2,1,0,0,45.6,57.2,56.8,50.3,50.8,In Progress,0,54.2,62.2,62.2,2,3.0,52.9,Needs Attention
SC-2023-1640,Nikhil Agarwal,CSE,2nd Year,3,C,8.43,92.6,0,6,6,92.7,6,6,92.4,64.4,77.8,2.0,95.9,1.2,15,92.8,High,20.5,18.2,7,2,3,5,92.7,94.6,84.9,90.7,97.5,Ready,0,82.2,92.7,82.8,3,4.6,91.8,Positive
SC-2022-1641,Isha Pillai,IT,3rd Year,6,B,7.56,77.6,1,6,6,77.1,6,5,78.1,77.9,92.0,3.0,72.7,1.9,7,86.6,Medium,12.2,5.8,5,2,0,1,70.4,66.3,67.1,69.6,70.2,In Progress,1,62.5,64.2,71.4,3,3.5,79.5,Positive
SC-2024-1642,Priya Menon,IT,1st Year,1,B,7.75,77.0,0,6,6,76.1,6,6,78.0,82.6,76.8,1.0,72.1,0.9,14,86.7,Medium,11.6,5.5,4,1,0,1,69.9,62.2,65.2,63.5,80.0,Ready,0,73.2,67.7,60.5,3,3.5,78.8,Positive
SC-2023-1643,Kavya Bose,ECE,2nd Year,4,A,7.45,69.9,1,6,6,76.8,6,4,63.0,67.7,63.2,3.0,57.1,-8.9,3,56.8,Low,3.7,-47.7,1,0,0,0,49.2,65.3,55.6,51.8,59.0,In Progress,0,65.8,53.2,49.4,1,2.8,57.9,Needs Attention
SC-2023-1644,Pooja Bhat,CSE,2nd Year,4,C,7.14,69.0,1,6,6,65.7,6,5,72.2,80.9,69.7,0.0,70.3,-3.8,11,83.6,Medium,17.5,11.7,12,2,5,4,87.2,77.3,87.1,87.3,73.1,In Progress,0,93.4,87.8,89.9,5,4.6,80.6,Positive
SC-2024-1645,Pallavi Bhat,CSE,1st Year,1,C,8.13,78.0,1,6,6,78.0,6,5,77.9,94.8,90.3,1.0,81.0,3.9,10,81.6,Medium,12.6,4.7,2,1,0,1,61.8,60.2,68.9,65.9,72.5,Ready,0,68.9,64.7,73.6,1,3.8,75.9,Positive
SC-2024-1646,Aditi Das,ECE,1st Year,1,C,7.07,78.8,0,6,6,77.7,6,6,80.0,86.1,59.9,3.0,84.7,1.2,13,72.5,Medium,12.2,4.4,4,1,1,2,74.9,71.2,63.6,73.3,73.8,Ready,0,74.5,74.2,65.5,3,4.4,71.2,Neutral
SC-2022-1647,Rahul Kulkarni,IT,3rd Year,6,B,7.26,72.0,0,6,6,71.4,6,6,72.6,,75.5,3.0,84.5,3.8,13,76.4,Medium,13.2,-5.0,4,1,1,1,68.2,74.8,69.1,74.2,72.6,In Progress,1,75.0,65.5,77.6,2,3.9,69.1,Neutral
SC-2024-1648,Utkarsh Shenoy,MECH,1st Year,2,C,9.19,92.2,0,6,6,91.2,6,6,93.1,79.1,59.7,1.0,89.6,3.3,25,100.0,High,20.9,21.7,4,3,1,4,84.8,81.0,95.9,80.5,87.6,Ready,0,88.5,90.3,82.1,6,4.2,87.2,Positive
SC-2024-1649,Tanvi Menon,CSE,1st Year,1,C,7.68,72.6,0,6,6,70.9,6,6,74.3,88.0,81.6,2.0,72.9,-2.9,15,87.9,Medium,8.7,-9.0,3,1,1,2,55.5,63.0,67.6,64.7,66.9,Ready,0,75.9,64.2,68.4,2,4.2,76.7,Positive
SC-2022-1650,Mohit Thakur,IT,3rd Year,5,C,5.36,59.9,2,6,4,63.9,6,2,55.9,86.9,81.8,2.0,45.7,-9.0,3,38.4,Low,4.0,-28.0,0,1,0,0,28.3,36.1,36.0,36.5,25.8,Not Ready,0,47.7,42.0,37.9,0,2.2,52.4,Needs Attention
SC-2021-1651,Nikhil Chopra,CSE,4th Year,8,C,8.44,92.1,0,6,6,92.7,6,6,91.5,81.2,58.5,0.0,88.2,3.1,25,93.5,High,16.5,6.3,5,2,1,4,92.5,86.0,85.6,90.8,98.0,Ready,1,94.4,82.4,87.9,7,4.3,86.5,Positive
SC-2022-1652,Swati Kapoor,CSE,3rd Year,5,C,8.24,78.8,0,6,6,79.2,6,6,78.4,81.3,60.2,1.0,78.8,-1.3,13,87.3,Medium,12.9,0.6,2,1,0,1,44.6,54.9,53.0,55.1,35.4,Not Ready,0,54.5,57.2,50.5,0,3.3,67.5,Neutral
SC-2021-1653,Yash Singh,MECH,4th Year,8,A,8.06,78.7,0,6,6,79.3,6,6,78.1,78.4,83.8,,86.5,-2.7,13,80.0,Medium,8.1,-3.4,3,0,0,0,50.4,53.3,47.3,42.5,52.1,Not Ready,0,48.0,58.6,43.4,0,3.7,75.7,Neutral
SC-2021-1654,Kritika Menon,MECH,4th Year,8,A,9.67,84.5,0,6,6,85.0,6,6,84.0,,71.2,4.0,87.3,0.9,14,96.9,High,21.3,12.2,6,2,1,6,88.2,86.4,94.2,91.8,91.6,Placed,1,88.8,90.8,87.0,7,4.5,90.9,Positive
SC-2021-1655,Ishaan Verma,ECE,4th Year,7,A,7.93,69.2,0,6,6,68.1,6,6,70.3,66.9,,1.0,77.3,2.5,10,80.1,Medium,11.3,-9.1,3,2,1,1,58.4,65.1,64.8,71.4,60.9,Placed,0,60.2,74.5,74.2,2,3.8,76.7,Positive
SC-2021-1656,Kunal Kapoor,CSE,4th Year,7,A,6.19,51.0,4,6,3,54.9,6,3,47.1,88.6,79.5,0.0,44.0,-11.0,2,35.1,Low,3.1,-28.7,0,1,0,0,48.9,38.7,45.0,46.8,40.6,Not Ready,0,33.7,50.0,39.7,0,2.8,49.7,Needs Attention
SC-2021-1657,Aniket Saxena,IT,4th Year,8,A,6.56,68.1,0,6,6,71.5,6,5,64.7,90.3,61.1,2.0,64.1,-18.8,2,64.3,Low,6.7,-46.7,1,0,0,0,41.7,60.5,61.5,58.5,53.4,In Progress,0,63.4,53.1,49.2,2,2.2,54.3,Needs Attention
SC-2022-1658,Gaurav Bhat,ECE,3rd Year,6,A,8.24,76.0,1,6,6,79.1,6,6,73.0,62.8,77.9,0.0,84.1,0.7,9,86.7,Medium,12.1,0.0,2,1,0,0,51.7,48.4,37.6,45.2,50.7,Not Ready,0,56.8,51.0,45.5,0,3.4,69.9,Neutral
SC-2022-1659,Divya Gupta,IT,3rd Year,5,B,9.5,94.0,0,6,6,94.4,6,6,93.5,67.5,79.5,3.0,91.1,2.5,12,91.6,High,20.8,1.8,11,3,1,4,82.6,90.7,84.7,84.4,88.4,Ready,1,95.9,90.3,84.9,6,4.3,85.4,Positive
SC-2024-1660,Kavya Das,CSE,1st Year,1,C,7.11,77.9,1,6,6,79.0,6,5,76.8,60.1,76.2,0.0,82.2,1.5,8,83.8,Medium,11.5,-5.5,3,1,0,2,73.7,66.1,68.2,64.2,60.9,Ready,0,64.8,68.0,76.9,1,4.0,66.4,Neutral
SC-2024-1661,Deepika Iyer,CSE,1st Year,2,C,9.03,91.9,0,6,6,90.6,6,6,93.3,55.4,,2.0,94.7,2.1,27,98.7,High,19.8,11.2,4,3,2,3,81.6,82.0,83.0,92.8,96.9,Ready,1,87.0,90.3,89.7,7,4.7,97.9,Positive
SC-2024-1662,Kunal Reddy,CIVIL,1st Year,2,C,8.05,80.9,0,6,6,84.0,6,6,77.8,87.9,74.2,1.0,80.5,1.3,14,76.8,Medium,11.6,1.7,2,1,0,0,41.8,55.4,39.0,53.4,47.8,In Progress,0,52.4,58.2,42.9,0,3.7,63.8,Neutral
SC-2023-1663,Suresh Singh,AI_DS,2nd Year,4,B,8.09,69.3,0,6,6,68.9,6,6,69.8,88.2,90.3,1.0,79.4,-1.9,7,83.6,Medium,8.3,7.2,2,1,1,1,67.0,72.0,64.3,71.6,70.1,In Progress,0,66.2,68.7,77.4,1,4.1,80.6,Positive
SC-2022-1664,Gaurav Kumar,CSE,3rd Year,5,B,6.59,71.1,2,6,6,75.0,6,4,67.2,65.4,89.3,4.0,62.2,-9.5,7,59.8,Low,6.9,-27.1,1,1,0,0,56.7,68.5,63.4,46.8,54.1,In Progress,0,52.9,51.0,60.6,1,3.0,54.7,Needs Attention
SC-2023-1665,Pranav Yadav,IT,2nd Year,4,C,5.66,50.5,3,6,5,55.3,6,1,45.7,60.4,66.6,0.0,57.0,-7.1,2,51.2,Low,4.1,-29.6,0,1,0,0,44.5,51.0,30.0,40.0,21.9,Not Ready,0,51.3,39.3,44.4,0,3.1,45.4,Needs Attention
SC-2022-1666,Divya Kulkarni,IT,3rd Year,6,C,7.66,76.0,0,6,6,77.7,6,6,74.2,69.0,61.5,4.0,81.4,-2.0,10,77.8,Medium,9.9,-9.6,6,1,1,2,60.4,64.7,74.5,73.1,65.4,In Progress,1,72.0,64.5,65.0,2,3.4,75.2,Positive
SC-2021-1667,Arjun Mehta,CSE,4th Year,8,A,7.83,77.7,0,6,6,76.3,6,6,79.0,65.7,80.6,1.0,87.9,1.5,15,75.7,Medium,9.9,2.2,3,1,0,0,53.7,52.0,44.7,52.8,39.6,Not Ready,0,43.2,58.4,54.5,0,3.6,67.1,Neutral
SC-2022-1668,Rohan Saxena,AI_DS,3rd Year,6,A,5.71,53.5,3,6,3,58.4,6,1,48.7,82.0,66.7,1.0,43.9,-14.1,5,53.0,Low,2.9,-27.9,2,0,0,0,48.5,41.4,34.2,44.6,24.5,Not Ready,0,32.0,43.5,35.6,0,2.2,39.4,Needs Attention
SC-2022-1669,Chirag Thakur,CSE,3rd Year,6,C,6.73,68.0,0,6,6,70.1,6,6,65.9,91.8,90.9,3.0,73.0,0.5,16,84.0,Medium,17.6,17.8,10,2,5,4,83.1,81.1,78.3,85.8,73.6,Ready,1,87.8,88.5,84.4,7,4.8,81.7,Positive
SC-2024-1670,Swati Chatterjee,CSE,1st Year,2,B,7.64,71.1,0,6,6,72.9,6,6,69.3,79.5,58.6,3.0,78.4,2.4,15,73.6,Medium,8.2,4.8,6,2,1,1,66.0,75.2,61.6,64.1,65.7,Ready,0,73.1,72.3,72.0,3,4.4,72.3,Positive
SC-2023-1671,Aditya Sharma,CSE,2nd Year,3,C,7.42,70.8,0,6,6,69.0,6,6,72.7,82.8,72.0,3.0,75.0,0.2,14,71.8,Medium,10.4,10.7,5,2,1,1,68.1,61.2,70.4,66.3,60.4,In Progress,0,61.7,69.9,65.3,3,4.3,76.6,Positive
SC-2022-1672,Karan Deshmukh,CIVIL,3rd Year,5,C,7.47,70.0,1,6,6,77.0,6,4,63.0,88.2,88.0,1.0,60.7,-14.3,7,55.7,Low,3.7,-51.8,1,0,0,0,42.5,55.5,50.2,45.9,57.2,In Progress,0,63.7,56.6,61.7,2,2.7,50.9,Needs Attention
SC-2023-1673,Neha Pandey,MECH,2nd Year,4,A,6.62,68.1,0,6,6,64.2,6,6,71.9,68.1,93.9,1.0,71.0,2.2,12,75.5,Medium,14.6,18.8,6,4,3,2,91.4,78.3,86.1,77.9,89.9,In Progress,0,92.7,81.8,81.6,6,4.6,72.8,Positive
SC-2023-1674,Kritika Nair,ECE,2nd Year,4,C,5.98,48.0,3,6,3,53.3,6,1,42.6,72.8,59.6,4.0,45.0,-12.1,4,50.6,Low,2.4,-26.4,2,0,0,0,38.5,39.6,30.7,40.9,28.4,Not Ready,0,39.9,44.2,40.6,1,3.0,43.9,Needs Attention
SC-2024-1675,Tanvi Rao,AI_DS,1st Year,2,C,7.14,78.9,0,6,6,78.1,6,6,79.8,58.5,75.9,1.0,73.9,-1.2,10,78.0,Medium,10.8,-3.7,2,1,1,2,64.3,68.9,62.8,64.0,63.0,Ready,0,77.2,69.7,68.4,1,3.7,72.6,Positive
SC-2022-1676,Akhil Kulkarni,CIVIL,3rd Year,5,B,8.96,91.7,0,6,6,92.2,6,6,91.1,89.2,61.0,,94.9,2.5,22,90.9,High,23.8,20.0,10,3,2,4,94.3,94.6,93.6,82.0,91.2,Ready,1,90.8,92.8,91.4,3,4.9,85.5,Positive
SC-2022-1677,Nikhil Pandey,ECE,3rd Year,5,C,5.9,52.6,6,6,5,58.8,6,4,46.5,78.3,82.7,3.0,61.9,-13.9,1,50.7,Low,3.4,-46.4,1,1,0,0,37.1,36.6,44.1,41.4,32.8,Not Ready,0,34.0,47.9,45.0,1,2.7,41.5,Needs Attention
SC-2021-1678,Gaurav Saxena,ECE,4th Year,8,B,6.64,66.1,1,6,6,67.9,6,5,64.2,76.3,69.7,1.0,77.7,-3.5,12,79.9,Medium,15.5,5.1,7,4,3,5,86.3,72.6,78.3,76.5,80.6,Ready,0,87.5,76.8,78.5,5,3.9,73.1,Positive
SC-2023-1679,Aniket Kapoor,AI_DS,2nd Year,4,A,5.22,59.0,4,6,4,61.9,6,1,56.0,74.2,61.4,2.0,54.1,-11.3,1,56.4,Low,5.4,-28.1,2,0,0,0,48.5,45.1,33.0,39.1,22.5,Not Ready,0,52.1,48.6,47.1,1,2.4,56.3,Needs Attention
SC-2022-1680,Kritika Gupta,CSE,3rd Year,6,A,8.77,95.5,0,6,6,95.2,6,6,95.7,70.0,77.7,0.0,89.8,3.0,23,90.5,High,20.2,13.2,12,3,2,2,87.3,89.6,84.2,89.3,94.3,Ready,1,89.3,89.9,91.5,3,4.9,97.6,Positive
SC-2024-1681,Rakesh Singh,AI_DS,1st Year,1,B,8.15,80.9,0,6,6,80.6,6,6,81.3,84.4,60.4,3.0,78.6,-2.7,11,91.3,Medium,8.4,-3.9,4,0,0,1,42.5,51.7,50.5,43.6,33.9,In Progress,0,53.0,58.0,51.2,0,4.0,75.6,Neutral
SC-2022-1682,Neha Patel,IT,3rd Year,6,A,7.15,78.0,0,6,6,78.6,6,6,77.5,72.3,69.6,2.0,74.7,-3.6,8,75.8,Medium,8.2,-8.5,4,2,0,2,63.8,61.4,70.1,73.4,72.3,In Progress,1,67.3,71.8,65.5,2,3.7,71.9,Neutral
SC-2024-1683,Yash Thakur,MECH,1st Year,1,C,9.6,90.4,0,6,6,90.4,6,6,90.4,71.2,89.3,1.0,86.7,0.2,14,99.2,High,23.2,20.1,4,3,1,5,94.7,86.1,89.1,80.3,98.4,Ready,1,93.9,90.2,90.9,4,4.7,86.7,Positive
SC-2021-1684,Nisha Malhotra,MECH,4th Year,7,C,7.52,68.8,2,6,6,73.7,6,4,63.9,61.3,,3.0,56.9,-13.7,7,50.4,Low,5.3,-27.7,0,0,0,0,35.3,63.5,50.4,58.6,52.7,In Progress,0,65.0,58.1,54.9,1,2.9,55.7,Needs Attention
SC-2024-1685,Meera Mishra,CSE,1st Year,2,A,7.58,69.1,0,6,6,69.7,6,6,68.5,71.0,94.7,,76.1,-2.5,7,76.0,Medium,14.0,12.1,2,1,1,1,71.1,60.7,67.4,62.6,78.7,Ready,0,63.3,62.2,74.1,2,4.3,69.5,Neutral
SC-2024-1686,Manish Chatterjee,AI_DS,1st Year,1,C,6.84,64.0,0,6,6,68.9,6,5,59.0,88.7,,,63.2,-15.7,3,49.4,Low,5.2,-43.8,2,1,0,0,53.2,60.7,55.2,61.7,59.5,In Progress,0,60.0,51.8,49.7,1,2.7,50.2,Needs Attention
SC-2023-1687,Mohit Chatterjee,CIVIL,2nd Year,4,B,9.56,87.2,0,6,6,85.9,6,6,88.4,77.4,91.5,3.0,96.8,-1.1,12,90.6,High,14.2,8.2,8,4,5,4,90.9,89.0,95.1,88.5,89.6,Ready,0,92.5,83.6,93.3,3,5.0,88.0,Positive
SC-2021-1688,Nisha Verma,CSE,4th Year,8,B,6.31,67.1,1,6,6,64.6,6,5,69.6,56.7,77.5,2.0,76.2,2.5,18,80.7,Medium,13.3,23.4,11,4,3,3,85.5,78.6,88.6,82.6,89.2,Ready,0,92.7,85.5,90.4,3,4.3,74.5,Positive
SC-2023-1689,Tanvi Pillai,ECE,2nd Year,4,C,6.78,69.5,1,6,6,75.3,6,4,63.6,83.2,78.0,1.0,65.8,-14.3,3,46.6,Low,4.4,-57.0,1,1,0,0,57.4,65.3,60.1,55.2,43.2,In Progress,0,58.0,58.0,50.9,2,3.4,49.5,Needs Attention
SC-2022-1690,Pooja Yadav,ECE,3rd Year,6,B,7.87,79.0,0,6,6,81.4,6,6,76.6,78.0,63.9,1.0,82.5,0.8,14,80.3,Medium,8.7,-1.5,4,0,0,0,58.3,42.8,53.2,44.3,42.6,Not Ready,0,44.9,57.4,48.3,0,3.8,63.4,Neutral
SC-2023-1691,Aayush Gupta,CSE,2nd Year,3,B,9.17,90.5,0,6,6,89.9,6,6,91.0,68.8,73.8,,89.0,2.1,13,99.5,High,22.0,21.9,4,3,1,3,82.9,84.8,78.1,92.6,90.0,Ready,0,92.5,85.2,94.3,6,4.4,94.7,Positive
SC-2024-1692,Aayush Kapoor,AI_DS,1st Year,2,A,5.81,58.0,3,6,4,63.1,6,3,52.9,73.2,78.9,,43.3,-7.2,2,51.3,Low,5.7,-41.0,1,0,0,0,49.1,42.7,28.9,51.6,46.4,Not Ready,0,52.9,54.4,46.5,0,2.6,54.8,Needs Attention
SC-2023-1693,Manish Gupta,IT,2nd Year,4,B,9.45,82.7,0,6,6,82.0,6,6,83.4,76.7,83.6,2.0,95.3,-1.4,27,98.0,High,14.8,19.5,5,4,5,2,86.8,86.0,79.2,88.6,95.3,Ready,0,93.1,88.5,84.3,4,4.7,90.6,Positive
SC-2024-1694,Sneha Rao,MECH,1st Year,2,B,7.51,71.6,2,6,6,77.0,6,4,66.2,90.9,94.0,2.0,59.7,-16.4,6,50.3,Low,6.2,-56.6,1,0,0,0,59.6,61.5,56.0,53.4,46.7,In Progress,0,56.6,57.0,63.1,1,3.2,52.5,Needs Attention
SC-2023-1695,Priya Gupta,AI_DS,2nd Year,4,A,7.73,68.8,0,6,6,69.5,6,6,68.2,68.2,75.8,2.0,75.5,-0.4,10,83.8,Medium,11.7,-3.4,2,2,1,1,58.5,75.1,66.0,67.5,68.0,In Progress,0,61.9,67.5,71.7,3,4.0,70.3,Neutral
SC-2024-1696,Rahul Chopra,CSE,1st Year,2,C,9.24,93.8,0,6,6,93.7,6,6,93.9,83.7,95.2,3.0,92.0,2.1,24,88.5,High,21.9,22.7,8,4,1,3,86.2,83.8,91.3,89.8,99.4,Ready,0,82.0,80.3,83.4,6,4.8,98.0,Positive
SC-2023-1697,Suresh Joshi,CSE,2nd Year,3,C,7.28,73.1,0,6,6,74.2,6,6,71.9,,84.6,4.0,85.1,-1.0,13,70.7,Medium,10.8,-5.2,5,1,0,1,64.2,69.9,58.5,72.7,75.2,In Progress,0,67.9,62.6,66.9,3,4.2,69.6,Neutral
SC-2021-1698,Riya Shenoy,ECE,4th Year,7,C,8.17,80.0,1,6,6,79.3,6,6,80.8,,80.9,2.0,82.9,-2.0,14,83.3,Medium,9.4,6.1,3,1,0,0,49.8,49.3,37.5,47.7,36.8,Not Ready,0,43.4,47.4,54.8,0,3.8,71.8,Neutral
SC-2024-1699,Rakesh Joshi,ECE,1st Year,2,B,9.4,92.5,0,6,6,92.2,6,6,92.7,90.9,80.5,0.0,95.2,3.4,20,94.2,High,14.2,17.6,4,4,1,5,90.1,83.7,84.6,89.4,97.7,Ready,0,84.1,91.5,89.2,5,4.2,97.9,Positive
SC-2022-1700,Varun Das,IT,3rd Year,5,C,8.58,86.1,0,6,6,84.7,6,6,87.5,70.0,68.6,0.0,86.9,1.9,17,91.9,High,15.6,9.4,5,4,4,6,88.5,95.7,93.2,92.2,98.0,Ready,1,92.6,84.5,95.5,5,4.4,89.8,Positive
SC-2024-1701,Suresh Mehta,CSE,1st Year,1,A,6.81,67.2,0,6,6,68.9,6,6,65.6,65.7,,,72.5,2.6,20,77.2,Medium,15.5,10.0,11,4,4,2,88.1,82.4,91.8,87.0,75.7,In Progress,0,89.4,76.7,91.1,5,4.5,75.9,Positive
SC-2022-1702,Harsh Mishra,CSE,3rd Year,5,A,5.61,55.4,5,6,4,57.6,6,4,53.1,88.8,59.9,4.0,53.5,-2.1,6,50.3,Low,4.0,-16.1,0,1,0,0,36.3,50.5,36.2,41.7,39.6,Not Ready,0,47.2,36.3,40.3,0,2.5,36.0,Needs Attention
SC-2023-1703,Akhil Joshi,IT,2nd Year,4,B,7.76,76.5,1,6,6,79.6,6,6,73.4,59.9,,4.0,86.6,-1.0,13,87.2,Medium,12.1,-4.3,1,1,0,1,55.9,51.1,53.3,50.9,48.8,In Progress,0,52.3,47.7,44.1,0,3.7,71.5,Neutral
SC-2021-1704,Vikas Kumar,CIVIL,4th Year,8,B,6.73,73.8,1,6,6,77.2,6,4,70.5,63.0,78.7,2.0,58.2,-9.2,7,47.8,Low,6.5,-26.9,1,0,0,0,38.5,56.7,57.7,60.8,40.5,In Progress,0,61.3,55.3,60.3,1,2.4,62.3,Needs Attention
SC-2021-1705,Rakesh Kulkarni,IT,4th Year,8,B,5.18,51.2,4,6,3,57.8,6,3,44.6,87.3,75.2,3.0,49.5,-12.2,6,51.2,Low,2.5,-20.0,2,0,0,0,34.1,54.1,44.8,35.0,36.3,Not Ready,0,36.2,46.4,39.4,1,2.6,35.3,Needs Attention
SC-2024-1706,Tanvi Saxena,CSE,1st Year,1,B,9.1,96.4,0,6,6,94.7,6,6,98.1,67.4,82.9,4.0,89.6,-0.8,24,88.1,High,14.9,9.8,12,2,5,6,84.8,83.8,84.9,83.9,96.3,Ready,0,93.7,86.4,94.1,6,4.9,85.1,Positive
SC-2024-1707,Nisha Agarwal,CSE,1st Year,1,A,7.12,72.3,0,6,6,71.2,6,6,73.5,89.3,64.2,,82.5,1.8,14,76.0,Medium,12.5,2.5,4,2,0,1,61.0,64.5,67.1,60.6,66.1,Ready,0,75.7,69.0,74.4,1,3.9,81.8,Positive
SC-2021-1708,Aniket Shenoy,IT,4th Year,8,A,6.64,64.8,0,6,6,72.8,6,5,56.9,65.3,78.1,3.0,61.1,-16.3,5,52.2,Low,5.7,-51.0,1,1,0,0,38.7,63.5,55.8,47.8,53.7,In Progress,0,53.4,56.1,50.8,1,3.1,57.9,Needs Attention
SC-2024-1709,Aditya Saxena,CSE,1st Year,2,B,9.49,89.6,0,6,6,88.7,6,6,90.4,77.2,65.1,3.0,96.3,3.4,26,93.3,High,17.7,1.0,7,4,5,5,82.2,83.6,86.4,82.8,96.2,Ready,1,88.2,89.4,83.2,6,4.8,97.8,Positive
SC-2021-1710,Aditya Menon,ECE,4th Year,7,A,6.49,64.0,0,6,6,62.5,6,6,65.6,64.7,59.8,2.0,77.4,3.4,14,72.8,Medium,10.2,14.2,5,3,6,4,90.6,78.9,78.0,81.8,84.4,Ready,0,86.1,88.1,81.2,4,4.4,73.4,Positive
SC-2023-1711,Neha Mishra,ECE,2nd Year,4,A,6.34,51.4,6,6,3,55.1,6,3,47.6,78.6,62.6,3.0,48.2,-13.1,1,42.5,Low,6.4,-38.6,1,0,0,0,36.0,51.8,38.6,49.2,48.5,Not Ready,0,44.1,47.8,40.9,1,1.8,39.1,Needs Attention
SC-2024-1712,Bhavna Bhat,CSE,1st Year,2,C,9.49,91.9,0,6,6,91.3,6,6,92.5,55.3,,0.0,91.7,1.4,27,89.9,High,22.9,12.4,5,3,2,4,88.5,92.8,81.1,92.3,92.1,Ready,0,87.5,84.2,88.0,4,4.2,87.4,Positive
SC-2021-1713,Tanvi Nair,AI_DS,4th Year,7,A,9.35,93.2,0,6,6,92.2,6,6,94.1,66.0,66.7,0.0,86.0,2.5,27,92.3,High,17.7,6.8,10,3,5,5,89.3,90.5,90.5,80.8,98.3,Placed,0,91.1,80.3,83.4,4,4.4,93.8,Positive
SC-2021-1714,Pranav Nair,CSE,4th Year,8,C,7.25,71.3,0,6,6,71.0,6,6,71.6,79.4,76.4,4.0,72.6,0.3,20,68.2,Medium,10.4,7.0,9,3,5,3,83.4,74.4,79.2,83.9,81.7,Ready,1,81.4,84.1,76.1,5,3.8,73.7,Positive
SC-2021-1715,Arjun Pandey,IT,4th Year,7,C,9.41,86.6,0,6,6,86.9,6,6,86.3,93.9,75.7,3.0,94.5,3.8,26,98.1,High,22.3,14.4,7,3,5,4,87.6,89.5,79.9,88.0,99.1,Placed,1,93.3,81.1,93.8,7,4.6,86.1,Positive
SC-2023-1716,Yash Malhotra,ECE,2nd Year,3,B,7.58,79.7,0,6,6,80.2,6,6,79.1,70.1,70.8,2.0,87.7,-2.1,15,87.4,Medium,9.4,6.8,4,1,0,1,43.4,54.0,40.6,49.4,34.9,In Progress,0,56.1,57.8,52.0,1,3.5,64.6,Neutral
SC-2022-1717,Kritika Kulkarni,ECE,3rd Year,5,B,6.28,51.2,2,6,5,55.6,6,3,46.9,56.3,80.8,,59.3,-2.5,6,35.7,Low,2.2,-43.5,2,0,0,0,37.6,42.4,33.0,40.3,28.6,Not Ready,0,35.7,42.6,47.6,0,2.0,41.0,Needs Attention
SC-2024-1718,Pranav Kumar,CSE,1st Year,2,B,7.06,74.4,0,6,6,72.8,6,6,76.1,93.5,70.3,3.0,75.6,3.7,12,77.6,Medium,13.8,-9.7,2,1,1,1,73.4,72.8,61.7,64.9,70.5,Ready,0,73.3,69.2,65.5,1,4.0,75.8,Positive
SC-2022-1719,Sneha Malhotra,ECE,3rd Year,6,C,6.83,71.1,0,6,6,70.0,6,6,72.2,83.6,82.4,4.0,74.3,-1.6,10,77.2,Medium,8.1,8.0,3,1,0,1,63.6,73.5,64.9,73.0,72.9,In Progress,0,68.1,69.8,75.2,3,3.7,69.4,Neutral
SC-2022-1720,Gaurav Thakur,CSE,3rd Year,6,B,7.25,67.8,0,6,6,68.2,6,6,67.4,88.5,64.9,2.0,72.8,0.6,19,68.3,Medium,12.6,9.9,7,4,4,3,87.7,76.9,81.6,79.3,75.5,Ready,1,87.2,88.3,79.9,6,4.0,77.4,Positive
SC-2024-1721,Sneha Menon,AI_DS,1st Year,2,C,9.55,84.0,0,6,6,84.2,6,6,83.7,82.5,71.0,0.0,90.2,0.3,14,92.8,High,15.3,20.5,9,2,1,5,90.6,85.9,84.4,88.0,92.5,Ready,1,95.4,83.7,96.0,3,4.3,87.0,Positive
SC-2023-1722,Harsh Chopra,IT,2nd Year,3,A,7.16,70.6,0,6,6,77.4,6,5,63.7,67.6,62.6,3.0,56.0,-18.9,3,61.4,Low,5.9,-29.6,0,1,0,0,52.9,58.3,59.7,55.4,45.1,In Progress,0,62.2,49.1,58.8,2,2.3,59.8,Needs Attention
SC-2024-1723,Nisha Kulkarni,CIVIL,1st Year,1,A,7.98,69.1,0,6,6,69.4,6,6,68.7,78.8,60.9,1.0,83.8,-3.4,15,81.8,Medium,13.4,7.9,3,2,0,1,72.5,60.0,65.4,61.1,60.8,Ready,0,62.8,67.0,70.1,2,3.9,71.1,Neutral
SC-2021-1724,Aayush Yadav,IT,4th Year,7,B,7.87,78.2,0,6,6,76.8,6,6,79.6,92.2,,0.0,82.3,0.8,14,85.0,Medium,11.1,3.9,6,1,0,2,71.0,74.3,69.2,65.8,64.9,Placed,0,69.1,73.3,73.2,1,3.9,76.6,Positive
SC-2022-1725,Riya Yadav,AI_DS,3rd Year,6,C,6.54,71.0,1,6,6,77.5,6,4,64.4,79.1,77.8,4.0,57.0,-20.0,7,64.7,Low,3.4,-38.2,1,1,0,0,38.9,57.9,51.6,52.1,40.4,In Progress,0,58.3,59.6,58.8,1,3.4,51.8,Needs Attention
SC-2022-1726,Aditya Rao,ECE,3rd Year,5,B,8.65,77.1,0,6,6,78.7,6,6,75.4,,74.7,1.0,78.5,-0.8,16,83.8,Medium,10.5,-2.0,3,1,0,0,41.7,46.9,43.2,44.3,45.2,Not Ready,0,47.8,50.4,58.0,0,3.9,63.4,Neutral
SC-2022-1727,Priya Pillai,CIVIL,3rd Year,6,A,9.48,92.2,0,6,6,91.8,6,6,92.7,66.8,77.3,0.0,88.9,2.2,15,92.5,High,20.9,12.0,6,3,1,4,84.2,87.7,80.8,92.8,87.2,Ready,1,83.9,85.2,93.5,5,4.3,93.6,Positive
SC-2021-1728,Kavya Pandey,CSE,4th Year,7,C,7.16,67.6,0,6,6,71.1,6,5,64.1,80.8,68.3,1.0,57.8,-17.6,4,50.0,Low,3.9,-38.1,0,0,0,0,49.5,59.4,53.3,55.5,52.4,In Progress,0,53.6,48.3,58.4,2,2.3,64.9,Needs Attention
SC-2022-1729,Ishaan Chopra,IT,3rd Year,5,B,6.46,66.4,0,6,6,68.3,6,6,64.6,90.3,,,72.0,-2.0,12,71.8,Medium,17.6,5.9,11,4,5,5,92.8,83.6,79.6,77.8,84.5,Ready,1,90.3,87.2,77.6,7,4.7,74.7,Positive
SC-2022-1730,Deepika Chatterjee,CSE,3rd Year,5,C,8.17,79.9,0,6,6,79.8,6,6,80.0,73.5,59.6,0.0,86.2,-1.1,11,82.1,Medium,10.0,-0.4,3,1,0,1,46.1,42.2,38.0,55.6,47.4,Not Ready,0,44.4,52.6,55.4,0,3.7,65.9,Neutral
SC-2022-1731,Manish Malhotra,ECE,3rd Year,6,B,6.92,74.7,0,6,6,73.5,6,6,75.8,85.2,62.2,4.0,73.3,0.0,8,85.0,Medium,12.9,10.1,6,1,1,2,74.1,70.8,60.4,64.6,69.7,In Progress,0,72.0,65.4,61.1,1,3.6,66.3,Neutral
SC-2022-1732,Nikhil Sharma,CSE,3rd Year,5,B,7.33,70.3,1,6,6,76.7,6,4,64.0,60.0,75.4,3.0,59.0,-14.6,6,52.2,Low,3.0,-35.2,0,1,0,0,46.3,59.4,61.9,52.8,44.3,In Progress,0,50.3,49.7,60.6,2,3.1,54.6,Needs Attention
SC-2024-1733,Ananya Iyer,AI_DS,1st Year,2,B,6.85,68.2,2,6,6,74.3,6,4,62.2,69.0,84.7,2.0,67.6,-14.6,6,63.9,Low,4.0,-60.7,0,1,0,0,53.7,70.0,52.9,48.2,52.6,In Progress,0,65.4,49.1,61.0,1,2.5,55.3,Needs Attention
SC-2023-1734,Riya Joshi,AI_DS,2nd Year,3,C,6.9,66.9,1,6,6,65.3,6,5,68.5,71.2,95.6,3.0,71.1,-1.4,16,68.6,Medium,17.4,5.5,9,3,4,5,87.0,72.8,87.0,84.4,84.0,In Progress,0,91.4,83.5,84.1,7,3.9,72.2,Positive
SC-2022-1735,Aarav Yadav,CIVIL,3rd Year,6,C,7.47,79.3,1,6,6,78.9,6,5,79.7,64.3,77.7,3.0,83.3,2.5,7,78.0,Medium,8.6,13.3,2,2,0,2,71.6,75.9,62.7,60.4,78.4,In Progress,0,65.3,77.1,74.6,2,4.2,72.2,Positive
SC-2022-1736,Sneha Yadav,IT,3rd Year,5,A,8.07,72.5,0,6,6,71.7,6,6,73.3,77.4,78.0,1.0,80.2,-2.6,13,87.6,Medium,9.3,-0.4,2,2,1,1,57.1,67.3,74.3,73.0,75.3,In Progress,1,62.8,70.1,72.9,1,4.3,68.3,Neutral
SC-2023-1737,Gaurav Chatterjee,CIVIL,2nd Year,4,B,7.78,70.1,0,6,6,71.3,6,6,68.9,85.0,73.2,4.0,73.7,2.1,13,77.9,Medium,8.2,-9.9,4,1,1,1,71.5,67.4,60.1,73.2,62.4,In Progress,0,62.5,62.4,72.6,3,4.0,68.2,Neutral
SC-2022-1738,Aditya Mehta,ECE,3rd Year,5,C,7.8,75.8,0,6,6,75.9,6,6,75.7,68.1,,,83.8,-3.2,15,87.7,Medium,10.4,8.7,3,2,1,1,67.1,73.6,58.9,60.4,78.5,In Progress,0,61.0,62.8,61.4,1,4.1,77.7,Positive
SC-2022-1739,Ishaan Mishra,MECH,3rd Year,5,A,7.61,61.8,0,6,6,68.5,6,5,55.1,60.0,93.9,1.0,61.7,-12.1,3,55.6,Low,4.2,-26.1,2,0,0,0,54.1,65.3,63.1,57.1,51.2,In Progress,0,56.5,50.0,58.1,1,2.3,52.5,Needs Attention
SC-2023-1740,Arjun Bhat,MECH,2nd Year,3,A,6.53,69.8,0,6,6,75.5,6,5,64.2,,74.5,,67.8,-10.1,2,54.6,Low,3.3,-39.8,2,0,0,0,55.7,57.3,55.0,58.0,53.8,In Progress,0,57.0,51.8,55.1,2,3.3,58.4,Needs Attention
SC-2024-1741,Karan Malhotra,MECH,1st Year,1,A,6.06,56.5,6,6,3,62.6,6,4,50.5,80.2,85.7,0.0,60.2,-12.7,5,40.5,Low,4.6,-30.8,2,1,0,0,50.4,38.5,32.1,35.7,38.4,Not Ready,0,48.8,40.2,45.7,1,2.9,40.7,Needs Attention
SC-2024-1742,Deepika Patel,IT,1st Year,2,B,7.16,74.6,1,6,6,76.5,6,5,72.7,62.1,73.1,1.0,79.9,-0.2,12,75.7,Medium,10.1,6.9,2,2,0,2,65.6,74.9,58.9,73.8,71.5,Ready,0,72.4,62.3,73.1,2,4.4,73.0,Positive
SC-2023-1743,Pooja Pillai,ECE,2nd Year,3,C,8.85,92.0,0,6,6,91.2,6,6,92.7,91.9,,3.0,97.4,1.1,19,96.7,High,23.7,19.9,7,4,3,5,92.8,85.1,84.2,88.5,94.7,Ready,0,92.1,83.8,83.2,3,4.5,87.8,Positive
SC-2022-1744,Priya Das,ECE,3rd Year,5,A,8.91,91.0,0,6,6,89.8,6,6,92.2,76.0,82.2,3.0,87.9,-0.4,12,94.5,High,17.6,23.9,4,4,5,3,88.7,82.7,82.5,89.6,87.1,Ready,1,95.5,91.7,84.4,3,4.0,91.1,Positive
SC-2023-1745,Priya Kumar,ECE,2nd Year,3,A,6.89,78.3,0,6,6,78.1,6,6,78.5,76.5,62.9,1.0,73.9,-0.2,8,77.9,Medium,12.3,2.3,5,1,1,2,56.3,70.0,70.4,65.3,61.8,In Progress,0,72.8,62.3,66.5,1,3.4,67.0,Neutral
SC-2023-1746,Ananya Sharma,CSE,2nd Year,4,A,5.01,51.8,4,6,3,53.8,6,2,49.8,91.0,72.6,2.0,60.1,-6.3,6,38.3,Low,5.7,-44.0,1,1,0,0,49.2,47.1,49.6,47.4,24.2,Not Ready,0,53.0,35.6,44.1,1,2.8,40.1,Needs Attention
SC-2024-1747,Kavya Chatterjee,CSE,1st Year,1,B,8.49,81.6,0,6,6,82.3,6,6,80.9,55.7,88.6,3.0,90.7,1.7,12,88.4,High,19.5,7.3,9,4,1,2,84.9,90.5,86.8,84.5,93.7,Ready,0,91.7,87.2,90.2,5,4.1,89.7,Positive
SC-2022-1748,Mohit Yadav,IT,3rd Year,6,C,8.86,84.0,0,6,6,84.2,6,6,83.7,59.6,64.0,4.0,88.0,2.1,13,91.9,High,22.4,4.8,11,4,4,4,83.5,94.7,91.3,94.3,97.8,Ready,1,95.9,82.4,86.8,4,4.6,85.6,Positive
SC-2023-1749,Shreya Saxena,IT,2nd Year,4,A,7.78,70.2,1,6,6,73.3,6,4,67.1,85.7,71.8,0.0,58.1,-16.9,4,61.0,Low,5.1,-33.1,0,1,0,0,37.9,63.2,49.1,60.1,56.9,In Progress,0,63.2,50.1,57.0,1,2.6,59.9,Needs Attention
SC-2021-1750,Pooja Iyer,ECE,4th Year,7,B,8.79,75.1,0,6,6,74.2,6,6,76.0,62.3,65.7,4.0,82.6,-0.9,10,82.5,Medium,9.5,4.3,1,0,0,1,40.0,51.1,52.0,44.4,43.3,Not Ready,0,49.4,59.2,54.8,0,3.9,72.5,Neutral
SC-2023-1751,Sanya Agarwal,ECE,2nd Year,3,C,8.18,73.0,0,6,6,71.4,6,6,74.6,80.7,90.7,4.0,82.4,2.0,14,80.4,Medium,13.2,4.9,5,1,1,2,73.7,74.6,72.6,63.3,70.4,In Progress,0,68.7,70.7,69.3,2,4.3,67.5,Neutral
SC-2023-1752,Vikas Yadav,CSE,2nd Year,3,C,6.82,71.2,2,6,6,77.1,6,4,65.4,84.8,82.3,2.0,63.4,-14.4,5,56.7,Low,5.5,-25.8,2,1,0,0,54.5,59.7,59.6,55.9,45.1,In Progress,0,62.8,52.4,61.3,1,2.7,57.9,Needs Attention
SC-2023-1753,Nikhil Yadav,ECE,2nd Year,4,A,7.72,65.9,2,6,6,70.6,6,4,61.2,57.9,69.8,2.0,63.5,-13.8,6,55.3,Low,6.8,-39.5,2,0,0,0,46.6,64.1,61.3,61.4,47.3,In Progress,0,63.7,55.2,59.6,2,2.6,59.3,Needs Attention
SC-2023-1754,Tanvi Kapoor,IT,2nd Year,3,C,7.59,74.2,1,6,6,77.6,6,4,70.7,56.7,61.3,1.0,67.0,-12.4,3,51.3,Low,3.1,-39.9,1,0,0,0,44.7,57.4,51.2,57.2,50.0,In Progress,0,54.5,51.8,49.4,2,2.4,57.4,Needs Attention
SC-2022-1755,Kritika Malhotra,IT,3rd Year,5,B,7.13,76.8,0,6,6,77.7,6,6,76.0,57.9,69.7,2.0,78.3,-1.9,7,73.4,Medium,13.8,-3.9,5,2,0,2,63.5,69.8,73.1,68.8,74.2,In Progress,0,66.2,69.2,77.8,1,3.4,72.0,Positive
SC-2022-1756,Harsh Reddy,MECH,3rd Year,5,C,7.03,69.0,0,6,6,70.4,6,6,67.6,83.2,77.0,4.0,75.3,-0.8,12,70.9,Medium,11.2,27.5,8,4,2,4,85.8,72.5,86.9,77.6,84.8,Ready,1,85.2,79.2,91.0,7,4.1,74.0,Positive
SC-2024-1757,Kavya Joshi,AI_DS,1st Year,1,C,7.44,63.5,0,6,6,70.6,6,5,56.4,79.2,93.7,0.0,55.5,-13.8,7,59.8,Low,4.0,-42.4,2,0,0,0,58.7,61.4,63.8,45.3,58.9,In Progress,0,52.9,49.0,54.0,2,3.0,54.8,Needs Attention
SC-2024-1758,Isha Verma,CSE,1st Year,1,B,7.66,73.1,0,6,6,73.2,6,6,73.0,,91.6,3.0,74.3,-3.1,9,83.1,Medium,11.3,-5.2,3,1,0,1,66.6,66.0,69.0,62.2,60.0,Ready,0,66.1,62.4,61.5,1,4.3,65.7,Neutral
SC-2021-1759,Meera Singh,IT,4th Year,8,C,6.86,69.7,0,6,6,69.4,6,6,69.9,71.3,73.8,0.0,75.3,-2.7,18,83.9,Medium,10.5,9.5,7,4,6,2,94.4,83.7,80.7,87.6,82.2,Ready,1,83.6,85.3,81.9,7,4.1,83.9,Positive
SC-2021-1760,Manish Iyer,CSE,4th Year,7,B,7.1,67.0,1,6,6,73.5,6,4,60.6,71.0,,4.0,61.1,-13.4,6,50.2,Low,4.8,-32.6,2,1,0,0,45.4,62.2,55.8,59.7,59.9,In Progress,0,51.4,62.5,55.3,2,3.3,50.6,Needs Attention
SC-2021-1761,Mohit Patel,CSE,4th Year,8,A,6.8,76.7,0,6,6,78.4,6,6,75.0,69.9,61.2,0.0,79.2,-0.6,12,77.0,Medium,12.3,3.6,2,1,0,2,62.6,76.0,74.5,68.7,67.4,Ready,0,69.4,76.4,75.8,2,3.5,76.6,Positive
SC-2024-1762,Rakesh Mishra,ECE,1st Year,2,C,8.57,82.5,0,6,6,82.0,6,6,83.1,57.7,,0.0,94.7,0.7,15,92.4,High,14.4,11.7,5,4,1,5,92.4,80.9,82.1,86.4,93.2,Ready,0,88.2,85.3,91.8,5,4.4,93.7,Positive
SC-2024-1763,Sneha Verma,ECE,1st Year,1,C,8.65,86.7,0,6,6,87.2,6,6,86.1,78.8,75.1,1.0,94.0,1.6,17,96.2,High,23.3,5.7,6,2,1,2,94.8,82.8,94.2,87.1,98.6,Ready,1,88.6,89.1,91.4,5,4.6,96.3,Positive
SC-2023-1764,Rohan Agarwal,CSE,2nd Year,3,A,7.97,79.8,0,6,6,78.2,6,6,81.3,68.7,88.7,4.0,84.2,-2.8,13,76.6,Medium,13.4,-5.0,4,0,0,1,55.8,54.7,42.5,48.3,49.6,In Progress,0,51.7,50.1,43.8,1,3.8,62.1,Neutral
SC-2023-1765,Rahul Pillai,MECH,2nd Year,4,B,7.26,69.2,0,6,6,73.2,6,5,65.1,58.6,92.6,0.0,65.7,-16.0,5,48.4,Low,5.9,-38.0,1,1,0,0,41.6,55.4,58.5,54.5,44.2,In Progress,0,54.1,60.2,51.7,2,3.1,49.9,Needs Attention
SC-2022-1766,Kritika Bose,ECE,3rd Year,5,A,7.3,72.9,1,6,6,72.9,6,5,72.9,89.8,93.0,0.0,74.9,2.5,14,83.0,Medium,9.2,-3.1,6,1,0,1,58.0,73.7,62.5,65.2,79.4,In Progress,0,76.8,62.1,75.3,2,3.9,67.8,Neutral
SC-2023-1767,Gaurav Patel,MECH,2nd Year,4,B,7.23,71.8,0,6,6,71.5,6,6,72.2,91.8,81.5,4.0,85.1,3.7,14,83.0,Medium,13.5,7.1,3,1,1,2,56.6,62.9,63.7,60.7,65.4,In Progress,0,74.4,71.9,76.1,2,3.8,81.0,Positive
SC-2024-1768,Sneha Mehta,ECE,1st Year,2,B,7.06,64.2,0,6,6,64.4,6,6,64.0,66.2,68.9,4.0,81.0,3.4,12,80.3,Medium,14.6,20.9,8,3,2,4,94.4,75.0,89.1,77.3,91.8,In Progress,0,93.8,83.3,80.0,4,4.3,72.4,Positive
SC-2022-1769,Sahil Mishra,CSE,3rd Year,5,A,6.35,54.8,5,6,3,59.9,6,3,49.8,66.4,91.2,0.0,52.4,-3.7,2,37.3,Low,2.2,-26.7,1,1,0,0,32.2,36.1,46.4,51.2,25.3,Not Ready,0,51.5,48.0,47.0,1,1.9,44.5,Needs Attention
SC-2023-1770,Chirag Kumar,CSE,2nd Year,3,C,7.99,78.9,1,6,6,78.8,6,5,79.1,91.6,78.5,0.0,83.2,3.2,13,71.4,Medium,12.2,-2.5,6,2,1,2,59.6,66.9,70.0,64.4,70.5,In Progress,0,60.5,72.1,69.9,3,3.6,67.4,Neutral
SC-2024-1771,Pooja Kapoor,MECH,1st Year,2,C,7.5,81.2,0,6,6,79.9,6,6,82.6,89.9,72.8,4.0,85.9,-0.4,7,75.9,Medium,8.3,-8.0,3,1,1,1,70.9,72.1,60.8,71.2,78.4,Ready,0,63.7,68.9,66.9,2,4.4,67.2,Neutral
SC-2024-1772,Pranav Singh,IT,1st Year,2,A,7.81,70.1,0,6,6,68.1,6,6,72.1,87.2,77.0,0.0,78.8,0.5,11,77.9,Medium,8.5,8.6,5,1,0,1,60.3,70.1,71.8,71.3,79.6,Ready,0,71.5,67.9,64.4,2,3.6,81.2,Positive
SC-2023-1773,Pranav Gupta,AI_DS,2nd Year,4,A,9.72,92.6,0,6,6,92.9,6,6,92.2,81.0,62.0,4.0,93.6,3.0,17,94.6,High,22.2,20.3,4,3,2,4,80.6,91.6,80.7,85.1,89.4,Ready,0,90.5,91.1,91.6,7,4.8,96.6,Positive
SC-2022-1774,Aniket Bose,MECH,3rd Year,6,C,6.69,64.9,0,6,6,65.8,6,6,64.1,61.5,67.9,4.0,81.6,-1.8,20,83.8,Medium,12.1,20.4,12,4,3,3,82.8,70.9,91.6,87.4,73.6,Ready,1,84.6,82.6,90.7,6,3.8,82.5,Positive
SC-2022-1775,Akhil Deshmukh,CSE,3rd Year,6,A,6.61,61.2,2,6,6,68.5,6,4,53.9,87.7,68.6,2.0,58.2,-13.9,7,47.3,Low,5.9,-44.8,0,1,0,0,38.6,58.4,54.0,54.3,41.1,In Progress,0,64.3,56.8,64.0,1,2.8,48.3,Needs Attention
SC-2022-1776,Shreya Deshmukh,AI_DS,3rd Year,5,B,7.91,79.3,1,6,6,81.9,6,6,76.8,66.4,,2.0,87.8,-0.1,12,81.0,Medium,11.0,1.1,3,1,0,0,57.8,47.2,47.3,50.4,39.7,Not Ready,0,51.0,54.1,49.1,1,3.5,76.0,Neutral
SC-2021-1777,Divya Thakur,MECH,4th Year,8,C,7.88,71.0,1,6,6,70.0,6,5,72.1,57.3,71.8,1.0,77.5,-1.5,8,81.0,Medium,12.3,-7.7,4,2,1,2,61.4,61.0,61.5,71.8,73.3,Placed,0,71.2,66.2,63.6,3,4.1,74.3,Positive
SC-2024-1778,Harsh Thakur,CSE,1st Year,2,C,7.08,71.4,0,6,6,70.8,6,6,72.0,61.2,58.3,4.0,83.1,-3.8,11,71.6,Medium,12.8,-7.8,6,1,1,1,62.1,69.1,67.9,60.9,60.5,Ready,0,76.7,69.7,76.4,1,3.5,80.5,Positive
SC-2023-1779,Deepika Gupta,IT,2nd Year,3,B,8.5,86.3,0,6,6,85.0,6,6,87.6,,94.1,,93.5,2.3,26,93.1,High,18.2,4.6,7,3,2,2,91.5,82.4,91.9,89.3,98.2,Ready,1,89.0,93.9,82.6,5,4.6,89.0,Positive
SC-2021-1780,Sahil Nair,CIVIL,4th Year,7,C,6.41,67.6,1,6,6,70.7,6,5,64.4,76.9,81.5,3.0,71.8,1.4,13,73.5,Medium,17.7,21.7,8,2,5,3,83.5,74.9,91.8,78.4,71.2,Ready,0,93.0,88.1,91.8,6,3.9,85.7,Positive
SC-2024-1781,Aditi Reddy,ECE,1st Year,1,A,7.78,79.3,0,6,6,81.1,6,6,77.6,93.4,60.9,0.0,91.4,-2.6,16,83.1,Medium,10.3,-7.1,4,1,0,1,55.0,44.5,48.4,49.8,33.8,In Progress,0,43.2,50.0,53.9,0,3.4,75.4,Neutral
SC-2023-1782,Suresh Yadav,MECH,2nd Year,3,A,7.48,78.3,1,6,6,84.4,6,6,72.3,,79.3,1.0,82.8,0.0,14,90.5,Medium,13.2,7.5,4,0,0,0,59.7,46.0,48.1,39.1,42.3,In Progress,0,53.9,49.1,55.1,0,3.6,75.9,Neutral
SC-2023-1783,Aditi Malhotra,CIVIL,2nd Year,4,B,6.21,53.2,6,6,5,58.3,6,2,48.1,85.8,94.3,1.0,55.0,-11.8,3,48.8,Low,2.0,-31.9,0,0,0,0,40.7,53.7,48.1,48.8,24.2,Not Ready,0,40.2,53.9,46.9,1,2.2,55.0,Needs Attention
SC-2024-1784,Kunal Bose,IT,1st Year,2,B,8.03,68.7,0,6,6,69.7,6,6,67.6,74.2,,4.0,72.2,-1.9,10,77.4,Medium,10.6,3.0,5,2,1,2,69.8,75.1,62.5,65.9,69.8,Ready,0,61.6,62.6,64.1,2,3.7,80.1,Positive
SC-2023-1785,Deepika Thakur,IT,2nd Year,4,B,7.65,81.8,0,6,6,82.5,6,6,81.2,84.7,67.4,2.0,87.8,1.5,9,82.0,Medium,10.3,-6.4,4,0,0,0,57.5,43.2,44.8,41.0,48.7,In Progress,0,42.4,49.3,47.4,1,3.4,67.6,Neutral
SC-2024-1786,Shreya Patel,IT,1st Year,2,C,7.18,70.8,0,6,6,71.4,6,6,70.1,72.8,65.9,1.0,79.9,1.4,13,70.5,Medium,9.4,-9.8,2,1,1,1,58.0,72.4,74.3,74.5,67.5,Ready,0,70.6,76.5,72.4,3,3.5,79.6,Positive
SC-2021-1787,Tarun Malhotra,MECH,4th Year,7,C,6.49,70.2,0,6,6,69.8,6,6,70.7,68.4,69.6,2.0,71.0,1.5,15,68.6,Medium,10.9,9.3,9,2,3,4,92.2,78.1,87.0,75.0,86.4,Ready,1,86.5,74.2,82.7,6,4.7,77.3,Positive
SC-2024-1788,Neha Kumar,CSE,1st Year,1,A,5.56,49.5,3,6,5,52.1,6,1,47.0,91.4,76.5,,61.3,-5.3,6,54.9,Low,4.9,-37.1,1,1,0,0,38.8,48.9,34.3,47.0,37.6,Not Ready,0,37.2,48.5,48.3,0,2.6,53.9,Needs Attention
SC-2022-1789,Akhil Verma,CSE,3rd Year,5,C,8.15,70.3,0,6,6,69.5,6,6,71.2,63.1,64.4,3.0,76.0,1.2,14,77.3,Medium,8.4,8.5,2,2,1,2,56.8,74.7,62.9,69.4,77.8,In Progress,1,74.4,67.0,66.3,1,4.2,80.1,Positive
SC-2022-1790,Tanvi Pandey,IT,3rd Year,5,B,8.04,71.2,0,6,6,71.3,6,6,71.0,95.0,67.2,3.0,82.0,-3.2,8,76.1,Medium,11.4,12.1,2,2,0,2,56.5,71.5,58.0,70.9,62.4,In Progress,1,62.1,66.8,67.2,2,3.8,76.0,Positive
SC-2023-1791,Mohit Kapoor,CSE,2nd Year,3,C,8.34,81.8,0,6,6,80.7,6,6,82.9,79.6,73.7,,88.2,-0.7,8,83.0,Medium,11.4,-6.1,2,1,0,0,43.5,56.9,38.0,51.5,48.2,In Progress,0,50.9,44.5,57.5,0,3.4,71.1,Neutral
SC-2023-1792,Kavya Mishra,IT,2nd Year,4,B,6.61,71.0,1,6,6,67.3,6,5,74.7,86.8,79.7,4.0,79.2,-4.0,10,71.2,Medium,17.9,15.9,5,3,2,3,87.3,80.4,86.4,80.2,86.1,In Progress,0,92.9,85.3,83.0,7,4.0,72.6,Positive
SC-2024-1793,Utkarsh Rao,AI_DS,1st Year,1,C,5.5,50.4,5,6,5,54.1,6,4,46.6,,59.5,1.0,59.0,-4.6,6,54.9,Low,5.7,-39.2,1,0,0,0,37.8,43.3,42.9,33.8,37.9,Not Ready,0,35.5,37.1,52.0,1,2.5,48.3,Needs Attention
SC-2023-1794,Sanya Singh,IT,2nd Year,3,A,7.98,77.6,0,6,6,76.0,6,6,79.2,74.3,80.6,,76.8,3.6,12,87.1,Medium,9.3,-9.7,2,2,1,1,69.6,63.6,59.5,67.7,62.9,In Progress,0,62.7,69.4,73.4,2,3.5,70.8,Neutral
SC-2022-1795,Priya Kapoor,ECE,3rd Year,6,A,6.99,72.8,0,6,6,70.8,6,6,74.7,83.6,,4.0,73.8,0.3,12,82.5,Medium,9.0,13.7,6,1,1,1,72.9,73.3,71.8,67.5,63.5,In Progress,0,70.4,63.6,64.2,1,4.1,79.0,Positive
SC-2021-1796,Manish Menon,IT,4th Year,7,B,7.68,79.6,0,6,6,84.6,6,6,74.6,93.0,72.7,,79.7,0.1,16,78.6,Medium,9.7,-1.6,1,0,0,1,52.9,56.3,46.9,38.2,41.6,Not Ready,0,49.0,53.5,54.8,1,3.8,73.0,Neutral
SC-2024-1797,Nikhil Nair,CSE,1st Year,1,C,7.78,74.2,0,6,6,73.6,6,6,74.9,89.5,61.1,1.0,78.1,-3.8,10,82.8,Medium,11.8,1.3,6,2,1,1,60.3,75.4,66.9,68.3,72.7,Ready,0,70.3,65.5,68.2,3,3.9,80.6,Positive
SC-2022-1798,Priya Malhotra,MECH,3rd Year,5,B,8.42,89.8,0,6,6,88.1,6,6,91.4,89.3,63.8,4.0,94.8,1.4,13,92.8,High,18.6,24.8,11,3,4,2,93.1,93.3,88.4,88.0,88.7,Ready,1,87.0,88.6,94.5,3,4.2,89.4,Positive
SC-2024-1799,Kritika Iyer,CSE,1st Year,2,C,7.65,72.4,1,6,6,72.0,6,5,72.8,82.3,71.3,3.0,72.1,0.5,12,75.8,Medium,12.5,0.4,5,2,0,1,64.4,68.2,61.7,60.8,74.8,Ready,0,61.6,72.6,73.3,2,4.3,71.5,Neutral
SC-2021-1800,Mohit Gupta,CSE,4th Year,7,C,6.37,51.8,5,6,5,56.7,6,1,46.9,80.2,76.4,0.0,42.7,-14.9,5,46.9,Low,3.8,-16.2,0,1,0,0,31.2,53.0,31.4,38.2,47.7,Not Ready,0,41.8,50.4,49.7,0,2.7,46.8,Needs Attention
SC-2023-1801,Rakesh Agarwal,CSE,2nd Year,3,B,7.21,76.0,0,6,6,75.7,6,6,76.2,81.4,71.1,4.0,72.2,-1.2,14,84.7,Medium,12.3,0.5,6,2,1,2,70.9,71.0,74.5,68.1,75.4,In Progress,0,75.9,73.9,74.2,3,3.7,73.5,Positive
SC-2023-1802,Vikas Malhotra,CSE,2nd Year,4,C,5.65,51.5,6,6,5,54.8,6,4,48.1,65.6,87.4,2.0,58.3,-10.4,5,53.8,Low,4.3,-30.2,2,0,0,0,36.9,50.7,29.3,36.8,35.3,Not Ready,0,44.6,46.8,45.5,1,2.4,49.0,Needs Attention
SC-2023-1803,Swati Mehta,CSE,2nd Year,3,C,6.66,69.8,0,6,6,70.2,6,6,69.5,62.5,70.8,1.0,70.8,0.2,10,71.6,Medium,16.9,14.7,9,3,5,2,93.6,77.4,78.9,79.6,75.7,In Progress,0,83.9,80.9,90.6,3,4.5,86.1,Positive
SC-2021-1804,Kritika Das,CSE,4th Year,7,C,7.59,69.8,0,6,6,68.5,6,6,71.1,,88.8,0.0,73.7,0.2,10,73.9,Medium,10.2,11.1,5,2,0,1,71.3,68.2,63.4,60.0,77.3,Ready,0,75.4,65.1,69.3,1,4.4,80.0,Positive
SC-2022-1805,Bhavna Menon,CSE,3rd Year,6,C,7.21,75.7,1,6,6,77.2,6,5,74.1,89.0,94.3,2.0,84.8,1.0,12,70.7,Medium,10.1,-7.0,2,1,1,2,56.6,66.9,69.2,61.2,60.2,In Progress,0,65.6,77.2,70.8,1,4.1,77.8,Positive
SC-2022-1806,Suresh Reddy,CIVIL,3rd Year,5,A,9.54,82.6,0,6,6,83.0,6,6,82.2,90.9,92.4,1.0,92.9,-0.6,16,88.5,High,22.7,21.5,8,2,1,3,87.2,90.8,94.8,87.1,90.4,Ready,1,87.4,90.0,85.6,3,4.4,86.4,Positive
SC-2023-1807,Aditya Joshi,IT,2nd Year,4,B,7.25,68.5,0,6,6,70.0,6,6,66.9,68.6,83.0,4.0,78.0,2.7,8,79.8,Medium,13.4,6.7,3,1,0,1,56.2,65.2,67.9,71.2,75.4,In Progress,0,70.5,76.6,61.1,1,3.6,78.4,Positive
SC-2022-1808,Chirag Chatterjee,ECE,3rd Year,5,C,6.87,71.7,0,6,6,72.3,6,6,71.1,87.2,67.0,2.0,73.2,-2.9,7,85.2,Medium,12.8,-9.9,2,2,1,1,73.8,74.2,71.1,63.8,74.9,In Progress,1,75.1,76.0,72.6,3,4.0,80.4,Positive
SC-2022-1809,Zoya Shenoy,AI_DS,3rd Year,6,C,5.89,47.0,4,6,5,52.4,6,2,41.5,81.0,64.8,4.0,51.1,-10.6,4,48.7,Low,3.0,-30.3,2,1,0,0,42.1,35.9,33.7,44.2,28.2,Not Ready,0,38.7,48.3,45.2,1,2.7,45.4,Needs Attention
SC-2022-1810,Riya Yadav,IT,3rd Year,6,A,7.53,79.3,0,6,6,79.9,6,6,78.8,60.1,73.2,3.0,86.8,-2.4,12,86.4,Medium,10.3,0.3,1,0,0,1,42.6,54.9,53.2,39.5,49.0,Not Ready,0,48.2,56.3,50.6,1,3.0,65.0,Neutral
SC-2024-1811,Akhil Reddy,ECE,1st Year,2,B,7.05,65.3,1,6,6,65.0,6,5,65.7,57.5,71.8,2.0,80.8,2.6,17,84.2,Medium,11.7,21.5,7,3,3,4,82.7,71.2,80.4,85.2,78.6,In Progress,0,80.5,82.3,87.9,7,4.6,76.9,Positive
SC-2021-1812,Aarav Kulkarni,IT,4th Year,7,A,7.06,73.7,0,6,6,74.2,6,6,73.2,75.5,92.5,3.0,77.8,-1.4,10,75.2,Medium,8.9,-6.3,2,1,0,1,73.4,69.3,73.6,73.3,64.5,Ready,1,76.4,72.3,61.4,1,4.2,74.2,Positive
SC-2022-1813,Sneha Pandey,CSE,3rd Year,5,A,8.1,77.8,0,6,6,79.2,6,6,76.4,68.9,66.1,4.0,73.3,-0.1,15,71.5,Medium,8.7,-9.6,2,2,0,2,58.3,66.5,74.9,67.8,72.3,In Progress,1,74.6,72.9,66.5,2,3.9,69.8,Neutral
SC-2023-1814,Vikas Kumar,CSE,2nd Year,4,B,6.6,65.4,0,6,6,63.3,6,6,67.5,56.8,78.7,2.0,73.9,-3.5,17,84.5,Medium,15.4,22.4,5,3,2,3,83.8,73.8,86.9,80.4,81.2,In Progress,0,86.6,74.1,80.2,6,4.3,78.1,Positive
SC-2023-1815,Utkarsh Iyer,CSE,2nd Year,3,B,7.09,76.2,0,6,6,76.6,6,6,75.7,86.5,93.4,3.0,77.0,-2.5,12,84.0,Medium,12.3,-0.1,2,1,1,2,69.2,75.0,62.4,74.3,64.4,In Progress,0,71.4,63.9,74.5,1,3.7,69.9,Neutral
SC-2023-1816,Kavya Gupta,MECH,2nd Year,4,C,8.59,76.0,0,6,6,76.7,6,6,75.2,84.3,61.5,4.0,81.9,-0.1,15,77.8,Medium,10.6,1.8,1,0,0,0,55.0,53.9,50.0,43.4,37.4,In Progress,0,51.6,51.9,53.8,1,3.8,73.5,Neutral
SC-2022-1817,Pallavi Menon,IT,3rd Year,6,B,8.25,82.1,0,6,6,79.5,6,6,84.7,90.1,88.3,2.0,81.1,-2.4,12,84.9,Medium,8.3,6.7,2,0,0,0,43.3,45.7,46.4,42.8,31.0,Not Ready,0,56.1,44.2,49.2,0,4.0,73.7,Neutral
SC-2024-1818,Mohit Chatterjee,AI_DS,1st Year,2,A,6.52,70.5,0,6,6,66.1,6,6,75.0,77.2,74.7,1.0,79.1,-0.8,10,79.4,Medium,13.6,27.1,7,2,6,3,81.8,83.5,90.6,82.3,72.8,In Progress,0,88.1,88.8,89.7,7,4.2,87.3,Positive
SC-2024-1819,Ishaan Chatterjee,ECE,1st Year,1,C,6.72,72.0,0,6,6,77.0,6,5,67.0,61.2,62.5,1.0,67.6,-19.6,4,55.9,Low,7.0,-61.2,0,1,0,0,51.3,59.0,65.0,53.9,54.5,In Progress,0,59.3,64.0,47.6,2,3.4,61.6,Needs Attention
SC-2021-1820,Kritika Patel,AI_DS,4th Year,7,B,6.55,67.2,1,6,6,62.9,6,5,71.6,75.8,71.9,4.0,78.7,0.6,15,80.5,Medium,16.6,23.5,10,4,4,3,81.1,71.9,87.2,75.2,72.3,Ready,1,85.7,88.6,82.3,7,4.3,79.8,Positive
SC-2021-1821,Kavya Kapoor,IT,4th Year,8,C,7.5,79.6,0,6,6,76.6,6,6,82.6,55.0,86.5,2.0,85.8,1.8,16,88.6,Medium,9.1,4.6,2,0,0,0,52.2,42.2,50.4,53.3,32.9,Not Ready,0,55.9,44.5,43.2,0,3.6,67.3,Neutral
SC-2022-1822,Harsh Yadav,IT,3rd Year,5,A,7.16,68.3,1,6,6,71.5,6,5,65.1,85.5,74.4,1.0,81.2,2.2,14,82.0,Medium,15.6,5.4,6,3,5,3,88.0,82.8,84.1,81.8,82.6,Ready,1,83.2,81.2,91.6,7,4.5,73.9,Positive
SC-2022-1823,Utkarsh Malhotra,CSE,3rd Year,5,B,9.27,89.6,0,6,6,88.6,6,6,90.6,68.6,84.1,4.0,95.0,0.5,26,95.4,High,15.6,21.9,11,2,1,2,90.2,84.9,89.1,92.5,92.0,Ready,1,90.8,82.6,93.7,6,4.0,97.6,Positive
SC-2021-1824,Arjun Verma,CSE,4th Year,8,C,7.93,83.4,1,6,6,84.3,6,6,82.6,84.4,82.9,4.0,89.6,-1.5,11,91.1,Medium,13.5,7.9,4,1,0,1,57.7,42.8,42.3,40.7,39.9,Not Ready,0,49.9,50.8,54.8,1,3.6,74.9,Neutral
SC-2022-1825,Aniket Kulkarni,MECH,3rd Year,5,B,6.15,55.9,3,6,4,62.2,6,3,49.6,87.6,90.9,,55.0,-5.7,2,40.8,Low,5.5,-45.3,1,0,0,0,43.0,35.1,43.9,45.6,42.4,Not Ready,0,45.4,41.3,36.5,1,2.3,35.6,Needs Attention
SC-2023-1826,Varun Sharma,CSE,2nd Year,3,C,7.55,73.8,0,6,6,75.0,6,6,72.5,87.1,73.5,4.0,80.5,-2.0,13,75.5,Medium,12.4,-8.9,4,1,1,1,64.2,60.9,71.6,64.1,67.0,In Progress,0,73.0,68.2,63.2,3,3.7,65.5,Neutral
SC-2023-1827,Aniket Bose,CSE,2nd Year,3,B,6.58,69.8,0,6,6,64.7,6,6,74.8,74.3,83.9,0.0,79.5,3.2,16,80.7,Medium,12.0,24.6,7,3,3,5,84.0,73.4,80.3,72.9,91.0,In Progress,0,88.1,87.1,77.1,3,3.8,82.1,Positive
SC-2021-1828,Varun Rao,CSE,4th Year,7,C,7.67,78.3,0,6,6,84.4,6,6,72.3,72.3,76.3,4.0,79.2,-1.7,13,82.6,Medium,11.9,-3.7,4,0,0,1,40.5,54.9,41.5,51.6,46.0,Not Ready,0,44.9,44.5,54.2,0,3.7,75.8,Neutral
SC-2023-1829,Deepika Singh,IT,2nd Year,3,A,7.24,64.6,0,6,6,69.9,6,5,59.3,85.2,71.8,3.0,59.7,-12.3,6,64.3,Low,6.8,-60.9,2,0,0,0,57.7,58.7,55.0,53.5,40.2,In Progress,0,64.7,56.1,63.6,2,2.9,60.9,Needs Attention
SC-2023-1830,Tanvi Verma,ECE,2nd Year,3,C,5.97,58.5,6,6,3,61.7,6,2,55.2,65.3,61.1,4.0,58.8,-10.4,2,45.0,Low,5.9,-28.6,2,0,0,0,51.0,53.4,41.6,41.6,35.4,Not Ready,0,45.5,38.8,49.3,0,2.9,53.1,Needs Attention
SC-2023-1831,Rakesh Pillai,IT,2nd Year,4,C,8.19,82.8,0,6,6,86.0,6,6,79.6,87.9,67.3,3.0,78.3,2.0,8,82.8,Medium,13.3,-1.0,3,0,0,1,52.4,54.5,37.4,44.5,35.2,In Progress,0,56.6,44.6,44.1,1,3.4,65.5,Neutral
SC-2023-1832,Aarav Joshi,AI_DS,2nd Year,4,B,8.53,82.3,0,6,6,83.7,6,6,80.9,67.0,87.7,,80.9,-2.2,9,77.5,Medium,13.8,1.7,2,0,0,1,40.1,46.7,38.8,50.0,43.3,In Progress,0,53.2,56.1,53.1,1,3.9,64.0,Neutral
SC-2021-1833,Ananya Menon,AI_DS,4th Year,8,A,6.26,56.1,4,6,4,61.1,6,4,51.1,69.2,77.2,2.0,59.7,-7.4,5,56.6,Low,2.7,-21.8,1,1,0,0,32.1,52.4,36.2,33.7,24.7,Not Ready,0,35.2,48.6,47.3,0,2.4,41.3,Needs Attention
SC-2021-1834,Siddharth Agarwal,CSE,4th Year,8,C,7.46,79.4,0,6,6,85.2,6,6,73.6,71.3,67.0,3.0,83.9,0.6,13,89.4,Medium,9.6,0.0,4,0,0,1,40.3,53.3,40.6,48.0,44.6,Not Ready,0,43.8,55.4,47.2,0,3.5,64.2,Neutral
SC-2021-1835,Sahil Bhat,CSE,4th Year,7,B,8.01,75.5,1,6,6,74.1,6,5,77.0,,85.0,2.0,79.1,1.7,9,78.0,Medium,12.7,-2.5,5,2,1,2,62.4,74.0,64.3,73.2,62.3,Ready,0,75.3,73.8,74.6,1,3.9,73.0,Positive
SC-2021-1836,Neha Mishra,ECE,4th Year,8,C,7.6,68.8,0,6,6,72.4,6,5,65.1,74.6,73.1,0.0,63.8,-15.9,5,58.2,Low,5.0,-58.8,1,0,0,0,43.6,55.4,50.9,52.7,48.9,In Progress,0,60.0,60.7,52.8,1,3.1,63.5,Needs Attention
SC-2021-1837,Rahul Reddy,CIVIL,4th Year,8,C,7.95,73.9,0,6,6,72.1,6,6,75.8,85.3,88.5,0.0,76.7,-2.1,11,76.4,Medium,11.7,-1.6,4,2,0,1,63.5,68.9,74.5,63.2,67.5,Placed,1,72.6,75.8,67.5,3,3.5,78.9,Positive
SC-2023-1838,Pallavi Verma,MECH,2nd Year,3,A,6.67,69.5,0,6,6,68.8,6,6,70.2,85.5,61.0,,79.2,-3.3,19,75.8,Medium,11.9,14.0,11,2,6,3,93.1,78.7,84.7,80.4,91.0,In Progress,0,92.4,89.7,84.7,3,4.8,72.5,Positive
SC-2023-1839,Isha Verma,CSE,2nd Year,4,A,7.66,77.2,0,6,6,76.2,6,6,78.1,71.2,68.4,1.0,81.9,3.5,13,74.4,Medium,11.5,-5.4,2,1,1,1,73.9,75.9,59.1,68.0,64.2,In Progress,0,65.3,77.2,68.1,1,4.2,72.0,Positive
SC-2022-1840,Vikas Joshi,CSE,3rd Year,5,A,7.84,73.1,0,6,6,73.2,6,6,73.0,76.1,69.6,3.0,74.1,2.5,11,74.9,Medium,8.2,1.6,6,1,0,2,67.0,66.9,62.1,68.9,73.0,In Progress,0,72.3,70.8,68.0,2,3.7,74.6,Positive
SC-2021-1841,Kavya Malhotra,ECE,4th Year,8,B,7.93,70.3,0,6,6,71.7,6,6,68.9,80.8,79.3,0.0,80.6,-3.9,9,81.3,Medium,12.8,4.6,2,2,1,2,62.8,70.7,71.7,61.0,77.9,Placed,0,75.1,71.2,74.2,1,4.1,76.0,Positive
SC-2021-1842,Kavya Joshi,IT,4th Year,8,C,5.94,51.5,3,6,5,57.0,6,3,45.9,82.1,,0.0,61.8,-2.5,4,46.5,Low,2.2,-44.4,1,1,0,0,42.5,49.4,48.1,38.5,43.3,Not Ready,0,46.6,48.0,45.3,1,3.0,45.6,Needs Attention
SC-2021-1843,Divya Menon,CSE,4th Year,8,C,7.16,73.1,1,6,6,71.2,6,5,74.9,76.1,83.0,3.0,84.8,-2.7,7,76.6,Medium,8.6,14.1,4,1,1,2,58.6,61.0,60.6,74.7,70.2,Placed,0,61.8,67.9,60.9,2,3.5,74.8,Positive
SC-2023-1844,Chirag Joshi,AI_DS,2nd Year,4,C,7.52,84.9,0,6,6,85.9,6,6,83.9,,80.9,2.0,89.7,0.5,16,89.8,Medium,10.9,-1.2,2,0,0,1,53.4,53.1,35.9,43.0,35.2,In Progress,0,50.8,44.0,42.6,0,3.7,69.9,Neutral
SC-2022-1845,Aditya Yadav,IT,3rd Year,6,B,7.15,64.1,0,6,6,62.2,6,6,66.0,68.6,89.3,,77.4,-0.6,11,81.6,Medium,11.7,25.8,8,2,4,2,89.4,75.7,92.3,83.5,72.7,Ready,0,81.1,83.5,78.5,4,3.9,80.8,Positive
SC-2023-1846,Kunal Kapoor,CSE,2nd Year,3,A,7.65,72.6,0,6,6,71.4,6,6,73.8,84.9,85.5,,74.5,-0.6,12,77.2,Medium,8.3,-4.5,5,1,1,2,61.8,60.4,71.0,63.8,66.5,In Progress,0,66.1,68.7,76.9,1,4.1,71.9,Neutral
SC-2024-1847,Priya Shenoy,ECE,1st Year,2,C,8.4,87.8,0,6,6,88.5,6,6,87.0,71.7,60.1,2.0,86.9,-0.5,28,89.1,High,17.8,21.7,7,2,2,4,92.0,83.0,92.5,91.4,98.8,Ready,0,94.1,83.8,85.9,7,4.7,97.6,Positive
SC-2024-1848,Chirag Saxena,ECE,1st Year,1,A,5.43,55.9,4,6,4,61.0,6,3,50.7,85.6,,2.0,55.7,-5.4,5,35.6,Low,5.2,-42.8,2,0,0,0,34.7,41.4,39.1,47.6,23.0,Not Ready,0,45.3,38.8,39.8,1,2.8,40.2,Needs Attention
SC-2024-1849,Ishaan Iyer,CSE,1st Year,1,B,7.88,72.5,0,6,6,70.8,6,6,74.2,80.7,72.2,3.0,72.5,1.2,8,84.2,Medium,8.1,14.2,4,2,0,1,71.4,65.5,69.9,69.3,71.0,Ready,0,72.2,74.9,75.5,3,4.2,77.7,Positive
SC-2022-1850,Shreya Chopra,AI_DS,3rd Year,5,C,7.73,77.8,0,6,6,74.4,6,6,81.1,80.2,91.1,2.0,91.7,0.4,13,90.2,Medium,11.5,4.4,2,0,0,0,49.8,45.4,51.9,43.2,42.5,Not Ready,0,50.3,55.4,46.1,1,3.0,67.6,Neutral
SC-2023-1851,Rahul Iyer,AI_DS,2nd Year,4,A,7.25,66.8,1,6,6,69.8,6,4,63.7,56.1,93.7,0.0,62.0,-12.2,5,47.9,Low,6.8,-57.7,0,0,0,0,45.3,66.4,64.6,59.1,53.2,In Progress,0,62.6,61.1,47.2,2,2.8,62.7,Needs Attention
SC-2023-1852,Arjun Pandey,ECE,2nd Year,3,A,6.56,72.4,0,6,6,77.9,6,5,66.9,72.1,85.9,2.0,60.3,-18.0,2,51.9,Low,6.4,-38.3,2,1,0,0,46.6,62.4,56.4,45.8,45.6,In Progress,0,59.4,50.1,52.9,1,3.3,49.7,Needs Attention
SC-2024-1853,Tanvi Iyer,ECE,1st Year,1,C,7.1,66.8,1,6,6,63.1,6,5,70.5,84.2,76.9,2.0,72.0,-3.7,11,84.5,Medium,12.9,10.5,12,3,6,3,85.3,68.8,83.7,78.8,86.4,In Progress,0,92.3,85.6,82.7,6,4.0,80.7,Positive
SC-2024-1854,Swati Joshi,IT,1st Year,2,C,6.54,69.2,0,6,6,68.0,6,6,70.5,,67.3,4.0,79.0,-2.6,12,81.1,Medium,16.7,19.1,5,4,5,4,86.4,77.2,80.4,85.0,72.5,In Progress,0,81.2,80.7,85.4,4,4.0,75.8,Positive
SC-2022-1855,Pooja Kulkarni,IT,3rd Year,6,A,5.18,54.9,4,6,3,57.1,6,2,52.6,72.6,74.4,0.0,54.0,-11.4,5,57.0,Low,3.1,-34.8,0,0,0,0,41.8,43.5,46.8,43.8,28.7,Not Ready,0,40.1,44.0,43.4,0,2.9,38.2,Needs Attention
SC-2024-1856,Zoya Kulkarni,CSE,1st Year,2,B,7.26,76.3,0,6,6,76.3,6,6,76.3,84.3,80.5,3.0,78.8,2.8,8,78.3,Medium,9.2,12.9,4,1,1,2,59.1,64.0,73.7,61.1,73.8,Ready,0,68.9,62.5,70.6,2,3.6,75.5,Positive
SC-2023-1857,Sahil Singh,MECH,2nd Year,3,B,7.2,70.8,1,6,6,77.8,6,4,63.7,61.0,58.1,0.0,62.0,-16.1,5,56.5,Low,4.1,-34.0,2,1,0,0,41.7,56.6,61.4,46.1,46.0,In Progress,0,63.7,60.5,56.7,2,2.9,53.9,Needs Attention
SC-2021-1858,Nisha Bhat,CSE,4th Year,7,C,6.89,70.5,0,6,6,66.5,6,6,74.5,71.6,92.7,1.0,72.5,-1.5,18,83.1,Medium,10.6,7.1,12,2,3,4,86.9,74.3,88.3,85.9,88.4,Ready,0,93.1,85.0,82.1,5,4.6,77.3,Positive
SC-2022-1859,Manish Malhotra,CSE,3rd Year,5,C,7.8,78.5,1,6,6,84.0,6,6,73.1,70.6,60.8,0.0,84.2,0.3,11,79.7,Medium,10.3,-7.0,3,1,0,1,53.7,53.5,36.0,38.9,49.8,Not Ready,0,56.8,52.4,57.8,0,3.4,77.9,Neutral
SC-2024-1860,Aarav Menon,AI_DS,1st Year,1,B,7.27,70.8,0,6,6,72.6,6,6,68.9,72.6,83.3,4.0,80.5,-0.5,8,79.5,Medium,13.7,-1.6,2,1,0,1,63.7,65.8,71.7,62.1,66.8,Ready,0,76.9,74.8,61.2,2,4.1,79.9,Positive
SC-2024-1861,Ananya Saxena,CSE,1st Year,2,A,8.52,89.6,0,6,6,90.2,6,6,88.9,88.2,59.2,0.0,94.2,2.1,17,94.8,High,23.1,6.8,5,3,1,4,80.1,81.3,92.7,94.4,95.4,Ready,0,90.1,82.7,83.7,4,4.4,87.0,Positive
SC-2024-1862,Rakesh Shenoy,ECE,1st Year,2,B,8.91,85.4,0,6,6,86.2,6,6,84.6,,63.2,,92.5,1.0,15,91.0,High,17.9,22.2,9,4,1,5,84.7,84.4,89.5,81.9,98.6,Ready,0,93.1,90.1,89.8,3,4.9,86.3,Positive
SC-2024-1863,Vikas Yadav,IT,1st Year,1,C,7.75,78.3,0,6,6,82.7,6,6,73.9,,81.5,4.0,88.2,0.7,12,81.7,Medium,13.7,-0.4,1,0,0,0,40.2,44.2,39.7,53.0,48.9,In Progress,0,46.1,47.9,48.8,0,3.8,69.6,Neutral
SC-2021-1864,Tanvi Kulkarni,ECE,4th Year,8,A,8.16,72.3,0,6,6,73.8,6,6,70.9,90.4,88.8,4.0,72.6,1.2,9,84.3,Medium,13.1,-8.7,3,1,0,2,72.1,60.3,69.4,72.1,72.0,Placed,1,62.6,74.8,74.5,1,3.7,68.1,Neutral
SC-2022-1865,Aniket Singh,MECH,3rd Year,5,C,6.74,67.6,2,6,6,74.6,6,4,60.6,64.2,80.9,0.0,57.2,-8.9,6,48.8,Low,4.5,-57.3,2,0,0,0,54.4,61.9,59.1,53.8,49.6,In Progress,0,65.7,62.7,50.9,1,2.6,63.5,Needs Attention
SC-2022-1866,Mohit Bose,ECE,3rd Year,5,A,7.24,76.0,0,6,6,76.6,6,6,75.4,87.9,86.1,1.0,83.4,3.9,7,78.9,Medium,10.2,8.1,6,2,1,2,59.0,65.5,64.4,66.2,79.2,In Progress,0,61.3,70.7,60.2,2,4.3,71.1,Neutral
SC-2023-1867,Rahul Pandey,IT,2nd Year,4,A,9.39,93.2,0,6,6,92.4,6,6,94.1,74.9,63.4,1.0,90.2,-1.0,25,90.5,High,20.9,2.7,5,2,5,5,87.5,85.5,90.1,94.7,97.1,Ready,0,87.6,85.0,90.5,5,4.7,88.3,Positive
SC-2021-1868,Suresh Deshmukh,CSE,4th Year,7,A,8.29,74.3,0,6,6,75.7,6,6,73.0,74.9,60.7,1.0,78.9,1.0,16,88.9,Medium,11.9,1.1,2,1,0,1,53.5,53.9,51.2,43.8,33.5,Not Ready,0,55.1,45.1,44.6,1,3.9,68.8,Neutral
SC-2024-1869,Chirag Shenoy,ECE,1st Year,1,A,6.11,60.5,4,6,5,62.7,6,1,58.4,71.9,78.9,1.0,58.3,-8.1,5,53.4,Low,3.1,-38.3,2,1,0,0,46.5,49.2,48.2,34.6,35.0,Not Ready,0,38.7,49.1,32.5,0,2.4,38.1,Needs Attention
SC-2023-1870,Arjun Nair,ECE,2nd Year,3,A,5.25,52.3,4,6,5,57.9,6,2,46.7,85.4,84.0,1.0,48.1,-13.3,1,44.5,Low,2.3,-53.2,0,1,0,0,50.3,35.0,28.3,37.8,26.0,Not Ready,0,37.2,42.3,51.2,1,2.6,38.1,Needs Attention
SC-2022-1871,Priya Bose,CIVIL,3rd Year,5,B,7.53,68.1,0,6,6,75.1,6,5,61.1,63.9,82.2,2.0,62.8,-10.9,6,56.1,Low,5.9,-28.8,1,1,0,0,45.6,66.0,63.6,59.7,44.4,In Progress,0,57.7,58.5,48.3,1,2.9,49.4,Needs Attention
SC-2024-1872,Karan Verma,MECH,1st Year,2,B,6.64,67.8,1,6,6,66.1,6,5,69.6,94.4,67.1,1.0,79.9,1.2,17,82.1,Medium,11.8,7.6,5,3,6,5,91.7,79.6,78.6,82.0,87.5,In Progress,0,84.9,81.8,81.1,5,4.4,86.5,Positive
SC-2023-1873,Meera Kapoor,ECE,2nd Year,3,B,8.51,89.7,0,6,6,89.9,6,6,89.4,89.0,93.7,4.0,97.3,-0.2,22,98.2,High,23.0,0.2,4,4,4,2,91.5,83.2,88.1,84.2,85.8,Ready,1,87.0,89.1,92.1,4,4.7,88.5,Positive
SC-2024-1874,Siddharth Iyer,CSE,1st Year,1,C,6.55,71.8,0,6,6,74.8,6,5,68.7,71.4,73.9,1.0,58.6,-10.8,6,51.2,Low,6.0,-62.3,0,0,0,0,42.4,56.6,55.5,56.4,50.7,In Progress,0,50.2,63.1,47.7,1,3.3,64.8,Needs Attention
SC-2024-1875,Divya Yadav,MECH,1st Year,2,C,7.16,71.3,1,6,6,73.0,6,5,69.7,90.7,88.8,,83.3,3.8,15,78.3,Medium,12.7,-4.2,3,2,1,1,68.9,70.6,61.8,71.3,69.3,Ready,0,62.4,75.4,71.9,3,4.0,75.4,Positive
SC-2024-1876,Ananya Rao,IT,1st Year,1,C,5.75,54.9,6,6,5,58.9,6,3,50.9,61.6,61.1,0.0,53.5,-11.3,1,41.5,Low,4.4,-50.8,2,0,0,0,26.8,45.7,44.9,37.8,24.1,Not Ready,0,33.8,40.3,39.1,1,2.9,37.2,Needs Attention
SC-2024-1877,Meera Joshi,CSE,1st Year,2,B,9.64,93.7,0,6,6,93.3,6,6,94.1,57.1,,1.0,86.3,3.0,22,90.5,High,15.4,2.3,6,2,1,2,92.3,84.1,89.5,81.7,97.5,Ready,1,91.0,80.4,82.2,3,4.2,90.2,Positive
SC-2021-1878,Kritika Nair,AI_DS,4th Year,8,C,9.78,86.7,0,6,6,85.4,6,6,87.9,83.8,60.3,,95.8,1.6,16,91.8,High,18.2,3.1,10,2,3,6,88.6,89.8,82.9,82.1,96.9,Ready,1,93.6,84.4,88.1,5,4.5,87.0,Positive
SC-2023-1879,Aniket Kapoor,AI_DS,2nd Year,3,A,7.07,71.3,1,6,6,72.4,6,5,70.2,87.9,71.6,3.0,76.9,-3.6,10,87.1,Medium,12.4,5.7,3,1,1,1,73.5,67.9,58.8,67.5,73.3,In Progress,0,61.6,73.0,76.1,2,4.2,71.1,Neutral
SC-2022-1880,Sneha Rao,CSE,3rd Year,6,C,6.55,69.6,0,6,6,66.3,6,6,72.9,70.2,63.3,,70.6,-3.9,19,77.0,Medium,14.1,8.1,9,4,5,3,94.4,78.7,83.8,77.8,74.6,Ready,1,83.2,88.2,92.0,5,4.7,85.8,Positive
SC-2021-1881,Aditi Iyer,ECE,4th Year,8,C,7.08,69.5,0,6,6,68.5,6,6,70.5,82.7,67.4,4.0,72.8,2.7,10,72.5,Medium,11.8,-3.7,2,2,0,2,74.0,65.8,73.9,71.9,74.1,Ready,0,67.1,62.9,62.4,1,4.0,68.9,Neutral
SC-2023-1882,Manish Rao,CSE,2nd Year,4,C,8.09,70.5,0,6,6,69.1,6,6,71.9,64.1,93.4,0.0,80.3,-1.9,13,83.1,Medium,10.0,10.0,6,2,1,2,69.7,74.0,60.9,70.9,74.5,In Progress,0,68.9,76.0,72.3,3,4.2,72.5,Positive
SC-2023-1883,Swati Gupta,CSE,2nd Year,3,A,9.05,94.7,0,6,6,94.9,6,6,94.5,82.2,71.5,4.0,86.4,2.2,13,91.3,High,23.2,8.4,9,2,1,3,88.3,83.7,79.4,81.8,85.2,Ready,0,83.9,92.2,83.8,7,4.2,91.2,Positive
SC-2023-1884,Divya Iyer,MECH,2nd Year,4,A,7.09,70.8,0,6,6,71.8,6,6,69.9,82.9,91.3,3.0,84.7,-2.2,14,73.5,Medium,12.7,7.9,6,1,1,1,56.6,75.3,60.0,60.2,67.6,In Progress,0,68.8,74.1,61.2,1,4.3,75.7,Positive
SC-2023-1885,Pranav Gupta,ECE,2nd Year,3,B,7.15,70.3,0,6,6,72.3,6,6,68.3,57.1,64.1,2.0,79.9,-2.4,15,78.2,Medium,8.2,10.2,4,1,1,1,71.8,67.5,72.4,73.6,62.1,In Progress,0,62.3,69.6,63.5,2,4.3,77.6,Positive
SC-2022-1886,Suresh Sharma,ECE,3rd Year,5,C,6.58,63.9,0,6,6,69.7,6,5,58.1,75.6,71.3,3.0,63.2,-19.0,3,63.9,Low,3.5,-41.6,1,1,0,0,39.5,63.9,58.9,50.5,48.3,In Progress,0,50.6,51.8,47.4,2,3.2,63.4,Needs Attention
SC-2021-1887,Aditi Gupta,CIVIL,4th Year,7,B,8.01,69.7,1,6,6,71.4,6,5,67.9,64.9,69.1,3.0,76.7,-2.6,11,72.2,Medium,9.3,-9.4,5,2,1,2,65.3,72.5,63.5,70.2,66.8,Placed,0,70.4,63.6,66.0,2,4.0,80.4,Positive
SC-2023-1888,Sanya Mehta,MECH,2nd Year,3,A,8.83,95.2,0,6,6,95.5,6,6,94.9,90.8,91.3,4.0,92.6,2.7,22,99.0,High,20.8,17.2,10,2,1,5,93.2,84.2,81.5,84.4,98.0,Ready,1,94.7,81.5,93.0,6,4.4,97.6,Positive
SC-2023-1889,Suresh Shenoy,IT,2nd Year,4,C,6.91,69.3,0,6,6,68.7,6,6,69.9,92.1,67.4,4.0,85.1,-0.3,9,87.6,Medium,9.7,-7.7,5,1,1,2,59.3,67.6,59.2,62.4,71.5,In Progress,0,75.8,63.8,73.3,2,4.1,75.2,Positive
SC-2021-1890,Shreya Sharma,CSE,4th Year,7,B,8.88,94.7,0,6,6,93.2,6,6,96.2,75.2,87.9,,90.5,2.8,17,99.8,High,23.0,22.6,6,2,2,3,87.0,83.3,84.2,87.4,87.1,Placed,1,84.6,81.0,93.9,3,4.0,95.1,Positive
SC-2021-1891,Pallavi Nair,CSE,4th Year,8,A,4.81,55.6,6,6,5,62.2,6,3,49.0,72.8,74.8,3.0,58.2,-12.2,6,48.9,Low,5.1,-46.8,0,1,0,0,27.2,54.1,33.4,44.7,30.2,Not Ready,0,36.2,46.8,38.5,1,2.7,50.6,Needs Attention
SC-2022-1892,Sanya Verma,ECE,3rd Year,6,A,7.96,70.8,0,6,6,71.0,6,6,70.6,88.3,67.7,4.0,85.9,2.3,8,83.1,Medium,12.0,14.8,4,1,1,2,56.6,71.7,72.0,73.5,64.8,In Progress,1,68.3,65.0,61.4,2,4.3,77.0,Positive
SC-2021-1893,Deepika Pillai,IT,4th Year,8,A,6.57,70.4,0,6,6,67.1,6,6,73.7,,62.7,1.0,77.5,-2.0,19,76.6,Medium,13.8,14.6,9,4,6,3,81.2,70.6,81.3,75.5,89.1,Ready,1,87.3,87.5,90.7,3,4.1,84.6,Positive
SC-2022-1894,Aarav Nair,IT,3rd Year,6,B,7.7,61.5,1,6,6,68.7,6,4,54.4,73.0,93.4,3.0,63.7,-18.7,5,58.0,Low,4.5,-64.7,1,1,0,0,48.7,67.6,57.8,60.2,48.0,In Progress,0,63.1,53.0,53.9,2,2.8,61.4,Needs Attention
SC-2023-1895,Manish Deshmukh,CSE,2nd Year,3,A,8.1,79.0,0,6,6,84.2,6,6,73.8,78.8,87.8,4.0,84.1,-1.4,13,90.8,Medium,8.4,-2.2,3,1,0,0,51.9,50.0,53.9,46.4,37.5,In Progress,0,46.4,46.7,48.9,1,3.7,68.6,Neutral
SC-2022-1896,Kritika Rao,CSE,3rd Year,6,A,6.61,64.2,0,6,6,64.0,6,6,64.4,82.9,79.6,,71.9,2.9,14,72.2,Medium,11.6,17.5,8,4,3,3,92.3,82.3,79.7,73.8,89.1,Ready,0,80.3,79.7,84.0,5,4.1,80.0,Positive
SC-2022-1897,Ishaan Bose,ECE,3rd Year,6,C,9.74,84.2,0,6,6,85.0,6,6,83.4,76.4,93.9,0.0,91.4,1.6,18,95.8,High,18.6,23.1,7,3,3,5,94.3,94.6,85.8,93.2,94.9,Ready,1,92.0,88.1,91.9,7,4.4,88.3,Positive
SC-2024-1898,Swati Bhat,CSE,1st Year,1,B,8.11,75.3,0,6,6,75.6,6,6,75.0,74.8,,4.0,85.3,0.7,13,84.4,Medium,12.1,3.4,3,2,1,1,64.7,69.4,61.3,67.2,74.5,Ready,0,70.9,77.8,61.6,1,3.5,81.8,Positive
SC-2024-1899,Mohit Thakur,MECH,1st Year,1,A,7.54,79.3,0,6,6,75.5,6,6,83.2,75.9,85.8,2.0,83.1,-2.6,8,85.8,Medium,13.4,3.7,4,0,0,1,56.3,53.6,42.9,41.3,30.9,In Progress,0,48.3,50.8,45.5,0,3.6,77.8,Neutral
SC-2024-1900,Vikas Patel,CSE,1st Year,2,C,5.59,58.8,4,6,5,61.1,6,3,56.4,,65.7,,47.5,-12.9,2,55.3,Low,4.4,-47.4,1,0,0,0,39.6,42.8,44.7,46.9,26.4,Not Ready,0,51.1,53.8,42.3,1,1.8,41.1,Needs Attention
SC-2022-1901,Siddharth Deshmukh,AI_DS,3rd Year,5,C,7.4,70.2,0,6,6,75.6,6,5,64.7,64.9,87.3,1.0,63.2,-17.4,5,52.1,Low,4.0,-49.1,1,0,0,0,46.1,62.1,51.8,50.4,51.1,In Progress,0,51.7,55.5,47.8,2,2.7,49.8,Needs Attention
SC-2023-1902,Isha Iyer,ECE,2nd Year,3,A,7.71,65.8,0,6,6,70.1,6,5,61.6,59.4,71.2,2.0,66.1,-12.4,6,46.0,Low,3.6,-40.3,2,1,0,0,47.6,68.4,61.8,53.0,44.3,In Progress,0,64.2,57.0,61.0,1,2.5,63.6,Needs Attention
SC-2022-1903,Tarun Menon,ECE,3rd Year,5,C,7.53,79.1,0,6,6,85.8,6,6,72.4,91.9,,,91.0,-1.0,13,85.2,Medium,8.3,3.5,3,0,0,1,45.0,45.4,40.1,42.5,50.6,Not Ready,0,54.0,53.0,54.7,0,3.3,64.5,Neutral
SC-2024-1904,Harsh Menon,IT,1st Year,2,A,7.1,71.0,0,6,6,76.5,6,5,65.4,93.3,91.6,2.0,66.5,-14.6,6,51.4,Low,4.9,-62.7,0,0,0,0,48.5,60.6,48.7,45.7,40.9,In Progress,0,51.0,54.8,57.4,1,2.6,60.4,Needs Attention
SC-2024-1905,Deepika Deshmukh,CSE,1st Year,1,A,6.59,67.4,0,6,6,68.4,6,6,66.4,75.0,72.7,4.0,78.5,2.6,15,79.0,Medium,17.8,20.4,9,2,4,4,91.2,79.8,83.3,79.4,80.9,In Progress,0,84.4,89.8,77.1,7,4.2,84.6,Positive
SC-2022-1906,Aniket Bose,IT,3rd Year,5,C,8.69,80.2,0,6,6,82.5,6,6,77.8,71.5,68.8,2.0,82.4,-2.1,14,87.5,Medium,11.1,2.2,1,0,0,0,43.7,56.2,41.2,51.2,38.5,Not Ready,0,49.7,53.4,47.9,0,3.5,64.1,Neutral
SC-2024-1907,Isha Bhat,CSE,1st Year,2,B,5.05,48.6,6,6,5,53.7,6,1,43.5,81.7,65.5,,46.0,-6.7,2,42.2,Low,6.4,-47.4,0,0,0,0,43.2,42.8,29.9,51.8,40.0,Not Ready,0,52.6,46.4,50.0,1,1.8,53.5,Needs Attention
SC-2021-1908,Vikas Menon,CSE,4th Year,8,B,6.99,68.6,0,6,6,62.5,6,6,74.7,70.2,63.6,1.0,76.1,-1.5,16,75.3,Medium,13.1,19.0,8,3,2,4,83.2,74.5,80.5,82.9,77.8,Ready,1,87.4,79.4,78.9,6,4.0,79.6,Positive
SC-2022-1909,Aayush Kapoor,CSE,3rd Year,5,C,8.56,83.9,1,6,6,85.1,6,6,82.7,75.5,88.9,4.0,86.5,-2.2,8,87.4,Medium,9.6,-5.2,2,1,0,1,57.5,57.7,42.9,39.9,38.8,Not Ready,0,57.0,48.8,53.7,1,3.1,62.8,Neutral
SC-2023-1910,Sneha Bhat,IT,2nd Year,4,A,7.86,72.4,1,6,6,72.3,6,5,72.5,74.8,67.4,4.0,78.0,1.7,13,84.4,Medium,9.4,-2.5,2,1,0,1,65.9,68.7,60.1,68.7,63.8,In Progress,0,68.4,71.4,74.5,3,4.2,80.6,Positive
SC-2024-1911,Bhavna Yadav,CSE,1st Year,1,B,7.1,75.9,1,6,6,77.2,6,5,74.6,79.9,92.1,0.0,72.1,-2.8,8,76.5,Medium,9.3,13.2,3,2,0,1,60.8,60.1,67.4,61.2,69.7,Ready,0,63.3,64.0,70.7,2,3.9,65.6,Neutral
SC-2022-1912,Siddharth Deshmukh,IT,3rd Year,5,C,6.51,68.4,0,6,6,74.6,6,5,62.2,67.2,62.3,0.0,64.8,-19.0,5,52.5,Low,4.4,-26.6,0,0,0,0,58.5,67.7,57.0,49.4,44.4,In Progress,0,63.8,62.6,54.7,2,3.3,53.3,Needs Attention
SC-2023-1913,Suresh Mishra,IT,2nd Year,3,A,7.55,80.3,0,6,6,78.9,6,6,81.7,84.4,85.0,2.0,72.7,1.0,15,70.2,Medium,13.2,13.3,3,2,0,1,71.7,62.7,64.5,70.2,60.5,In Progress,0,75.5,75.9,63.9,2,4.1,74.3,Positive
SC-2021-1914,Akhil Shenoy,CSE,4th Year,7,A,9.01,91.1,0,6,6,89.9,6,6,92.3,65.3,74.8,1.0,88.0,3.8,18,90.0,High,17.9,17.0,5,4,1,5,86.7,81.8,92.5,94.8,92.0,Placed,1,92.3,93.3,82.1,5,4.1,87.5,Positive
SC-2023-1915,Rakesh Pandey,MECH,2nd Year,3,A,9.3,84.2,0,6,6,82.3,6,6,86.0,84.4,85.6,3.0,86.1,2.9,14,95.3,High,16.8,1.9,9,2,4,4,91.9,80.0,82.7,84.8,93.2,Ready,0,88.9,80.9,92.9,7,4.3,90.9,Positive
SC-2022-1916,Tarun Nair,AI_DS,3rd Year,5,B,8.41,79.3,0,6,6,75.0,6,6,83.7,56.6,,3.0,84.2,-0.7,15,79.1,Medium,12.4,0.8,1,0,0,0,42.6,47.8,36.7,40.8,50.7,Not Ready,0,46.1,50.8,45.1,1,3.5,63.2,Neutral
SC-2022-1917,Arjun Agarwal,IT,3rd Year,6,C,7.52,78.8,0,6,6,82.0,6,6,75.5,59.8,,2.0,82.9,1.1,15,84.6,Medium,13.5,0.9,2,0,0,0,57.9,54.6,39.8,39.0,48.5,Not Ready,0,51.7,48.9,46.8,0,3.9,70.7,Neutral
SC-2022-1918,Pranav Saxena,MECH,3rd Year,6,B,7.38,74.3,0,6,6,75.0,6,6,73.7,73.1,74.7,2.0,75.8,-0.8,7,71.7,Medium,8.2,-6.2,2,2,1,2,61.6,74.9,66.2,74.2,75.2,In Progress,0,75.9,72.6,70.0,2,4.1,71.0,Neutral
SC-2023-1919,Mohit Kumar,CSE,2nd Year,4,C,7.59,76.8,0,6,6,77.4,6,6,76.3,67.3,78.3,3.0,79.0,-2.6,14,87.2,Medium,11.7,11.9,3,1,1,2,72.8,70.0,60.8,73.5,60.6,In Progress,0,74.7,65.9,69.1,3,3.8,77.1,Positive
SC-2024-1920,Yash Joshi,AI_DS,1st Year,2,C,5.18,55.5,2,6,5,60.8,6,4,50.2,70.0,67.7,2.0,50.1,-4.7,2,45.9,Low,3.5,-15.8,0,0,0,0,50.7,53.8,48.7,44.6,21.7,Not Ready,0,34.3,43.5,36.9,0,2.0,50.9,Needs Attention
SC-2023-1921,Sahil Gupta,ECE,2nd Year,3,A,8.67,88.2,0,6,6,88.4,6,6,88.1,89.3,72.4,2.0,89.2,0.5,15,96.9,High,22.8,23.6,7,3,3,3,81.3,81.7,84.1,93.3,89.0,Ready,1,86.7,89.0,84.3,3,4.6,91.9,Positive
SC-2022-1922,Rakesh Reddy,ECE,3rd Year,6,C,9.25,95.6,0,6,6,94.6,6,6,96.6,86.9,68.6,1.0,89.5,1.7,28,99.9,High,15.7,11.0,7,3,2,6,89.3,94.1,84.7,89.7,97.2,Ready,1,94.0,80.9,86.4,3,4.3,97.8,Positive
SC-2024-1923,Kunal Verma,AI_DS,1st Year,2,B,7.84,68.3,0,6,6,68.3,6,6,68.3,78.8,86.5,4.0,74.0,-0.8,11,86.3,Medium,9.4,2.0,5,1,1,1,69.9,75.8,68.8,73.8,72.6,Ready,0,60.2,68.7,73.4,2,3.5,65.5,Neutral
SC-2024-1924,Gaurav Malhotra,CSE,1st Year,1,B,8.41,84.4,0,6,6,83.1,6,6,85.7,61.9,91.8,4.0,91.3,0.4,12,89.2,High,23.0,8.0,6,4,2,2,86.2,80.0,82.6,80.8,98.7,Ready,0,89.8,91.4,89.6,7,5.0,93.3,Positive
SC-2022-1925,Gaurav Chopra,CIVIL,3rd Year,6,C,6.9,69.2,1,6,6,69.5,6,5,69.0,84.6,80.8,2.0,80.5,-2.7,10,79.0,Medium,12.3,11.4,9,2,4,5,80.2,75.6,91.5,74.7,85.5,Ready,1,85.9,85.5,81.7,5,4.0,83.3,Positive
SC-2021-1926,Suresh Bose,CSE,4th Year,7,A,6.94,67.5,1,6,6,72.8,6,4,62.1,87.3,91.2,4.0,65.7,-12.3,3,52.8,Low,4.7,-46.2,2,0,0,0,36.0,63.8,58.3,57.4,50.7,In Progress,0,55.1,60.4,60.7,1,2.9,64.6,Needs Attention
SC-2021-1927,Rakesh Kulkarni,CIVIL,4th Year,8,A,6.96,65.1,2,6,6,72.7,6,4,57.5,94.3,66.9,1.0,55.2,-14.2,2,60.9,Low,3.3,-61.5,1,0,0,0,44.7,64.9,54.5,59.3,45.7,In Progress,0,51.7,48.4,60.1,2,2.6,53.0,Needs Attention
SC-2024-1928,Meera Kulkarni,AI_DS,1st Year,1,A,8.55,84.5,1,6,6,85.1,6,6,84.0,61.8,76.3,1.0,88.8,-1.4,11,83.3,Medium,13.2,1.0,3,0,0,1,41.5,44.7,41.3,52.7,43.8,In Progress,0,46.6,51.3,51.5,0,3.1,69.9,Neutral
SC-2023-1929,Zoya Agarwal,MECH,2nd Year,4,C,7.02,68.9,1,6,6,74.8,6,4,63.0,76.7,,4.0,67.2,-12.6,3,46.2,Low,3.9,-44.3,1,0,0,0,45.9,55.9,52.5,46.5,51.4,In Progress,0,51.3,50.1,48.6,2,2.8,53.4,Needs Attention
SC-2022-1930,Rohan Saxena,CIVIL,3rd Year,5,B,6.9,77.7,0,6,6,76.7,6,6,78.7,,94.3,,72.3,-3.5,12,72.5,Medium,10.4,-3.8,4,2,0,1,65.5,68.0,66.4,66.7,70.4,In Progress,1,76.2,77.9,76.1,1,4.1,76.8,Positive
SC-2022-1931,Rohan Verma,MECH,3rd Year,5,C,9.54,85.3,0,6,6,86.1,6,6,84.6,64.6,87.1,2.0,93.8,-0.1,25,88.7,High,15.8,0.4,7,2,2,5,93.7,88.6,91.2,90.3,86.0,Ready,1,95.0,86.8,95.7,6,4.5,90.9,Positive
SC-2022-1932,Nikhil Mehta,CSE,3rd Year,6,C,7.86,79.2,0,6,6,76.4,6,6,82.0,81.2,86.4,,88.1,-2.5,8,77.4,Medium,11.7,1.2,3,0,0,0,56.5,50.6,48.9,40.4,47.3,Not Ready,0,45.0,59.1,43.3,1,3.7,77.7,Neutral
SC-2021-1933,Rohan Rao,AI_DS,4th Year,8,A,8.94,85.2,0,6,6,85.9,6,6,84.5,68.8,64.0,2.0,93.6,-0.8,21,91.7,High,19.1,10.9,5,3,3,6,94.8,91.8,82.6,82.0,95.5,Placed,1,85.5,82.4,85.9,6,4.6,95.7,Positive
SC-2024-1934,Kavya Iyer,CSE,1st Year,2,C,6.48,69.8,0,6,6,67.3,6,6,72.4,60.8,58.2,2.0,77.2,-3.3,20,83.1,Medium,15.7,26.9,9,4,4,2,85.8,79.6,88.0,73.1,85.6,In Progress,0,88.2,79.0,89.1,5,4.8,78.9,Positive
SC-2022-1935,Gaurav Shenoy,CSE,3rd Year,6,B,9.09,81.3,0,6,6,82.1,6,6,80.5,,85.0,3.0,93.1,2.7,23,97.2,High,15.2,17.1,10,3,1,6,90.2,83.7,86.8,91.4,99.3,Ready,1,92.4,92.7,91.8,3,4.8,89.0,Positive
SC-2024-1936,Suresh Chatterjee,MECH,1st Year,2,B,4.96,55.0,4,6,3,61.0,6,2,49.0,71.9,77.8,2.0,56.9,-10.0,3,43.1,Low,3.5,-47.9,1,1,0,0,44.4,50.1,43.7,45.3,26.0,Not Ready,0,34.8,46.2,40.0,1,3.1,57.1,Needs Attention
SC-2021-1937,Siddharth Reddy,ECE,4th Year,8,A,8.6,80.2,1,6,6,80.7,6,6,79.6,58.0,73.0,4.0,82.2,-2.8,11,82.1,Medium,12.5,-1.8,4,0,0,1,51.4,47.9,37.3,45.4,51.6,Not Ready,0,43.1,47.3,47.3,0,3.2,66.2,Neutral
SC-2022-1938,Gaurav Kulkarni,MECH,3rd Year,6,C,9.08,86.8,0,6,6,86.3,6,6,87.2,,76.3,0.0,95.0,1.3,25,96.9,High,14.9,10.6,7,2,3,3,87.4,80.8,90.8,85.8,98.1,Ready,1,84.5,84.9,89.9,3,4.4,86.7,Positive
SC-2023-1939,Rohan Gupta,IT,2nd Year,3,B,9.79,92.6,0,6,6,91.1,6,6,94.1,,59.3,1.0,90.4,0.4,24,88.1,High,21.9,4.3,4,3,2,4,86.3,83.3,91.3,87.4,90.6,Ready,0,86.1,90.7,89.3,3,4.0,88.9,Positive
SC-2022-1940,Aditi Gupta,CSE,3rd Year,5,B,7.16,68.4,0,6,6,64.1,6,6,72.7,90.0,61.6,4.0,71.5,1.8,15,82.3,Medium,10.6,17.8,7,2,3,2,90.3,74.9,91.2,83.3,82.8,Ready,1,93.8,89.5,86.6,7,4.1,86.7,Positive
SC-2021-1941,Siddharth Deshmukh,IT,4th Year,8,B,7.35,77.5,0,6,6,75.8,6,6,79.3,59.3,85.0,1.0,76.3,-2.6,8,81.7,Medium,9.0,13.8,4,2,1,1,58.8,75.6,66.4,60.7,63.5,Placed,0,77.9,75.3,68.8,1,3.7,76.7,Positive
SC-2022-1942,Shreya Saxena,IT,3rd Year,6,C,7.68,79.1,0,6,6,77.8,6,6,80.4,91.3,,4.0,82.2,-3.6,13,79.0,Medium,11.3,1.4,2,1,1,2,58.0,73.6,68.6,71.9,72.1,In Progress,0,62.9,73.6,77.2,1,3.9,80.3,Positive
SC-2023-1943,Tanvi Bose,CSE,2nd Year,3,C,6.38,69.8,0,6,6,66.4,6,6,73.2,84.8,90.6,3.0,71.7,3.2,12,84.3,Medium,15.6,23.5,11,2,6,4,89.8,79.3,87.0,85.0,89.6,In Progress,0,93.4,83.0,85.0,5,4.4,76.7,Positive
SC-2024-1944,Arjun Thakur,CSE,1st Year,1,A,7.89,76.8,0,6,6,76.5,6,6,77.2,83.2,59.6,1.0,73.3,-1.1,12,83.0,Medium,12.5,2.9,3,1,1,1,62.7,60.2,60.0,71.7,61.7,Ready,0,71.5,62.5,66.9,3,4.2,76.4,Positive
SC-2021-1945,Divya Sharma,MECH,4th Year,7,A,8.42,95.7,0,6,6,94.8,6,6,96.5,62.8,76.2,3.0,90.8,1.1,19,93.3,High,23.4,5.0,11,2,3,4,87.5,95.8,84.8,86.3,85.0,Placed,1,91.8,84.9,91.2,5,4.5,88.7,Positive
SC-2023-1946,Ishaan Bhat,CSE,2nd Year,3,C,7.64,81.4,1,6,6,79.4,6,5,83.4,90.8,79.4,2.0,75.8,-0.6,15,81.8,Medium,11.0,14.2,2,2,1,1,56.2,62.6,61.6,61.4,79.4,In Progress,0,74.4,68.8,75.9,1,3.7,81.7,Positive
SC-2024-1947,Bhavna Yadav,MECH,1st Year,2,C,9.5,91.8,0,6,6,92.8,6,6,90.9,59.2,78.2,3.0,86.3,3.5,13,99.6,High,23.3,11.3,12,4,3,4,85.9,94.7,90.8,89.5,95.9,Ready,0,93.8,90.5,85.2,7,4.6,85.4,Positive
SC-2022-1948,Varun Joshi,IT,3rd Year,5,B,6.59,67.1,1,6,6,67.4,6,5,66.8,60.6,85.0,3.0,79.5,-2.6,20,69.2,Medium,10.7,25.8,5,2,4,4,92.9,68.2,82.7,82.6,76.2,Ready,1,84.4,81.2,86.0,7,3.8,82.9,Positive
SC-2024-1949,Sanya Verma,IT,1st Year,2,A,8.49,74.5,0,6,6,74.2,6,6,74.8,61.7,,2.0,86.6,1.9,16,78.7,Medium,10.8,-3.4,2,0,0,0,50.2,48.5,38.1,51.6,46.6,In Progress,0,52.1,58.0,55.1,0,3.2,74.0,Neutral
SC-2022-1950,Yash Mehta,ECE,3rd Year,5,A,7.11,66.9,1,6,6,66.1,6,5,67.8,70.1,76.3,1.0,80.0,-0.8,17,76.4,Medium,14.7,27.7,7,2,3,2,93.8,76.5,93.7,79.1,87.7,Ready,0,85.0,84.0,90.5,4,4.5,72.2,Positive
SC-2024-1951,Swati Deshmukh,IT,1st Year,1,B,4.9,54.5,5,6,4,58.9,6,4,50.1,77.9,,,47.2,-10.3,6,52.1,Low,3.4,-36.9,0,1,0,0,38.3,41.3,45.7,45.6,48.5,Not Ready,0,43.4,37.9,49.1,0,2.8,50.1,Needs Attention
SC-2024-1952,Chirag Yadav,MECH,1st Year,1,B,7.19,67.6,0,6,6,67.4,6,6,67.8,80.0,92.2,1.0,73.8,-0.6,16,76.4,Medium,10.3,13.5,11,4,2,3,87.6,71.4,79.1,81.3,75.7,In Progress,0,84.5,75.0,88.2,5,4.3,78.9,Positive
SC-2024-1953,Vikas Pandey,MECH,1st Year,1,A,7.19,72.8,0,6,6,73.4,6,6,72.1,61.4,77.4,4.0,76.4,3.0,12,83.0,Medium,13.1,13.5,3,2,0,1,71.5,63.2,60.8,64.0,73.5,Ready,0,75.7,64.3,61.6,1,4.1,77.7,Positive
SC-2023-1954,Aayush Rao,AI_DS,2nd Year,4,C,7.46,75.6,0,6,6,76.2,6,6,75.0,95.0,71.2,2.0,85.9,-0.2,14,83.5,Medium,12.2,0.3,2,1,0,1,58.6,69.2,62.8,71.6,74.3,In Progress,0,63.2,77.4,64.0,3,4.2,65.0,Neutral
SC-2024-1955,Chirag Menon,ECE,1st Year,2,B,6.89,74.7,1,6,6,75.4,6,5,73.9,93.0,61.8,4.0,84.6,3.1,10,71.5,Medium,12.6,-8.7,3,2,1,1,55.6,74.5,60.7,62.3,69.5,Ready,0,65.9,66.8,71.0,2,4.4,74.9,Positive
SC-2021-1956,Sanya Kulkarni,ECE,4th Year,7,C,7.53,69.3,0,6,6,73.2,6,5,65.5,66.6,91.3,1.0,62.0,-9.1,4,52.7,Low,6.8,-56.6,1,1,0,0,36.3,65.2,62.0,61.0,43.5,In Progress,0,50.3,50.7,52.5,2,2.4,58.2,Needs Attention
SC-2023-1957,Ishaan Joshi,AI_DS,2nd Year,4,A,9.06,94.3,0,6,6,92.4,6,6,96.2,58.9,87.2,1.0,87.8,2.7,19,99.3,High,21.0,10.1,4,4,3,5,84.2,81.3,79.6,92.1,88.6,Ready,1,91.9,92.0,91.5,4,4.9,85.8,Positive
SC-2022-1958,Rahul Kapoor,ECE,3rd Year,5,A,6.83,70.3,0,6,6,66.5,6,6,74.1,72.7,70.7,4.0,80.2,-1.0,12,83.2,Medium,12.8,22.6,6,4,2,4,87.9,69.3,84.1,87.7,79.1,Ready,0,89.2,75.0,89.9,3,4.1,81.5,Positive
SC-2022-1959,Mohit Das,CIVIL,3rd Year,6,A,8.98,91.4,0,6,6,90.8,6,6,92.1,70.0,83.1,,89.5,3.9,19,98.2,High,15.5,1.9,9,2,2,4,82.3,83.4,87.4,82.9,89.0,Ready,1,93.7,86.5,93.2,3,4.7,94.8,Positive
SC-2023-1960,Aayush Sharma,ECE,2nd Year,4,B,8.16,82.8,0,6,6,85.2,6,6,80.5,69.3,59.8,2.0,88.9,-0.5,9,79.3,Medium,11.4,-2.9,3,0,0,0,51.3,54.8,45.5,41.0,48.8,In Progress,0,51.3,46.5,55.1,0,3.5,72.7,Neutral
SC-2024-1961,Shreya Chatterjee,IT,1st Year,2,B,9.25,86.2,0,6,6,84.3,6,6,88.1,93.4,86.8,1.0,96.2,2.7,27,96.8,High,23.9,3.4,5,2,5,4,83.6,84.0,95.4,91.3,90.5,Ready,1,84.4,83.5,87.6,4,4.8,88.1,Positive
SC-2023-1962,Riya Chopra,IT,2nd Year,3,C,6.86,66.8,0,6,6,69.4,6,6,64.2,,79.2,3.0,72.7,-3.8,16,78.9,Medium,16.6,11.6,11,4,3,3,88.9,68.7,83.1,72.3,91.4,In Progress,0,90.6,78.4,86.7,6,4.5,77.4,Positive
SC-2024-1963,Chirag Verma,MECH,1st Year,1,B,6.77,64.8,1,6,6,64.3,6,5,65.2,70.8,87.2,3.0,70.9,-3.0,14,82.5,Medium,10.1,9.6,9,3,5,4,93.7,76.5,83.3,86.9,86.6,In Progress,0,86.7,86.5,85.6,6,4.2,72.1,Positive
SC-2023-1964,Gaurav Sharma,IT,2nd Year,3,C,5.75,47.8,6,6,5,53.8,6,2,41.9,63.7,74.2,4.0,55.6,-7.4,3,35.1,Low,3.0,-45.1,1,0,0,0,37.1,37.9,41.4,46.2,34.5,Not Ready,0,41.7,37.6,50.4,1,2.6,56.8,Needs Attention
SC-2024-1965,Pooja Kumar,IT,1st Year,2,A,9.08,93.8,0,6,6,94.4,6,6,93.3,58.7,88.8,2.0,96.0,3.7,19,97.1,High,16.2,5.2,9,2,5,4,82.0,91.2,93.3,80.6,94.8,Ready,1,84.6,88.4,89.8,6,4.9,88.8,Positive
SC-2022-1966,Pranav Rao,IT,3rd Year,6,A,6.58,68.0,1,6,6,71.5,6,5,64.4,91.9,86.3,0.0,81.8,-0.3,11,78.3,Medium,12.9,23.2,10,4,5,5,83.5,74.2,90.5,72.5,74.4,Ready,1,80.3,81.5,90.5,6,4.3,85.6,Positive
SC-2022-1967,Tanvi Shenoy,IT,3rd Year,6,A,7.46,79.3,0,6,6,77.7,6,6,80.9,60.8,76.1,0.0,79.0,2.3,14,81.9,Medium,12.8,6.9,5,1,1,2,65.1,62.9,65.0,64.6,61.4,In Progress,0,69.7,67.3,77.9,3,3.8,80.9,Positive
SC-2021-1968,Gaurav Kapoor,IT,4th Year,8,C,6.46,71.0,1,6,6,71.6,6,5,70.4,79.9,78.8,0.0,77.5,-0.8,20,77.0,Medium,10.8,21.0,10,3,3,5,90.7,69.0,90.7,75.4,89.8,Ready,0,87.4,79.9,82.5,6,3.8,85.1,Positive
SC-2021-1969,Nikhil Sharma,CSE,4th Year,7,B,5.39,52.6,2,6,3,54.9,6,1,50.4,74.4,80.8,2.0,50.5,-2.4,1,45.2,Low,6.5,-35.5,2,1,0,0,40.7,38.4,44.1,42.1,47.0,Not Ready,0,48.5,41.1,41.1,0,2.8,40.9,Needs Attention
SC-2024-1970,Aditya Menon,ECE,1st Year,2,C,9.55,86.3,0,6,6,86.5,6,6,86.2,71.1,62.1,1.0,94.8,0.5,26,98.0,High,21.0,23.5,7,4,4,2,93.7,93.4,83.8,94.6,96.2,Ready,0,91.1,88.3,93.1,6,4.5,92.3,Positive
SC-2023-1971,Manish Verma,CSE,2nd Year,4,A,7.21,78.4,0,6,6,78.8,6,6,78.1,82.5,78.8,,77.6,-0.0,12,72.7,Medium,12.7,-10.0,2,1,1,2,57.1,66.9,70.6,64.9,68.2,In Progress,0,74.3,66.7,78.0,2,3.6,77.3,Positive
SC-2022-1972,Sahil Iyer,MECH,3rd Year,5,A,7.0,73.5,0,6,6,71.7,6,6,75.3,83.4,59.2,3.0,77.5,3.9,10,80.3,Medium,9.9,-2.3,5,2,1,1,61.7,60.9,62.8,72.1,79.8,In Progress,0,77.7,62.7,63.7,3,3.4,76.8,Positive
SC-2023-1973,Kunal Rao,MECH,2nd Year,4,A,7.02,78.7,0,6,6,77.8,6,6,79.5,90.6,94.7,,77.4,-0.5,12,75.2,Medium,8.0,-4.1,3,2,0,1,68.8,66.6,67.6,63.3,64.5,In Progress,0,63.0,77.5,73.4,1,3.9,76.3,Positive
SC-2024-1974,Karan Singh,ECE,1st Year,1,C,8.46,76.9,1,6,6,77.6,6,6,76.3,81.9,90.3,4.0,83.2,-1.0,13,77.0,Medium,10.6,7.9,3,1,0,1,40.2,57.4,38.0,55.0,30.9,In Progress,0,48.4,51.9,54.8,1,3.1,74.4,Neutral
SC-2023-1975,Isha Menon,ECE,2nd Year,4,A,6.61,66.7,0,6,6,62.3,6,6,71.1,68.4,83.4,3.0,74.0,-1.2,15,69.5,Medium,16.4,26.9,12,4,4,2,93.0,71.2,92.0,76.0,77.4,In Progress,0,80.9,89.7,83.3,4,4.1,85.9,Positive
SC-2024-1976,Harsh Reddy,CSE,1st Year,1,B,7.79,74.4,1,6,6,74.9,6,6,73.9,,80.8,2.0,87.8,1.6,13,79.2,Medium,12.9,-6.0,3,1,0,0,54.8,50.2,53.6,38.0,36.7,In Progress,0,53.1,46.7,53.5,0,3.6,70.6,Neutral
SC-2022-1977,Nikhil Mishra,IT,3rd Year,6,B,6.01,47.5,6,6,3,52.1,6,1,42.9,94.2,71.0,3.0,42.4,-8.3,5,49.0,Low,2.1,-20.9,2,0,0,0,41.4,40.6,32.2,37.7,45.2,Not Ready,0,39.5,35.7,48.8,0,2.8,55.5,Needs Attention
SC-2021-1978,Aniket Pandey,AI_DS,4th Year,7,A,6.94,74.4,0,6,6,74.8,6,6,74.1,65.5,85.5,1.0,84.5,3.7,8,72.9,Medium,13.7,-2.7,5,2,1,2,57.9,61.8,70.0,70.9,66.9,Placed,0,74.0,62.8,74.7,2,4.0,79.0,Positive
SC-2023-1979,Aniket Kumar,IT,2nd Year,3,C,8.58,81.5,1,6,6,78.4,6,6,84.6,60.8,93.4,1.0,83.0,0.6,9,87.9,Medium,10.3,-0.1,1,0,0,0,45.7,51.2,41.6,39.0,35.9,In Progress,0,50.0,54.8,48.3,0,3.4,67.6,Neutral
SC-2022-1980,Divya Yadav,IT,3rd Year,5,A,8.19,78.5,1,6,6,79.0,6,5,78.1,88.6,76.0,4.0,73.3,-2.5,8,86.1,Medium,12.0,4.2,4,2,1,2,65.9,61.9,70.7,70.3,77.1,In Progress,0,64.4,76.2,60.7,1,3.8,75.8,Positive
SC-2023-1981,Utkarsh Reddy,CSE,2nd Year,3,B,6.68,67.5,0,6,6,63.8,6,6,71.3,56.3,87.8,1.0,77.2,2.5,17,75.4,Medium,11.3,10.5,8,2,3,5,85.1,82.5,80.0,75.3,86.3,In Progress,0,89.9,90.0,91.4,6,4.6,85.1,Positive
SC-2023-1982,Aditi Patel,CIVIL,2nd Year,4,B,6.98,74.1,0,6,6,72.4,6,6,75.7,80.5,74.0,2.0,73.9,-0.9,11,74.8,Medium,9.3,-0.9,3,2,0,2,68.9,69.9,58.5,63.3,79.0,In Progress,0,73.2,64.0,69.5,3,4.1,81.4,Positive
SC-2022-1983,Aditya Kulkarni,IT,3rd Year,5,C,7.17,64.2,0,6,6,62.0,6,6,66.5,73.0,75.3,2.0,73.0,1.9,18,70.9,Medium,10.1,7.0,12,3,5,4,89.7,71.0,92.9,86.9,73.1,Ready,0,88.3,89.1,78.1,5,3.9,86.2,Positive
SC-2023-1984,Chirag Agarwal,CSE,2nd Year,3,B,9.14,87.1,0,6,6,88.0,6,6,86.2,67.4,60.1,1.0,94.5,-0.5,19,95.0,High,18.0,19.1,11,4,5,4,82.6,92.5,91.6,91.9,89.3,Ready,0,91.6,89.7,90.2,7,4.2,93.6,Positive
SC-2024-1985,Isha Pillai,ECE,1st Year,2,A,7.79,67.7,1,6,6,71.1,6,4,64.3,83.7,70.5,1.0,60.5,-12.0,7,54.5,Low,6.8,-48.5,1,1,0,0,48.1,66.9,56.8,57.9,50.3,In Progress,0,57.0,59.5,59.4,1,3.2,62.8,Needs Attention
SC-2021-1986,Arjun Reddy,CSE,4th Year,7,C,7.27,68.1,0,6,6,69.0,6,6,67.2,55.9,,1.0,75.0,-0.1,13,72.5,Medium,12.0,2.6,6,2,1,2,70.3,69.0,68.6,67.4,69.3,Ready,0,71.3,64.5,75.6,1,3.4,74.4,Positive
SC-2023-1987,Sahil Agarwal,CSE,2nd Year,3,B,6.39,66.5,0,6,6,65.2,6,6,67.7,70.8,83.1,4.0,73.0,0.7,10,77.6,Medium,13.2,7.3,5,4,6,2,80.0,72.2,93.0,80.2,80.6,In Progress,0,82.6,76.5,78.8,5,4.7,83.5,Positive
SC-2021-1988,Akhil Chopra,CSE,4th Year,8,A,5.99,56.8,2,6,3,59.8,6,3,53.7,80.9,61.5,,60.9,-10.7,4,45.7,Low,5.0,-27.8,1,1,0,0,31.4,54.0,45.3,34.6,44.0,Not Ready,0,48.9,45.6,41.6,0,2.1,36.6,Needs Attention
SC-2023-1989,Arjun Kulkarni,CSE,2nd Year,3,C,8.19,69.8,1,6,6,68.4,6,5,71.1,70.5,92.9,1.0,86.0,-0.9,13,80.9,Medium,11.0,6.7,5,1,0,2,57.4,75.0,62.9,63.5,67.8,In Progress,0,69.0,75.0,74.1,3,3.5,67.6,Neutral
SC-2021-1990,Pooja Mishra,CIVIL,4th Year,7,B,7.82,80.7,0,6,6,79.6,6,6,81.7,93.5,73.0,1.0,82.4,1.3,9,79.4,Medium,9.3,4.9,5,2,1,2,70.0,75.4,59.2,70.2,61.8,Placed,1,70.9,72.5,72.1,1,3.5,74.7,Positive
SC-2021-1991,Akhil Pandey,CSE,4th Year,8,B,6.78,63.6,0,6,6,68.6,6,5,58.7,89.5,91.2,3.0,60.1,-11.5,2,60.9,Low,3.2,-37.8,1,1,0,0,36.4,62.7,62.8,61.4,56.2,In Progress,0,63.5,48.9,51.4,1,2.3,60.6,Needs Attention
SC-2023-1992,Tarun Kulkarni,ECE,2nd Year,4,B,8.09,77.6,0,6,6,77.2,6,6,78.0,,79.8,0.0,80.1,0.4,14,78.3,Medium,12.2,-1.6,4,1,1,1,74.7,71.1,73.6,65.8,75.3,In Progress,0,76.7,67.2,72.7,1,4.4,81.0,Positive
SC-2024-1993,Divya Das,CSE,1st Year,1,A,5.05,58.7,3,6,4,61.1,6,3,56.3,60.2,79.1,3.0,52.0,-13.9,2,52.1,Low,6.5,-33.9,0,1,0,0,26.9,47.4,45.5,47.1,34.2,Not Ready,0,46.7,53.1,38.7,0,2.0,50.9,Needs Attention
SC-2023-1994,Tarun Kumar,MECH,2nd Year,3,B,6.32,55.8,6,6,4,58.3,6,4,53.3,77.0,84.0,0.0,56.5,-12.5,5,49.9,Low,3.4,-17.3,1,1,0,0,50.5,45.5,37.1,45.5,29.6,Not Ready,0,42.0,38.0,42.4,0,2.9,56.2,Needs Attention
SC-2022-1995,Sneha Mehta,ECE,3rd Year,6,C,7.75,67.3,1,6,6,69.3,6,5,65.4,63.8,74.9,4.0,79.4,-3.1,15,86.3,Medium,11.3,7.0,5,2,1,2,60.1,67.0,68.0,66.7,76.2,In Progress,1,77.2,68.0,74.9,3,3.7,78.0,Positive
SC-2024-1996,Karan Gupta,MECH,1st Year,2,A,8.1,76.2,0,6,6,78.1,6,6,74.4,78.5,95.1,0.0,84.8,-2.0,15,79.2,Medium,13.9,-7.2,2,0,0,1,40.2,56.5,35.1,46.5,48.8,In Progress,0,42.4,51.7,56.5,1,3.2,63.2,Neutral
SC-2024-1997,Aayush Menon,IT,1st Year,2,B,7.13,65.1,2,6,6,70.3,6,4,59.9,67.8,67.5,2.0,57.7,-14.7,6,55.5,Low,5.1,-32.8,2,1,0,0,57.6,68.1,55.7,49.2,56.0,In Progress,0,59.8,52.1,50.7,2,2.3,55.4,Needs Attention
SC-2022-1998,Nisha Singh,MECH,3rd Year,5,C,5.53,56.8,4,6,4,62.8,6,1,50.9,84.6,72.4,2.0,60.3,-13.9,5,52.4,Low,5.7,-36.2,1,1,0,0,42.8,49.0,46.7,36.4,41.9,Not Ready,0,49.9,35.8,47.6,0,2.3,35.3,Needs Attention
SC-2024-1999,Mohit Pandey,AI_DS,1st Year,1,A,8.81,84.8,0,6,6,83.8,6,6,85.7,62.4,80.6,4.0,96.4,-0.9,16,90.3,High,16.3,23.4,4,3,3,3,83.0,94.0,81.5,90.7,94.2,Ready,0,95.1,91.5,91.4,3,4.6,98.0,Positive
SC-2023-2000,Tanvi Yadav,CSE,2nd Year,4,A,6.77,67.5,0,6,6,64.5,6,6,70.5,,80.8,4.0,75.6,-2.2,20,81.8,Medium,15.8,25.0,11,3,2,5,89.9,83.9,86.1,77.2,77.4,In Progress,0,80.2,88.1,76.9,5,4.1,77.8,Positive
SC-2024-2001,Mohit Yadav,CSE,1st Year,1,C,7.12,74.9,0,6,6,76.3,6,6,73.5,58.6,87.9,3.0,77.0,-0.4,9,76.2,Medium,10.3,-9.6,6,2,0,2,63.5,61.9,65.8,64.8,71.7,Ready,0,75.1,77.3,77.0,2,3.6,78.6,Positive
SC-2024-2002,Utkarsh Agarwal,AI_DS,1st Year,2,C,6.91,67.8,0,6,6,74.9,6,5,60.8,67.7,79.0,1.0,59.7,-11.1,4,57.4,Low,4.9,-47.5,0,1,0,0,35.8,61.8,59.9,45.4,41.6,In Progress,0,53.0,48.7,56.9,2,2.4,61.3,Needs Attention
SC-2022-2003,Varun Menon,CSE,3rd Year,6,A,6.59,67.6,1,6,6,67.7,6,5,67.4,81.7,,3.0,72.7,-3.2,13,68.0,Medium,17.1,20.8,5,4,4,3,80.5,76.9,88.9,80.0,91.5,Ready,1,93.1,82.3,78.0,6,4.0,80.6,Positive
SC-2022-2004,Priya Pandey,ECE,3rd Year,5,B,7.54,79.8,0,6,6,77.8,6,6,81.7,68.7,86.7,1.0,86.9,1.4,15,90.3,Medium,8.8,7.6,3,0,0,0,46.6,55.2,49.2,49.7,48.4,Not Ready,0,50.8,44.4,50.6,1,3.8,70.5,Neutral
SC-2023-2005,Aditi Kumar,CSE,2nd Year,3,A,8.92,94.2,0,6,6,93.0,6,6,95.4,77.1,,4.0,97.2,0.2,19,89.4,High,17.8,13.1,5,3,1,2,85.1,85.9,84.9,86.6,88.5,Ready,0,91.9,86.2,91.2,3,4.0,96.3,Positive
SC-2024-2006,Nisha Deshmukh,CSE,1st Year,1,B,9.25,86.0,0,6,6,86.3,6,6,85.8,66.9,65.0,4.0,91.2,0.4,28,99.3,High,23.2,5.6,10,2,5,3,86.1,87.8,93.7,84.6,89.9,Ready,0,92.4,86.8,89.3,4,4.2,85.8,Positive
SC-2024-2007,Pallavi Bose,AI_DS,1st Year,2,C,6.55,62.5,1,6,6,70.1,6,4,55.0,,94.8,3.0,64.2,-19.8,7,64.5,Low,6.6,-43.0,2,1,0,0,47.4,57.5,53.4,50.1,53.7,In Progress,0,56.0,59.8,46.9,2,2.5,56.5,Needs Attention
SC-2023-2008,Yash Reddy,IT,2nd Year,3,B,7.64,74.0,0,6,6,74.6,6,6,73.5,78.4,68.6,,73.4,-2.0,11,86.7,Medium,10.3,-6.2,5,1,0,1,72.3,63.5,59.8,66.6,71.9,In Progress,0,68.1,64.8,75.6,3,3.8,73.5,Positive
SC-2021-2009,Zoya Kulkarni,ECE,4th Year,7,C,8.71,93.9,0,6,6,92.6,6,6,95.2,66.4,67.8,4.0,87.1,0.8,20,90.1,High,23.4,20.7,8,3,4,2,93.4,85.3,93.3,83.9,86.6,Ready,1,95.6,89.6,89.0,4,4.6,95.3,Positive
SC-2022-2010,Deepika Kapoor,CSE,3rd Year,5,C,7.51,70.0,0,6,6,69.6,6,6,70.4,66.3,71.0,,83.3,2.5,14,74.4,Medium,10.4,-1.9,3,2,0,2,68.4,60.0,71.6,64.2,73.5,In Progress,0,64.7,74.2,64.9,1,3.8,67.1,Neutral
SC-2022-2011,Sanya Thakur,AI_DS,3rd Year,5,A,6.18,48.0,4,6,4,52.9,6,1,43.1,63.2,,4.0,49.0,-2.9,6,43.3,Low,2.6,-35.8,0,1,0,0,37.1,46.4,42.0,42.2,28.2,Not Ready,0,51.3,53.5,45.9,1,2.0,36.7,Needs Attention
SC-2024-2012,Varun Menon,AI_DS,1st Year,1,B,5.05,51.2,3,6,3,53.9,6,4,48.6,62.8,,2.0,50.9,-5.6,4,41.7,Low,6.0,-41.6,2,0,0,0,42.4,52.7,44.8,42.7,33.4,Not Ready,0,47.5,50.1,43.7,0,3.2,41.7,Needs Attention
SC-2023-2013,Tanvi Singh,ECE,2nd Year,4,C,6.93,67.0,1,6,6,74.5,6,4,59.5,81.6,61.6,,63.4,-17.5,3,45.6,Low,3.3,-60.1,2,0,0,0,56.9,62.3,58.1,50.8,46.0,In Progress,0,64.6,56.9,55.6,1,2.4,59.1,Needs Attention
SC-2021-2014,Meera Mishra,MECH,4th Year,8,A,8.15,79.7,0,6,6,84.5,6,6,74.9,70.2,,1.0,85.4,0.5,13,91.2,Medium,8.4,-2.3,2,1,0,0,47.2,45.9,50.4,53.5,44.5,Not Ready,0,43.4,54.8,54.4,0,3.5,75.5,Neutral
SC-2022-2015,Aditya Singh,CSE,3rd Year,6,A,8.71,78.8,0,6,6,75.3,6,6,82.2,79.6,59.4,3.0,91.9,-2.3,14,91.3,Medium,8.6,4.7,2,1,0,0,59.1,44.0,36.1,43.2,31.9,Not Ready,0,55.9,57.5,56.2,1,3.9,62.3,Neutral
SC-2022-2016,Isha Chatterjee,CSE,3rd Year,6,A,7.77,68.8,0,6,6,72.2,6,5,65.3,,,3.0,60.1,-8.8,7,63.7,Low,3.5,-63.3,0,1,0,0,59.6,55.8,59.7,52.7,58.5,In Progress,0,62.1,57.3,49.5,1,2.9,64.2,Needs Attention
SC-2021-2017,Akhil Deshmukh,ECE,4th Year,8,B,9.12,87.5,0,6,6,86.6,6,6,88.5,82.4,69.2,2.0,93.5,2.4,28,95.4,High,14.6,4.2,7,4,1,4,94.1,82.4,92.1,83.1,87.0,Placed,1,95.5,84.6,82.5,5,4.6,96.1,Positive
SC-2023-2018,Aditya Patel,IT,2nd Year,4,B,8.16,80.0,0,6,6,79.7,6,6,80.2,93.8,60.1,3.0,89.6,-2.1,12,87.8,Medium,9.3,-1.4,2,1,0,1,47.2,52.2,41.9,38.3,50.8,In Progress,0,47.4,47.9,49.9,0,3.0,73.9,Neutral
SC-2024-2019,Chirag Kulkarni,CSE,1st Year,1,B,7.07,70.3,0,6,6,69.3,6,6,71.4,70.5,66.6,,81.4,0.6,11,70.3,Medium,8.3,-2.2,2,1,0,1,61.5,60.1,73.9,62.5,63.5,Ready,0,77.5,62.9,70.2,1,4.4,77.6,Positive
SC-2024-2020,Ananya Shenoy,CSE,1st Year,1,A,9.07,91.1,0,6,6,91.7,6,6,90.4,64.0,61.3,1.0,95.5,0.1,26,99.1,High,16.5,8.4,5,4,5,4,80.4,81.2,94.1,80.2,97.6,Ready,1,86.7,90.8,93.2,4,4.6,87.0,Positive
SC-2022-2021,Manish Reddy,CIVIL,3rd Year,5,C,8.5,76.5,1,6,6,79.7,6,6,73.3,88.4,83.8,3.0,83.6,-1.4,14,75.4,Medium,9.8,-5.3,2,1,0,1,48.8,46.6,47.6,48.4,39.2,Not Ready,0,43.4,49.4,44.4,1,3.9,72.0,Neutral
SC-2024-2022,Pooja Pillai,IT,1st Year,2,A,7.47,73.7,0,6,6,71.8,6,6,75.5,,80.7,2.0,73.3,-1.9,11,72.1,Medium,9.8,10.1,4,2,1,2,63.8,61.2,69.4,63.1,61.5,Ready,0,73.3,76.3,75.9,2,3.5,80.2,Positive
SC-2022-2023,Vikas Chopra,CIVIL,3rd Year,5,A,7.66,74.3,2,6,6,77.8,6,4,70.9,73.8,94.3,0.0,61.4,-9.4,2,54.2,Low,4.5,-56.7,0,0,0,0,37.6,56.9,51.6,48.8,41.8,In Progress,0,65.2,58.1,57.7,2,2.4,63.9,Needs Attention
SC-2022-2024,Zoya Patel,CSE,3rd Year,5,C,8.48,94.8,0,6,6,94.5,6,6,95.1,60.1,60.4,2.0,95.8,-0.7,21,88.9,High,18.2,7.0,8,4,2,4,94.4,91.3,93.2,92.5,88.8,Ready,1,86.4,84.1,87.5,6,4.1,96.8,Positive
SC-2024-2025,Arjun Malhotra,IT,1st Year,1,A,8.71,95.1,0,6,6,93.3,6,6,96.9,,89.2,,95.7,-1.0,22,95.4,High,16.4,23.0,10,3,3,3,81.0,92.1,83.2,83.9,87.8,Ready,1,83.4,86.1,94.1,7,4.8,85.1,Positive
SC-2023-2026,Kavya Deshmukh,ECE,2nd Year,3,C,8.04,76.7,0,6,6,75.6,6,6,77.7,64.6,66.5,4.0,72.2,-0.0,7,81.5,Medium,11.2,4.4,4,2,1,1,57.2,72.8,67.0,74.8,65.5,In Progress,0,72.5,67.2,75.5,2,4.0,73.3,Positive
SC-2021-2027,Sanya Yadav,CSE,4th Year,8,C,7.07,69.2,0,6,6,70.4,6,6,68.0,81.3,80.8,4.0,72.9,1.3,17,81.5,Medium,12.6,10.8,5,4,3,5,80.3,82.6,79.8,77.2,78.8,Ready,1,86.3,84.3,87.8,5,4.0,72.3,Positive
SC-2022-2028,Arjun Pillai,CIVIL,3rd Year,5,B,9.11,87.2,0,6,6,87.6,6,6,86.8,84.8,,1.0,96.5,1.8,17,91.5,High,18.3,15.9,5,4,3,4,80.5,91.0,91.0,93.5,97.4,Ready,1,84.5,86.8,91.0,7,4.0,97.7,Positive
SC-2023-2029,Deepika Kumar,ECE,2nd Year,4,C,8.61,93.1,0,6,6,93.6,6,6,92.6,64.3,67.7,0.0,88.9,-1.1,22,92.7,High,19.0,8.7,7,4,3,5,81.8,82.8,86.3,81.7,99.5,Ready,0,85.9,82.4,91.1,6,4.2,87.6,Positive
SC-2022-2030,Nikhil Thakur,IT,3rd Year,6,A,7.07,72.7,0,6,6,77.0,6,5,68.4,74.7,94.8,3.0,59.8,-13.9,2,57.4,Low,5.5,-59.3,0,1,0,0,59.9,57.0,64.3,58.5,44.5,In Progress,0,63.9,58.3,62.3,2,2.6,62.4,Needs Attention
SC-2023-2031,Isha Deshmukh,CSE,2nd Year,4,A,7.71,80.0,0,6,6,79.1,6,6,80.9,83.5,64.5,1.0,90.7,-2.4,10,76.4,Medium,9.9,-6.4,1,0,0,0,41.0,42.5,41.2,44.7,49.1,In Progress,0,42.7,57.9,48.5,1,4.0,75.3,Neutral
SC-2023-2032,Harsh Menon,MECH,2nd Year,4,C,6.18,60.2,5,6,3,63.3,6,3,57.2,63.4,,,58.6,-13.6,4,35.3,Low,4.4,-40.9,1,0,0,0,39.4,38.6,33.0,51.7,32.7,Not Ready,0,52.8,46.1,34.8,0,2.5,49.2,Needs Attention
SC-2022-2033,Shreya Kapoor,CSE,3rd Year,5,A,5.51,52.6,4,6,5,57.3,6,2,47.9,89.2,79.0,,43.9,-4.7,4,36.4,Low,3.1,-44.3,0,1,0,0,50.3,41.6,28.7,49.1,46.5,Not Ready,0,32.3,41.4,36.7,1,2.3,56.7,Needs Attention
SC-2024-2034,Utkarsh Sharma,CSE,1st Year,1,A,9.42,90.0,0,6,6,89.5,6,6,90.5,81.5,87.1,0.0,93.1,1.5,17,99.5,High,19.2,18.4,7,3,1,4,86.4,84.7,83.8,92.7,99.2,Ready,0,82.5,90.8,87.3,6,4.7,91.4,Positive
SC-2023-2035,Arjun Saxena,CSE,2nd Year,3,B,7.47,68.5,0,6,6,73.9,6,5,63.0,75.7,,0.0,64.4,-9.9,4,58.7,Low,3.9,-45.3,0,1,0,0,35.2,69.2,56.3,55.7,44.2,In Progress,0,56.6,61.0,56.5,1,3.3,52.9,Needs Attention
SC-2023-2036,Meera Iyer,MECH,2nd Year,3,C,7.78,76.8,1,6,6,76.9,6,6,76.7,93.8,,2.0,89.1,-1.4,14,91.1,Medium,13.0,1.2,1,1,0,0,47.7,56.6,43.4,49.4,33.2,In Progress,0,55.0,59.8,56.5,0,3.6,69.6,Neutral
SC-2021-2037,Vikas Reddy,CSE,4th Year,8,B,8.86,93.9,0,6,6,91.9,6,6,95.9,70.7,70.0,1.0,94.9,2.5,14,97.9,High,18.5,7.4,6,2,3,4,80.8,95.3,84.5,81.3,98.4,Placed,1,86.6,86.8,95.8,3,4.6,87.3,Positive
SC-2021-2038,Aditi Patel,CIVIL,4th Year,8,A,8.89,89.9,0,6,6,90.8,6,6,89.1,87.4,71.7,,93.6,-1.4,14,98.1,High,21.8,6.8,10,3,3,6,83.9,95.6,78.2,93.3,85.6,Ready,1,93.9,83.5,88.5,7,4.8,88.8,Positive
SC-2023-2039,Yash Pandey,CSE,2nd Year,4,A,7.24,70.6,0,6,6,68.7,6,6,72.4,89.0,67.8,2.0,79.4,1.6,12,83.3,Medium,8.5,2.7,3,1,1,2,58.5,70.5,59.0,70.1,67.4,In Progress,0,65.9,62.4,64.3,2,4.3,72.5,Positive
SC-2022-2040,Sneha Chatterjee,AI_DS,3rd Year,5,C,7.26,67.8,0,6,6,69.8,6,6,65.7,75.3,90.9,1.0,73.0,0.7,16,76.0,Medium,11.3,12.1,11,2,5,4,93.8,72.4,87.5,76.5,86.7,Ready,1,88.5,86.1,80.0,5,3.9,82.6,Positive
SC-2024-2041,Nisha Kumar,CSE,1st Year,2,C,7.44,78.1,0,6,6,79.7,6,6,76.4,74.8,,1.0,84.0,3.3,11,87.5,Medium,13.5,4.4,4,1,0,2,62.7,73.6,72.7,63.8,68.1,Ready,0,75.9,74.7,62.8,3,3.7,77.6,Positive
SC-2021-2042,Tarun Kulkarni,ECE,4th Year,8,A,6.75,66.1,0,6,6,65.2,6,6,67.0,81.3,62.3,4.0,71.8,-3.1,11,82.5,Medium,13.6,14.7,12,3,5,5,92.1,74.9,89.1,78.4,71.3,Ready,1,88.2,83.6,90.3,4,4.2,76.0,Positive
SC-2023-2043,Aarav Pillai,IT,2nd Year,4,C,6.42,68.5,1,6,6,65.7,6,5,71.2,94.8,84.5,2.0,78.8,-2.3,19,79.1,Medium,16.6,14.6,5,4,4,4,91.8,75.6,85.7,85.2,72.4,In Progress,0,80.5,86.9,89.5,6,4.7,72.9,Positive
SC-2022-2044,Neha Verma,CSE,3rd Year,6,B,5.42,48.5,3,6,4,55.1,6,3,41.8,61.4,75.9,1.0,53.0,-10.4,6,42.7,Low,5.0,-36.1,2,1,0,0,31.3,52.4,43.2,51.4,20.1,Not Ready,0,51.9,41.7,52.0,1,3.1,52.9,Needs Attention
SC-2023-2045,Zoya Mehta,CIVIL,2nd Year,3,C,7.18,67.2,0,6,6,70.2,6,6,64.3,69.2,91.1,4.0,74.9,-0.6,19,77.2,Medium,16.3,9.3,12,3,4,4,88.1,78.3,90.3,87.4,87.7,In Progress,0,84.0,85.1,76.7,6,4.4,78.4,Positive
SC-2021-2046,Meera Deshmukh,MECH,4th Year,7,C,4.98,55.0,3,6,5,57.1,6,3,52.9,88.0,63.4,3.0,58.7,-8.9,2,42.9,Low,2.8,-53.6,1,0,0,0,35.5,47.9,39.7,41.6,35.3,Not Ready,0,36.6,44.6,32.9,0,2.1,52.3,Needs Attention
SC-2023-2047,Isha Kapoor,CSE,2nd Year,3,A,8.17,81.6,0,6,6,82.4,6,6,80.7,60.8,89.4,0.0,86.9,1.5,9,77.0,Medium,12.2,1.2,3,1,0,1,40.8,43.1,37.0,40.8,41.6,In Progress,0,51.6,45.5,49.0,1,3.6,63.5,Neutral
SC-2022-2048,Swati Das,CSE,3rd Year,6,A,7.6,78.2,0,6,6,77.9,6,6,78.4,63.2,,0.0,74.9,-0.1,11,86.0,Medium,11.2,-2.5,3,2,1,1,61.1,68.8,71.2,60.8,64.9,In Progress,1,73.2,76.0,68.5,1,4.1,66.3,Neutral
SC-2022-2049,Pranav Chopra,IT,3rd Year,6,C,7.65,78.9,0,6,6,78.3,6,6,79.5,76.5,61.2,3.0,76.3,2.2,15,74.4,Medium,10.8,-0.1,6,2,1,1,69.7,74.1,67.0,72.5,77.2,In Progress,0,63.1,70.4,67.9,1,3.9,73.2,Positive
SC-2023-2050,Harsh Bhat,MECH,2nd Year,4,C,7.79,76.4,0,6,6,79.8,6,6,73.0,63.9,59.1,2.0,85.2,-2.3,12,75.3,Medium,8.5,6.3,4,0,0,0,42.7,54.4,40.3,52.2,36.2,In Progress,0,42.9,58.8,48.8,1,3.5,63.6,Neutral
SC-2023-2051,Arjun Agarwal,AI_DS,2nd Year,3,C,5.28,56.0,5,6,4,62.1,6,1,50.0,94.0,66.1,3.0,51.5,-6.0,6,51.0,Low,2.3,-28.4,1,1,0,0,42.0,36.9,48.9,39.2,48.5,Not Ready,0,49.6,55.0,32.1,0,2.8,51.1,Needs Attention
SC-2022-2052,Tarun Verma,CSE,3rd Year,5,C,7.04,70.1,0,6,6,68.9,6,6,71.3,,75.9,,79.7,2.8,9,87.1,Medium,12.1,-3.5,2,2,0,1,65.5,65.4,72.4,68.9,78.5,In Progress,0,76.5,67.0,61.5,2,3.6,74.2,Positive
SC-2023-2053,Aditi Malhotra,MECH,2nd Year,4,A,7.19,64.6,1,6,6,64.4,6,5,64.8,91.5,70.6,3.0,71.4,3.5,19,84.4,Medium,17.2,26.2,11,2,3,5,86.1,80.5,90.8,83.2,76.0,In Progress,0,93.0,86.1,91.9,7,4.2,72.8,Positive
SC-2021-2054,Meera Singh,CIVIL,4th Year,8,A,7.94,81.5,0,6,6,82.0,6,6,81.0,69.2,79.2,4.0,83.8,-2.5,15,80.7,Medium,9.5,-6.3,2,1,0,1,42.2,43.9,45.7,52.9,32.4,Not Ready,0,42.9,59.4,42.3,0,3.6,72.7,Neutral
SC-2021-2055,Pooja Shenoy,CSE,4th Year,8,A,8.66,81.5,0,6,6,83.0,6,6,80.1,66.7,73.6,4.0,90.9,0.8,14,83.4,Medium,11.8,0.5,1,1,0,0,41.3,55.1,39.3,50.0,46.4,Not Ready,0,57.7,58.1,48.6,1,3.9,77.2,Neutral
SC-2024-2056,Gaurav Chatterjee,CSE,1st Year,1,B,9.31,83.2,0,6,6,82.6,6,6,83.8,76.5,,3.0,96.8,-0.3,23,94.9,High,15.5,23.3,11,3,4,2,90.2,85.0,80.2,86.9,86.3,Ready,0,93.2,86.1,83.1,6,4.3,97.5,Positive
SC-2021-2057,Isha Pillai,CSE,4th Year,8,B,6.4,67.8,1,6,6,66.3,6,5,69.3,93.1,95.0,0.0,79.6,-0.5,17,70.2,Medium,10.7,21.7,7,4,3,4,88.8,69.9,81.3,87.2,83.0,Ready,0,85.1,81.2,78.8,5,4.4,80.6,Positive
SC-2024-2058,Kritika Pandey,IT,1st Year,1,C,7.62,78.5,0,6,6,77.7,6,6,79.2,61.7,,1.0,80.8,2.2,15,87.8,Medium,11.2,-7.7,3,2,1,1,56.2,63.5,59.6,60.2,71.2,Ready,0,60.7,67.7,74.8,1,4.2,79.4,Positive
SC-2022-2059,Karan Shenoy,ECE,3rd Year,6,B,6.42,71.7,0,6,6,71.0,6,6,72.3,87.2,92.7,2.0,75.2,-0.7,19,74.9,Medium,16.4,13.0,11,4,3,5,92.8,68.9,90.5,75.9,89.0,Ready,1,82.6,76.3,77.0,4,4.0,86.0,Positive
SC-2021-2060,Shreya Mishra,CSE,4th Year,7,C,9.68,90.8,0,6,6,90.9,6,6,90.6,93.1,59.4,1.0,87.4,-1.2,13,95.7,High,18.4,8.1,8,4,3,3,92.8,92.1,92.2,83.5,85.4,Ready,1,85.2,91.4,93.7,6,4.0,91.9,Positive
SC-2023-2061,Rakesh Malhotra,MECH,2nd Year,4,C,7.28,68.9,1,6,6,70.3,6,5,67.5,91.6,76.3,4.0,76.7,-2.1,14,76.0,Medium,11.0,20.1,5,2,5,5,83.9,69.8,81.0,83.0,86.9,In Progress,0,84.5,84.1,76.8,3,4.7,80.7,Positive
SC-2023-2062,Vikas Nair,AI_DS,2nd Year,4,B,7.02,75.2,0,6,6,74.0,6,6,76.3,83.8,95.4,0.0,78.2,-1.2,10,73.3,Medium,10.2,-6.5,6,2,0,2,71.8,74.4,60.0,64.9,65.1,In Progress,0,61.5,74.8,70.0,2,4.1,81.7,Positive
SC-2022-2063,Nisha Rao,AI_DS,3rd Year,6,B,6.94,81.3,0,6,6,79.6,6,6,83.1,77.7,72.0,4.0,72.0,-1.9,7,87.6,Medium,12.4,-0.7,4,2,0,1,71.0,62.5,64.9,69.4,75.7,In Progress,0,70.3,76.7,64.8,1,3.9,79.2,Positive
SC-2024-2064,Ananya Chopra,IT,1st Year,2,B,8.51,87.7,0,6,6,86.2,6,6,89.1,69.9,86.9,4.0,87.5,1.1,21,95.4,High,15.4,7.8,5,4,2,5,85.8,84.6,81.4,84.5,99.5,Ready,0,91.7,81.2,86.3,5,4.7,92.8,Positive
SC-2023-2065,Chirag Menon,CIVIL,2nd Year,4,C,7.08,66.4,2,6,6,73.8,6,4,59.0,74.8,58.9,4.0,65.2,-17.1,7,60.2,Low,3.5,-64.7,0,0,0,0,41.0,58.3,56.8,55.7,44.8,In Progress,0,60.6,54.2,59.8,2,2.2,60.3,Needs Attention
SC-2024-2066,Rohan Bose,CSE,1st Year,2,C,7.01,76.8,0,6,6,76.9,6,6,76.6,61.8,59.9,2.0,78.7,0.0,13,87.1,Medium,9.2,2.6,4,1,1,1,65.6,73.5,71.2,74.6,62.9,Ready,0,63.4,75.7,70.2,1,3.5,78.6,Positive
SC-2023-2067,Suresh Menon,IT,2nd Year,3,C,9.11,92.2,0,6,6,90.8,6,6,93.6,61.5,83.5,4.0,96.0,0.8,18,92.8,High,19.3,24.6,6,4,1,5,88.2,89.2,78.2,85.7,98.3,Ready,0,93.1,89.5,89.3,4,4.5,85.6,Positive
SC-2021-2068,Sanya Mishra,MECH,4th Year,7,C,7.2,75.2,1,6,6,75.3,6,5,75.0,84.4,60.3,,80.5,-3.9,8,70.7,Medium,8.4,-4.7,6,1,1,2,60.1,68.5,65.8,68.6,78.9,Placed,0,77.0,65.9,64.6,2,3.9,80.6,Positive
SC-2022-2069,Utkarsh Saxena,CSE,3rd Year,6,B,8.48,95.7,0,6,6,94.9,6,6,96.5,86.5,78.5,1.0,92.9,2.0,21,90.7,High,14.2,12.5,12,2,2,5,87.9,94.8,89.6,85.0,98.8,Ready,0,87.9,92.3,89.4,6,4.0,97.9,Positive
SC-2021-2070,Shreya Gupta,CSE,4th Year,7,B,7.37,73.4,1,6,6,77.8,6,4,69.1,91.6,58.5,,62.7,-16.7,7,50.0,Low,3.8,-60.6,2,0,0,0,46.2,65.8,48.7,56.0,52.3,In Progress,0,56.5,50.2,55.5,1,3.3,55.5,Needs Attention
SC-2022-2071,Neha Bose,MECH,3rd Year,5,C,6.96,65.4,0,6,6,65.4,6,6,65.4,61.5,93.3,4.0,80.8,1.3,14,70.5,Medium,12.7,23.1,11,3,3,3,88.6,68.9,85.4,74.2,85.8,Ready,1,83.8,80.9,76.4,5,4.8,76.2,Positive
SC-2023-2072,Kunal Bhat,MECH,2nd Year,3,A,6.66,67.8,0,6,6,66.2,6,6,69.5,56.3,63.6,2.0,75.1,0.5,16,84.7,Medium,10.5,13.3,10,3,4,2,88.4,73.0,85.8,86.8,85.5,In Progress,0,91.7,83.3,82.6,6,4.0,77.9,Positive
SC-2021-2073,Nisha Kapoor,ECE,4th Year,8,C,7.9,77.2,1,6,6,78.9,6,5,75.6,67.6,63.0,4.0,72.7,-3.1,13,76.4,Medium,12.0,11.8,4,2,1,1,55.8,61.5,73.0,73.0,77.1,Ready,1,68.8,66.8,73.7,3,3.6,79.0,Positive
SC-2023-2074,Siddharth Agarwal,ECE,2nd Year,3,A,6.64,64.8,1,6,6,71.7,6,4,58.0,94.1,92.5,2.0,60.2,-9.4,2,60.0,Low,3.2,-43.7,2,1,0,0,53.8,56.0,50.0,53.4,44.3,In Progress,0,64.6,48.0,48.6,1,3.3,54.9,Needs Attention
SC-2021-2075,Aditya Nair,ECE,4th Year,8,C,7.76,68.0,0,6,6,68.7,6,6,67.3,57.4,83.6,1.0,74.7,-0.0,14,82.1,Medium,9.6,-8.0,5,1,0,2,69.0,74.0,61.3,72.6,78.1,Placed,1,66.2,71.6,76.2,2,4.3,74.6,Positive
SC-2024-2076,Varun Thakur,ECE,1st Year,1,B,8.09,74.8,0,6,6,76.7,6,6,72.9,66.8,76.0,2.0,81.2,1.0,9,80.9,Medium,11.0,7.6,4,2,0,1,70.5,75.6,68.1,64.6,73.6,Ready,0,69.5,77.2,76.5,3,4.0,69.8,Neutral
SC-2021-2077,Riya Thakur,MECH,4th Year,7,C,7.51,70.5,0,6,6,73.6,6,5,67.5,73.8,94.8,1.0,60.9,-9.2,7,62.4,Low,3.1,-41.1,1,1,0,0,42.3,57.6,56.6,54.8,45.0,In Progress,0,56.1,52.2,48.2,1,2.7,56.6,Needs Attention
SC-2024-2078,Aniket Patel,CSE,1st Year,1,C,8.2,80.7,0,6,6,78.3,6,6,83.0,79.4,70.3,2.0,85.4,-1.7,12,86.5,Medium,10.1,-1.9,1,0,0,0,45.7,56.7,40.2,50.9,41.7,In Progress,0,42.4,56.4,48.6,0,3.1,73.7,Neutral
SC-2023-2079,Rakesh Sharma,CSE,2nd Year,3,C,7.03,76.2,0,6,6,77.5,6,6,75.0,62.2,83.0,1.0,76.3,-2.8,15,71.4,Medium,9.5,9.2,6,1,1,2,56.0,60.9,72.5,66.7,72.4,In Progress,0,77.0,73.5,71.5,1,3.8,68.7,Neutral
SC-2022-2080,Pranav Iyer,ECE,3rd Year,6,B,9.43,83.2,0,6,6,82.6,6,6,83.7,69.5,91.8,1.0,98.0,2.6,19,93.3,High,23.2,12.5,9,2,2,6,88.8,87.0,93.0,85.8,97.1,Ready,1,86.2,83.9,83.5,7,4.5,87.9,Positive
SC-2022-2081,Gaurav Thakur,IT,3rd Year,6,A,7.84,80.0,0,6,6,76.0,6,6,84.1,71.9,75.7,0.0,84.2,1.0,15,91.3,Medium,10.2,-2.7,2,0,0,0,41.4,52.4,45.9,51.9,31.8,Not Ready,0,52.6,54.3,55.1,1,3.9,76.1,Neutral
SC-2021-2082,Aditi Malhotra,ECE,4th Year,8,C,8.99,92.6,0,6,6,91.3,6,6,93.9,78.9,79.1,1.0,90.3,3.0,28,96.0,High,21.6,21.9,4,2,3,2,89.5,95.1,82.1,93.5,85.8,Placed,1,83.3,89.8,86.6,4,4.9,95.9,Positive
SC-2021-2083,Tanvi Nair,ECE,4th Year,8,C,7.75,70.2,0,6,6,71.8,6,6,68.5,93.9,72.6,1.0,82.5,-1.2,11,83.7,Medium,9.2,2.3,2,2,1,2,67.1,71.7,63.3,69.8,65.0,Placed,1,74.4,71.5,70.2,3,3.7,81.5,Positive
SC-2024-2084,Aarav Pandey,IT,1st Year,1,B,6.75,68.7,0,6,6,68.7,6,6,68.6,,73.3,3.0,74.0,1.2,10,73.4,Medium,10.9,17.5,10,2,2,2,94.1,69.4,86.5,79.2,91.9,In Progress,0,86.7,83.3,80.4,5,4.2,87.2,Positive
SC-2023-2085,Bhavna Thakur,IT,2nd Year,3,B,8.19,66.8,0,6,6,68.0,6,6,65.5,64.7,,3.0,81.2,-1.3,13,82.5,Medium,10.8,0.5,5,2,1,1,69.5,69.4,66.1,74.6,61.7,In Progress,0,61.1,62.0,69.4,3,3.4,77.8,Positive
SC-2024-2086,Isha Reddy,IT,1st Year,2,A,7.97,71.9,0,6,6,70.6,6,6,73.3,,73.1,,78.5,2.7,7,75.8,Medium,12.7,11.8,3,1,1,1,67.7,73.3,60.5,63.0,78.7,Ready,0,74.5,68.0,66.3,1,3.9,79.6,Positive
SC-2021-2087,Siddharth Verma,CSE,4th Year,7,A,6.76,70.0,1,6,6,68.4,6,5,71.5,83.5,79.4,4.0,75.3,-0.6,13,69.8,Medium,14.6,11.6,12,2,6,5,90.1,76.8,82.3,78.7,71.5,Ready,0,88.5,88.9,79.5,7,4.5,79.8,Positive
SC-2021-2088,Kavya Iyer,CSE,4th Year,8,A,9.03,86.1,0,6,6,85.6,6,6,86.6,57.6,,4.0,97.3,-0.2,13,94.8,High,18.4,22.5,8,3,3,6,94.8,80.3,92.6,82.9,96.4,Placed,1,94.0,90.2,83.2,5,4.4,94.9,Positive
SC-2022-2089,Neha Yadav,CSE,3rd Year,5,B,4.93,53.5,4,6,3,58.8,6,2,48.2,67.2,68.7,2.0,57.7,-6.4,3,55.8,Low,3.8,-45.6,2,0,0,0,48.9,37.5,42.4,44.2,30.9,Not Ready,0,43.3,36.5,36.8,0,1.8,55.8,Needs Attention
SC-2023-2090,Vikas Patel,IT,2nd Year,3,A,7.14,68.9,2,6,6,76.9,6,4,60.9,72.1,61.6,3.0,64.1,-8.3,6,64.5,Low,3.6,-33.4,2,0,0,0,35.5,62.5,64.9,61.3,41.0,In Progress,0,56.8,62.8,47.3,2,2.6,49.4,Needs Attention
SC-2024-2091,Swati Rao,ECE,1st Year,1,A,7.22,65.8,0,6,6,71.4,6,5,60.2,71.5,80.4,1.0,67.7,-13.3,4,65.0,Low,3.0,-40.1,1,1,0,0,52.8,63.8,59.9,56.9,43.5,In Progress,0,66.0,48.5,47.1,1,2.6,60.7,Needs Attention
SC-2023-2092,Kritika Nair,CSE,2nd Year,4,C,8.14,73.1,1,6,6,71.2,6,5,74.9,78.1,64.3,1.0,76.8,0.0,10,73.3,Medium,10.2,5.0,2,1,0,1,72.2,73.0,62.0,63.9,72.5,In Progress,0,62.4,64.3,76.5,2,4.1,73.0,Positive
SC-2021-2093,Aayush Chopra,IT,4th Year,8,B,7.2,63.3,0,6,6,68.9,6,5,57.7,79.4,75.6,2.0,55.1,-18.6,7,62.2,Low,4.9,-40.9,0,1,0,0,56.8,56.5,58.6,58.0,47.3,In Progress,0,55.9,63.6,48.8,1,2.8,48.2,Needs Attention
SC-2022-2094,Pallavi Joshi,CIVIL,3rd Year,5,C,8.6,93.0,0,6,6,92.3,6,6,93.7,82.1,72.4,2.0,95.6,1.2,25,91.9,High,18.4,13.8,11,2,2,4,80.3,86.7,82.7,90.4,96.6,Ready,1,82.6,92.5,92.9,4,4.6,88.8,Positive
SC-2022-2095,Aayush Singh,MECH,3rd Year,5,A,6.93,72.6,0,6,6,70.7,6,6,74.5,67.0,92.4,3.0,78.7,-1.0,18,69.0,Medium,12.8,8.1,7,3,3,3,94.1,78.6,93.6,87.9,78.2,Ready,0,81.2,77.2,78.2,6,4.5,87.8,Positive
SC-2021-2096,Pranav Yadav,CSE,4th Year,8,A,6.54,71.2,0,6,6,71.9,6,6,70.5,80.1,63.9,0.0,75.7,0.2,15,72.2,Medium,11.5,26.5,6,2,3,3,94.8,81.9,84.2,85.2,80.0,Ready,1,91.8,86.2,83.8,6,4.1,76.6,Positive
SC-2022-2097,Tarun Gupta,IT,3rd Year,6,A,6.89,67.3,1,6,6,69.3,6,5,65.3,70.1,65.1,3.0,76.2,-0.4,18,79.5,Medium,17.5,6.0,11,4,6,3,89.1,72.2,79.2,87.2,84.5,Ready,1,87.3,76.4,78.3,6,3.9,81.3,Positive
SC-2023-2098,Chirag Yadav,CSE,2nd Year,3,C,6.82,75.8,0,6,6,75.2,6,6,76.4,56.2,,0.0,81.1,-0.7,9,75.7,Medium,8.2,4.5,6,2,0,1,59.3,62.7,67.0,69.2,73.5,In Progress,0,74.8,72.8,77.0,3,4.2,73.8,Positive
SC-2021-2099,Neha Bhat,ECE,4th Year,7,A,7.08,68.3,0,6,6,67.1,6,6,69.6,57.2,77.5,1.0,74.0,0.5,18,72.9,Medium,16.3,11.3,12,2,2,3,82.6,81.7,89.4,79.9,80.9,Ready,1,92.1,86.5,79.6,3,4.5,73.2,Positive
SC-2023-2100,Aniket Deshmukh,IT,2nd Year,4,A,8.56,85.0,0,6,6,83.7,6,6,86.3,,67.3,2.0,86.4,3.0,27,91.4,High,15.7,2.3,7,2,1,3,94.5,85.7,90.5,84.6,85.1,Ready,0,91.6,81.5,83.0,7,4.1,95.2,Positive
SC-2024-2101,Yash Patel,AI_DS,1st Year,1,B,6.52,65.5,0,6,6,63.2,6,6,67.8,,75.1,,80.4,-2.7,16,69.5,Medium,17.1,7.4,10,2,2,2,80.3,82.4,79.1,81.6,88.5,In Progress,0,90.6,75.0,82.4,4,4.0,80.7,Positive
SC-2024-2102,Zoya Kulkarni,ECE,1st Year,1,B,8.94,89.0,0,6,6,87.4,6,6,90.6,60.3,59.4,4.0,88.8,0.7,26,93.9,High,22.9,3.9,8,3,1,6,94.3,80.1,91.2,93.4,95.3,Ready,1,86.9,83.4,84.9,3,4.1,90.2,Positive
SC-2021-2103,Deepika Deshmukh,MECH,4th Year,7,C,6.32,52.5,2,6,3,54.7,6,2,50.4,93.2,68.6,0.0,49.9,-12.4,5,54.2,Low,5.7,-49.0,0,1,0,0,34.3,48.4,32.4,43.3,40.4,Not Ready,0,41.1,39.8,43.3,0,2.9,40.2,Needs Attention
SC-2021-2104,Utkarsh Sharma,CSE,4th Year,7,B,6.68,69.7,1,6,6,72.9,6,4,66.5,57.3,87.0,0.0,64.3,-14.8,3,58.0,Low,4.1,-50.5,0,0,0,0,49.4,66.5,63.4,51.3,56.8,In Progress,0,58.2,58.8,58.9,2,2.7,60.6,Needs Attention
SC-2021-2105,Harsh Sharma,CSE,4th Year,7,C,9.13,94.0,0,6,6,95.0,6,6,93.0,79.2,74.1,4.0,94.9,3.1,15,98.2,High,21.7,0.8,9,2,5,3,85.8,94.5,86.5,85.3,85.3,Placed,1,91.1,89.3,91.4,7,4.6,88.7,Positive
SC-2021-2106,Nisha Deshmukh,MECH,4th Year,7,B,7.98,78.0,1,6,6,79.7,6,5,76.3,57.0,81.5,,72.4,-2.2,12,74.1,Medium,10.9,8.8,2,2,1,1,69.5,71.4,70.7,61.7,78.1,Placed,1,66.1,63.0,65.3,3,3.8,65.3,Neutral
SC-2021-2107,Aniket Chopra,CSE,4th Year,8,B,8.68,76.7,0,6,6,75.6,6,6,77.8,,64.4,2.0,79.9,-1.7,14,85.7,Medium,8.2,4.5,1,0,0,1,46.5,52.3,37.2,50.8,46.6,Not Ready,0,49.1,46.4,45.2,0,3.4,63.8,Neutral
SC-2023-2108,Ishaan Agarwal,MECH,2nd Year,3,B,7.99,82.2,0,6,6,80.6,6,6,83.8,,87.0,1.0,82.8,1.6,15,81.3,Medium,12.1,-6.5,2,1,0,0,47.0,50.8,45.5,48.0,41.1,In Progress,0,51.8,47.4,55.6,1,3.6,76.5,Neutral
SC-2023-2109,Sanya Kulkarni,CIVIL,2nd Year,4,A,7.89,70.5,0,6,6,71.4,6,6,69.6,55.6,91.6,0.0,77.7,3.5,14,76.8,Medium,10.8,10.4,5,1,1,1,66.1,74.7,59.0,70.2,73.0,In Progress,0,78.0,77.1,64.5,3,4.0,67.6,Neutral
SC-2024-2110,Varun Chopra,CIVIL,1st Year,2,C,9.35,85.2,0,6,6,84.1,6,6,86.2,76.7,66.6,2.0,87.7,-0.1,25,92.0,High,19.6,13.4,5,4,5,2,91.7,83.0,93.4,92.1,96.6,Ready,1,93.9,84.7,82.2,6,4.5,96.6,Positive
SC-2022-2111,Aayush Bose,MECH,3rd Year,6,C,9.36,84.5,0,6,6,82.9,6,6,86.1,63.3,67.3,2.0,87.5,-1.4,12,98.1,High,22.8,14.5,4,4,3,5,84.4,94.6,83.5,94.0,89.2,Ready,1,90.3,93.8,83.6,5,4.2,90.9,Positive
SC-2024-2112,Rahul Bose,CSE,1st Year,2,C,7.03,69.8,0,6,6,70.2,6,6,69.5,89.2,79.9,3.0,74.3,-0.2,9,87.3,Medium,13.7,2.2,2,1,0,1,61.5,66.5,63.5,72.1,62.2,Ready,0,76.9,63.0,64.2,1,3.4,72.6,Positive
SC-2023-2113,Yash Patel,CSE,2nd Year,3,C,6.94,69.0,0,6,6,69.9,6,6,68.0,59.3,75.5,1.0,84.1,-0.6,10,77.9,Medium,12.4,-4.6,3,1,0,1,74.4,68.4,62.5,64.3,63.8,In Progress,0,75.5,69.7,62.1,2,4.1,67.4,Neutral
SC-2022-2114,Kavya Rao,ECE,3rd Year,5,B,8.57,93.5,0,6,6,93.5,6,6,93.4,74.0,91.8,3.0,90.2,3.6,21,93.4,High,23.4,4.8,5,3,5,6,84.9,82.8,85.2,87.1,95.9,Ready,1,89.3,88.5,85.1,4,4.0,88.9,Positive
SC-2023-2115,Varun Verma,CSE,2nd Year,3,B,8.8,88.8,0,6,6,87.6,6,6,89.9,55.3,82.7,,92.7,2.8,25,88.8,High,16.1,17.3,4,4,4,3,91.5,86.9,81.6,83.9,87.9,Ready,0,83.2,86.3,83.9,4,4.6,87.6,Positive
SC-2024-2116,Varun Malhotra,MECH,1st Year,1,B,7.2,69.8,0,6,6,71.1,6,6,68.6,63.0,73.5,1.0,78.7,0.5,13,80.0,Medium,8.6,11.9,5,1,0,2,71.2,72.5,59.8,61.1,66.9,Ready,0,63.7,71.3,66.6,3,3.9,65.6,Neutral
SC-2021-2117,Arjun Menon,AI_DS,4th Year,7,A,6.81,66.1,0,6,6,68.0,6,6,64.2,,63.9,1.0,71.9,3.3,20,72.3,Medium,14.1,5.1,5,2,6,2,86.3,76.6,80.8,80.2,75.4,Ready,1,83.1,84.4,81.3,7,4.0,84.1,Positive
SC-2022-2118,Aditya Pillai,IT,3rd Year,6,A,7.63,77.6,0,6,6,77.9,6,6,77.3,56.5,84.7,,79.2,-2.8,9,70.8,Medium,9.0,-2.5,6,2,0,1,61.8,72.8,69.4,71.8,75.0,In Progress,0,60.9,73.1,69.0,1,3.5,74.8,Positive
SC-2024-2119,Aarav Rao,CIVIL,1st Year,2,A,9.78,85.0,0,6,6,84.8,6,6,85.3,57.7,79.2,0.0,89.4,1.0,28,92.0,High,15.9,20.4,12,4,5,5,90.5,87.7,82.0,92.0,97.0,Ready,0,87.7,89.8,95.6,4,4.6,93.5,Positive
SC-2024-2120,Sneha Nair,CSE,1st Year,1,B,7.97,80.2,0,6,6,82.1,6,6,78.2,91.5,69.1,4.0,89.7,-1.1,9,90.4,Medium,11.0,-2.3,3,1,0,1,49.6,49.9,45.0,48.1,47.2,In Progress,0,46.4,49.4,45.7,0,3.5,72.9,Neutral
SC-2024-2121,Ishaan Yadav,MECH,1st Year,2,B,7.17,71.6,0,6,6,70.2,6,6,72.9,,67.7,3.0,77.5,1.1,9,72.2,Medium,10.9,2.9,6,2,0,2,70.2,71.6,74.4,66.6,68.2,Ready,0,73.8,71.4,60.0,3,4.4,77.3,Positive
SC-2021-2122,Yash Sharma,IT,4th Year,7,A,7.18,68.2,0,6,6,74.1,6,5,62.2,69.6,77.8,1.0,66.9,-20.0,5,62.0,Low,6.0,-56.7,0,0,0,0,40.9,64.3,48.5,56.5,55.9,In Progress,0,59.4,50.9,62.2,1,3.3,54.9,Needs Attention
SC-2023-2123,Aarav Agarwal,CIVIL,2nd Year,3,A,7.17,70.6,0,6,6,71.9,6,6,69.3,82.7,75.6,4.0,76.3,1.0,14,70.0,Medium,14.6,5.2,5,4,5,5,92.4,74.5,93.6,82.8,71.5,In Progress,0,84.8,89.7,83.0,6,3.8,83.1,Positive
SC-2021-2124,Kavya Joshi,CSE,4th Year,8,B,9.59,87.3,0,6,6,87.1,6,6,87.5,56.4,82.3,1.0,86.2,1.6,20,97.3,High,15.8,0.5,7,2,5,6,82.4,90.1,88.9,88.8,91.5,Placed,1,89.7,90.9,95.1,3,4.5,94.9,Positive
SC-2024-2125,Varun Iyer,IT,1st Year,2,C,7.35,80.0,1,6,6,78.6,6,5,81.5,,73.2,4.0,80.6,2.9,9,81.8,Medium,13.4,-4.8,2,2,1,1,73.9,61.1,60.8,71.9,65.5,Ready,0,75.3,67.2,75.0,3,4.0,65.5,Neutral
SC-2021-2126,Kunal Verma,CSE,4th Year,8,B,7.16,65.6,0,6,6,66.4,6,6,64.8,73.1,88.7,,78.2,-3.1,10,72.8,Medium,11.9,16.2,12,3,5,4,92.1,78.5,88.3,83.9,85.8,Ready,0,92.2,80.1,79.5,3,4.4,79.5,Positive
SC-2021-2127,Pranav Rao,IT,4th Year,8,A,7.23,68.4,2,6,6,73.3,6,4,63.5,66.9,67.1,4.0,62.6,-15.2,4,64.1,Low,3.9,-49.5,1,1,0,0,54.2,62.8,62.3,55.3,51.7,In Progress,0,59.6,48.1,59.8,2,2.5,63.5,Needs Attention
SC-2022-2128,Ananya Agarwal,CIVIL,3rd Year,6,B,7.66,78.1,0,6,6,79.4,6,6,76.7,94.3,59.2,4.0,81.8,0.6,15,84.5,Medium,8.4,1.6,3,1,0,0,51.0,46.4,36.0,43.7,32.3,Not Ready,0,51.8,53.8,56.9,1,3.8,65.8,Neutral
SC-2023-2129,Swati Saxena,ECE,2nd Year,3,B,7.44,70.8,0,6,6,72.3,6,6,69.2,84.4,73.6,1.0,80.1,1.4,10,85.1,Medium,11.6,-5.7,4,2,1,2,68.8,64.9,69.5,65.9,64.9,In Progress,0,73.7,69.7,68.7,3,3.8,71.9,Neutral
SC-2023-2130,Yash Das,ECE,2nd Year,3,A,7.0,70.3,0,6,6,69.6,6,6,71.1,61.8,82.8,1.0,80.6,-0.6,7,81.0,Medium,10.4,-0.8,4,2,1,1,70.6,63.6,63.0,74.5,76.1,In Progress,0,74.7,77.5,71.7,2,3.5,66.9,Neutral
SC-2022-2131,Rakesh Joshi,MECH,3rd Year,5,C,7.62,73.8,0,6,6,72.3,6,6,75.2,87.1,77.7,0.0,76.5,-1.7,12,77.2,Medium,10.6,0.5,2,1,0,1,72.5,63.0,71.4,64.7,76.1,In Progress,0,64.9,77.2,76.7,3,3.9,73.7,Positive
SC-2023-2132,Isha Deshmukh,CIVIL,2nd Year,3,A,7.58,71.3,1,6,6,77.4,6,4,65.2,,82.2,3.0,66.8,-19.8,6,50.4,Low,6.2,-47.1,1,0,0,0,45.4,67.4,59.4,48.0,51.5,In Progress,0,63.3,59.4,52.6,2,2.5,48.2,Needs Attention
SC-2022-2133,Tarun Singh,IT,3rd Year,5,B,7.69,74.0,0,6,6,72.4,6,6,75.5,63.4,66.1,2.0,77.1,-0.6,8,72.3,Medium,12.0,-8.5,6,2,1,2,68.5,67.0,63.1,60.8,77.5,In Progress,1,73.6,71.9,72.7,3,4.3,66.9,Neutral
SC-2022-2134,Pranav Kulkarni,IT,3rd Year,6,B,7.77,70.0,1,6,6,69.0,6,5,71.1,85.8,71.4,3.0,83.0,4.0,11,87.4,Medium,10.7,-1.7,2,1,1,1,64.3,64.4,59.5,73.0,66.3,In Progress,0,75.8,76.2,62.5,2,3.5,70.9,Neutral
SC-2023-2135,Tarun Kulkarni,CSE,2nd Year,3,C,7.09,67.8,2,6,6,72.4,6,4,63.1,93.2,67.2,2.0,65.3,-17.2,4,55.7,Low,4.5,-55.9,2,1,0,0,41.8,67.5,50.2,45.3,46.4,In Progress,0,60.8,49.0,63.8,1,2.3,54.0,Needs Attention
SC-2023-2136,Aniket Sharma,CSE,2nd Year,3,A,7.47,73.1,0,6,6,76.8,6,5,69.4,63.3,,0.0,66.6,-11.8,7,52.4,Low,4.4,-27.9,1,0,0,0,57.2,59.5,56.5,51.5,46.9,In Progress,0,64.8,56.7,50.0,1,2.9,58.2,Needs Attention
SC-2022-2137,Utkarsh Pillai,ECE,3rd Year,6,C,8.12,76.3,0,6,6,76.1,6,6,76.6,91.5,93.7,4.0,78.8,1.8,15,74.4,Medium,10.7,-5.0,2,2,1,2,63.1,72.7,69.8,60.3,69.0,In Progress,0,75.6,64.5,65.7,3,3.8,73.0,Positive
SC-2022-2138,Varun Iyer,AI_DS,3rd Year,5,A,6.79,67.8,1,6,6,71.1,6,5,64.5,78.0,78.6,0.0,74.8,3.2,10,83.1,Medium,17.8,9.8,5,4,5,4,93.8,72.0,93.9,75.0,73.7,Ready,0,88.8,78.1,90.3,5,3.8,79.6,Positive
SC-2023-2139,Isha Verma,MECH,2nd Year,4,C,9.35,92.3,0,6,6,91.1,6,6,93.5,90.8,58.4,,93.4,2.0,16,98.7,High,14.8,16.0,10,3,4,4,87.3,95.9,86.8,88.6,90.2,Ready,0,87.9,81.9,91.8,3,4.5,86.4,Positive
SC-2024-2140,Bhavna Kulkarni,IT,1st Year,1,A,8.18,70.5,0,6,6,68.7,6,6,72.3,70.2,60.3,1.0,76.1,2.5,13,85.8,Medium,12.3,-3.3,2,2,0,2,58.0,73.7,62.0,66.0,62.8,Ready,0,62.4,77.9,66.9,3,3.7,69.8,Neutral
SC-2023-2141,Siddharth Pillai,CSE,2nd Year,3,C,6.42,69.8,0,6,6,66.6,6,6,72.9,90.5,66.5,2.0,70.3,1.3,17,78.6,Medium,17.6,17.3,5,4,2,2,86.8,79.8,90.3,76.3,84.0,In Progress,0,89.5,85.8,84.6,5,4.3,77.8,Positive
SC-2024-2142,Mohit Menon,ECE,1st Year,2,C,7.49,67.0,2,6,6,74.2,6,4,59.8,,,3.0,57.8,-10.1,5,55.6,Low,5.2,-30.9,1,0,0,0,40.4,55.6,48.1,50.4,44.3,In Progress,0,54.2,51.4,50.7,1,2.2,55.9,Needs Attention
SC-2023-2143,Manish Iyer,CSE,2nd Year,3,C,7.53,75.2,1,6,6,76.5,6,6,73.8,94.6,,4.0,79.1,-0.6,10,88.9,Medium,11.8,-7.2,3,0,0,0,49.5,57.3,53.7,55.2,47.1,In Progress,0,55.8,52.7,56.5,1,3.6,77.6,Neutral
SC-2023-2144,Suresh Patel,AI_DS,2nd Year,3,B,7.23,70.7,0,6,6,68.7,6,6,72.6,81.1,58.5,3.0,81.5,2.2,14,72.3,Medium,8.6,1.1,5,1,0,1,74.3,73.6,72.8,75.0,78.0,In Progress,0,77.5,76.6,62.3,2,3.6,72.1,Positive
SC-2024-2145,Varun Kulkarni,ECE,1st Year,2,A,6.59,68.1,0,6,6,65.5,6,6,70.7,56.4,95.0,3.0,73.7,0.4,15,71.3,Medium,13.7,27.5,10,2,4,5,86.7,74.1,87.3,81.1,85.3,In Progress,0,90.0,87.0,79.5,7,4.2,78.2,Positive
SC-2023-2146,Aditi Reddy,IT,2nd Year,3,C,7.42,74.2,0,6,6,72.2,6,6,76.2,64.2,87.4,,73.4,0.9,13,83.1,Medium,11.8,-4.4,3,1,1,2,73.2,62.4,70.2,66.3,74.0,In Progress,0,66.5,77.4,71.0,3,3.7,76.6,Positive
SC-2023-2147,Kritika Kapoor,CSE,2nd Year,4,B,9.41,92.4,0,6,6,92.2,6,6,92.6,65.0,69.2,0.0,93.9,2.9,18,88.3,High,23.3,13.4,9,2,5,3,83.9,83.2,92.7,83.1,88.7,Ready,0,82.9,93.9,89.3,6,4.6,96.9,Positive
SC-2024-2148,Siddharth Das,CSE,1st Year,1,A,6.83,70.6,0,6,6,71.4,6,6,69.8,92.0,61.7,4.0,80.4,-2.4,13,79.5,Medium,12.4,3.1,2,1,1,1,63.4,62.7,70.1,60.6,66.2,Ready,0,64.8,74.6,66.8,2,3.9,68.5,Neutral
SC-2024-2149,Riya Das,CSE,1st Year,1,A,7.67,73.0,0,6,6,71.1,6,6,75.0,55.3,,3.0,78.0,1.7,9,75.5,Medium,13.1,0.0,4,1,1,1,56.3,65.9,65.8,63.7,73.8,Ready,0,62.6,70.9,65.9,3,3.9,77.1,Positive
SC-2023-2150,Pranav Saxena,CSE,2nd Year,4,B,5.66,50.8,6,6,4,53.4,6,2,48.2,69.6,62.1,2.0,51.1,-14.4,5,52.8,Low,2.9,-30.7,2,0,0,0,44.1,53.3,30.8,37.1,23.8,Not Ready,0,50.2,51.1,42.8,0,2.3,35.4,Needs Attention
SC-2022-2151,Chirag Malhotra,MECH,3rd Year,5,A,8.32,80.0,0,6,6,82.1,6,6,78.0,75.1,89.4,4.0,81.1,0.2,9,85.7,Medium,13.0,0.1,2,1,0,1,45.6,57.7,48.5,50.1,33.4,Not Ready,0,49.6,46.2,49.1,1,3.7,76.6,Neutral
SC-2023-2152,Shreya Nair,ECE,2nd Year,4,C,8.4,86.1,0,6,6,84.7,6,6,87.5,92.2,91.4,1.0,97.6,2.7,17,90.0,High,20.4,21.6,8,2,5,6,91.5,85.2,91.5,80.5,95.4,Ready,0,87.9,84.5,93.5,5,4.6,97.6,Positive
SC-2023-2153,Akhil Sharma,AI_DS,2nd Year,4,C,7.88,69.0,1,6,6,68.2,6,5,69.8,83.3,93.9,0.0,72.0,-1.3,10,78.2,Medium,8.9,14.3,6,2,0,1,56.0,72.1,61.2,66.8,61.2,In Progress,0,75.5,63.0,73.7,3,4.1,81.0,Positive
SC-2022-2154,Arjun Chopra,CSE,3rd Year,6,C,8.65,81.4,1,6,6,82.8,6,6,80.1,79.4,,1.0,80.3,1.1,12,89.4,Medium,13.6,2.6,4,0,0,1,50.8,55.6,40.8,41.0,52.1,Not Ready,0,45.2,53.3,56.3,1,3.6,66.3,Neutral
SC-2023-2155,Rahul Chopra,CSE,2nd Year,4,B,7.36,77.0,0,6,6,75.8,6,6,78.3,80.1,59.6,4.0,73.4,-0.5,7,76.3,Medium,13.8,3.9,4,1,0,1,66.7,61.4,70.2,69.0,75.2,In Progress,0,77.7,76.0,75.4,3,3.7,72.3,Positive
SC-2021-2156,Mohit Saxena,ECE,4th Year,8,C,6.61,67.5,0,6,6,73.6,6,5,61.4,,83.0,0.0,56.6,-12.5,6,50.6,Low,6.1,-53.0,2,1,0,0,41.8,58.9,62.3,54.8,43.5,In Progress,0,52.9,62.6,55.3,2,2.6,57.2,Needs Attention
SC-2022-2157,Tarun Sharma,ECE,3rd Year,5,C,7.2,72.6,0,6,6,70.6,6,6,74.6,61.1,69.1,2.0,77.9,4.0,17,73.5,Medium,11.2,25.9,7,3,4,4,93.1,74.7,78.4,83.0,75.9,Ready,1,90.2,74.0,81.4,7,3.9,84.5,Positive
SC-2024-2158,Kritika Verma,AI_DS,1st Year,1,C,7.77,78.6,0,6,6,78.8,6,6,78.4,,90.6,0.0,73.9,1.6,13,70.9,Medium,13.6,10.2,5,2,0,2,65.7,67.8,65.8,63.6,78.0,Ready,0,61.0,73.0,63.8,2,3.5,74.1,Positive
SC-2023-2159,Sahil Joshi,CSE,2nd Year,4,C,6.82,77.2,0,6,6,78.7,6,6,75.8,75.4,93.7,2.0,81.5,-2.7,7,75.7,Medium,13.2,1.9,4,2,0,1,74.7,73.2,74.9,71.6,75.0,In Progress,0,76.8,75.6,66.8,2,3.8,71.1,Neutral
SC-2023-2160,Sanya Yadav,ECE,2nd Year,4,C,8.96,94.8,0,6,6,94.2,6,6,95.3,,72.7,3.0,87.3,-1.3,13,90.1,High,17.5,10.1,8,3,2,3,84.3,89.9,84.3,88.8,94.5,Ready,1,86.0,86.4,86.0,3,4.7,89.0,Positive
SC-2022-2161,Swati Menon,AI_DS,3rd Year,5,C,8.95,84.3,0,6,6,83.7,6,6,84.9,82.9,93.8,0.0,91.3,3.3,23,91.9,High,16.8,4.5,12,2,2,3,93.3,90.4,83.2,89.2,94.2,Ready,1,94.5,90.1,83.1,3,4.9,94.3,Positive
SC-2023-2162,Vikas Bhat,IT,2nd Year,4,A,8.19,76.5,0,6,6,76.2,6,6,76.8,86.6,70.1,3.0,75.8,-2.0,10,87.4,Medium,9.8,2.0,6,1,1,1,62.8,71.8,69.9,67.9,69.6,In Progress,0,68.3,66.9,73.1,3,4.1,74.2,Positive
SC-2021-2163,Aayush Verma,CIVIL,4th Year,7,A,8.19,73.2,0,6,6,72.4,6,6,74.0,67.3,67.0,2.0,78.9,-3.5,15,83.5,Medium,9.8,-1.6,4,2,1,2,62.5,73.9,59.6,62.6,70.3,Ready,0,64.4,75.9,62.0,3,4.1,69.1,Neutral
SC-2024-2164,Pallavi Singh,CIVIL,1st Year,1,C,7.65,78.2,0,6,6,77.8,6,6,78.5,,87.7,3.0,90.8,0.8,10,88.8,Medium,10.8,4.3,3,0,0,1,51.9,50.2,42.8,40.4,47.5,In Progress,0,44.5,45.6,46.1,0,3.1,73.9,Neutral
SC-2024-2165,Neha Rao,IT,1st Year,1,A,5.09,50.9,5,6,3,54.9,6,3,46.9,91.9,68.0,2.0,43.5,-9.8,2,48.6,Low,4.5,-17.3,0,0,0,0,34.9,37.0,43.9,49.5,28.1,Not Ready,0,46.1,49.6,50.9,0,2.5,49.9,Needs Attention
SC-2024-2166,Harsh Das,CSE,1st Year,1,B,6.96,68.8,0,6,6,70.8,6,6,66.8,71.8,95.2,1.0,80.7,3.4,15,81.6,Medium,17.2,6.0,11,2,2,3,89.2,68.1,83.8,80.5,83.3,In Progress,0,86.6,87.5,78.6,5,3.9,79.9,Positive
SC-2022-2167,Priya Das,IT,3rd Year,5,C,7.76,81.8,0,6,6,81.4,6,6,82.1,56.0,70.0,3.0,82.2,1.0,16,75.7,Medium,13.2,3.5,4,0,0,0,58.1,42.1,46.9,51.2,33.1,Not Ready,0,52.1,44.0,52.8,0,3.3,69.3,Neutral
SC-2023-2168,Pooja Pillai,CSE,2nd Year,4,C,8.1,75.1,0,6,6,76.0,6,6,74.2,57.0,78.8,,80.5,-1.7,8,76.0,Medium,9.4,-7.0,1,0,0,1,57.1,49.5,51.1,51.3,36.2,In Progress,0,54.1,49.4,43.3,0,3.8,77.7,Neutral
SC-2023-2169,Kavya Singh,ECE,2nd Year,3,C,7.88,78.4,0,6,6,79.2,6,6,77.6,83.6,66.7,2.0,74.0,1.9,9,73.1,Medium,9.4,-6.3,3,1,0,1,56.9,62.1,66.9,69.1,70.9,In Progress,0,72.1,66.2,64.2,1,4.0,79.2,Positive
SC-2023-2170,Deepika Kulkarni,CSE,2nd Year,4,C,7.77,72.8,0,6,6,72.9,6,6,72.8,91.4,70.7,1.0,77.3,-3.6,15,83.6,Medium,13.4,4.9,5,2,1,1,62.5,74.5,58.1,62.8,72.8,In Progress,0,60.7,62.9,64.4,1,3.8,67.2,Neutral
SC-2024-2171,Tanvi Thakur,MECH,1st Year,1,B,7.85,82.8,1,6,6,82.5,6,6,83.2,61.5,95.8,3.0,80.7,0.6,10,86.8,Medium,9.2,0.0,1,1,0,1,43.3,44.6,38.5,40.9,43.3,In Progress,0,45.6,52.4,54.6,0,3.5,76.8,Neutral
SC-2023-2172,Aniket Chatterjee,CSE,2nd Year,3,B,6.6,67.6,1,6,6,71.4,6,4,63.8,69.1,71.0,1.0,62.7,-18.1,4,52.8,Low,5.7,-44.1,2,0,0,0,49.4,58.4,62.9,55.9,40.7,In Progress,0,56.6,50.5,63.4,1,2.4,64.2,Needs Attention
SC-2022-2173,Varun Iyer,AI_DS,3rd Year,5,A,6.02,56.1,6,6,5,60.9,6,3,51.3,70.8,75.7,2.0,49.2,-10.5,5,51.1,Low,2.8,-22.7,1,0,0,0,31.7,50.6,43.0,32.3,34.5,Not Ready,0,44.3,52.5,33.4,1,2.6,42.0,Needs Attention
SC-2023-2174,Rakesh Reddy,IT,2nd Year,3,B,8.46,91.1,0,6,6,90.9,6,6,91.2,57.9,73.5,4.0,87.6,3.1,26,98.1,High,22.6,16.5,6,3,2,4,92.0,90.2,90.7,93.4,86.5,Ready,0,91.4,92.5,94.2,5,4.7,87.3,Positive
SC-2024-2175,Aditya Menon,IT,1st Year,2,B,9.08,85.8,0,6,6,85.5,6,6,86.0,83.5,62.6,2.0,89.2,3.1,22,97.1,High,23.8,3.9,10,3,3,3,82.1,86.5,79.2,94.8,89.5,Ready,0,91.3,92.5,92.7,4,4.5,89.5,Positive
SC-2021-2176,Sahil Mishra,IT,4th Year,7,C,7.76,71.5,0,6,6,75.5,6,5,67.6,58.2,,,67.9,-18.0,5,50.5,Low,4.8,-47.5,1,0,0,0,45.9,64.8,59.4,49.9,43.3,In Progress,0,56.6,63.0,50.2,2,3.4,60.5,Needs Attention
SC-2021-2177,Divya Nair,IT,4th Year,8,C,9.3,94.5,0,6,6,95.2,6,6,93.8,57.9,83.5,1.0,94.9,1.2,12,88.3,High,16.6,1.7,4,4,1,5,82.5,83.1,79.3,92.6,89.4,Placed,1,86.0,88.4,82.2,6,4.3,96.5,Positive
SC-2024-2178,Priya Chopra,MECH,1st Year,1,C,9.13,88.3,0,6,6,88.4,6,6,88.3,59.6,62.6,,90.6,-1.4,25,93.3,High,22.1,16.2,8,2,3,6,83.4,95.0,84.0,80.3,90.3,Ready,0,83.8,86.4,82.7,4,4.1,95.1,Positive
SC-2024-2179,Isha Chatterjee,AI_DS,1st Year,2,B,7.66,68.8,0,6,6,69.3,6,6,68.4,87.5,69.4,,81.1,-0.6,12,70.2,Medium,9.5,7.4,5,1,1,2,59.3,73.6,58.6,63.0,77.9,Ready,0,63.4,62.1,62.6,3,3.4,76.0,Positive
SC-2024-2180,Mohit Malhotra,IT,1st Year,1,A,7.11,66.9,0,6,6,62.4,6,6,71.4,62.4,90.6,0.0,81.1,0.7,20,78.4,Medium,11.9,6.7,6,4,4,2,80.4,77.5,88.9,73.8,88.4,In Progress,0,92.1,81.2,87.3,7,3.9,83.2,Positive
SC-2023-2181,Aniket Chatterjee,CSE,2nd Year,3,C,7.67,78.8,0,6,6,83.8,6,6,73.9,,75.9,1.0,84.0,0.2,15,79.1,Medium,13.6,-1.1,4,1,0,1,51.0,56.1,35.7,39.3,49.1,In Progress,0,51.0,55.7,53.2,1,3.1,66.3,Neutral
SC-2023-2182,Siddharth Iyer,CSE,2nd Year,3,C,7.4,67.2,0,6,6,70.5,6,5,64.0,94.0,88.8,0.0,62.9,-17.3,4,46.7,Low,5.8,-29.5,0,0,0,0,59.8,61.8,51.0,54.6,53.4,In Progress,0,62.7,54.2,60.9,2,3.0,48.3,Needs Attention
SC-2024-2183,Rohan Kulkarni,IT,1st Year,2,A,7.77,70.5,0,6,6,73.5,6,5,67.5,94.9,88.1,0.0,58.1,-19.7,6,48.6,Low,5.6,-27.2,1,1,0,0,57.5,58.2,55.0,58.2,48.3,In Progress,0,64.2,51.3,60.7,2,2.3,54.6,Needs Attention
SC-2022-2184,Aditi Kulkarni,CSE,3rd Year,5,C,6.52,67.2,0,6,6,68.3,6,6,66.1,93.7,61.5,,70.6,1.7,18,82.1,Medium,12.8,27.5,10,3,4,4,92.0,77.4,90.0,84.4,88.6,Ready,0,85.8,80.3,81.9,4,4.4,84.0,Positive
SC-2022-2185,Deepika Thakur,ECE,3rd Year,6,C,6.84,63.2,0,6,6,70.4,6,5,56.0,69.2,90.7,4.0,56.2,-14.7,6,61.7,Low,5.8,-26.0,1,1,0,0,46.0,60.6,64.5,61.9,55.8,In Progress,0,54.5,61.2,52.1,1,3.1,49.8,Needs Attention
SC-2021-2186,Pallavi Mishra,IT,4th Year,7,C,7.48,79.6,1,6,6,79.9,6,6,79.2,83.6,78.5,0.0,84.2,-1.2,14,83.0,Medium,10.2,-4.7,3,0,0,1,45.0,52.6,53.6,46.9,35.0,Not Ready,0,56.9,51.9,50.3,0,3.1,70.7,Neutral
SC-2023-2187,Nisha Kumar,IT,2nd Year,3,A,9.54,88.5,0,6,6,87.7,6,6,89.3,60.0,75.7,3.0,93.4,1.7,23,93.9,High,19.2,20.2,9,2,4,5,81.3,80.3,93.8,83.9,89.0,Ready,0,85.9,91.0,86.0,6,4.7,90.6,Positive
SC-2023-2188,Chirag Sharma,IT,2nd Year,4,C,8.93,92.0,0,6,6,92.4,6,6,91.5,93.5,64.7,4.0,93.8,3.2,25,92.3,High,17.3,3.6,5,4,5,6,84.8,88.7,92.5,93.5,98.1,Ready,0,94.6,91.9,91.4,6,5.0,89.6,Positive
SC-2022-2189,Bhavna Malhotra,ECE,3rd Year,6,C,7.02,70.6,0,6,6,68.7,6,6,72.5,80.7,88.3,1.0,80.8,-1.0,20,79.0,Medium,15.0,24.5,10,3,4,3,91.7,75.5,82.9,78.3,74.8,Ready,1,83.0,78.1,87.4,3,3.8,76.6,Positive
SC-2022-2190,Mohit Agarwal,ECE,3rd Year,5,A,8.46,80.8,1,6,6,79.9,6,6,81.6,,85.4,0.0,89.5,1.7,14,75.8,Medium,8.1,7.1,4,1,0,1,50.0,44.6,40.9,51.2,51.2,Not Ready,0,47.8,46.1,51.2,1,3.3,72.2,Neutral
SC-2021-2191,Zoya Mishra,CIVIL,4th Year,8,B,7.77,70.9,1,6,6,74.0,6,4,67.8,94.6,88.2,3.0,56.6,-16.9,6,55.6,Low,7.0,-59.5,2,1,0,0,54.8,69.8,51.1,54.5,57.8,In Progress,0,63.9,53.5,62.8,1,2.8,55.9,Needs Attention
SC-2023-2192,Aditi Patel,AI_DS,2nd Year,3,B,7.11,66.8,0,6,6,63.8,6,6,69.8,69.2,82.7,3.0,77.2,1.2,14,73.9,Medium,16.0,16.7,8,3,6,2,84.6,75.9,92.5,76.9,89.4,In Progress,0,80.3,86.8,80.9,7,4.6,72.7,Positive
SC-2022-2193,Shreya Iyer,ECE,3rd Year,5,B,6.49,69.0,1,6,6,65.2,6,5,72.7,,91.5,1.0,80.2,1.1,16,80.1,Medium,15.2,14.0,12,2,3,5,81.0,70.9,82.1,76.5,91.9,Ready,1,81.3,81.0,79.6,7,4.1,78.7,Positive
SC-2022-2194,Manish Kulkarni,ECE,3rd Year,6,A,7.42,77.0,0,6,6,76.3,6,6,77.7,68.2,93.0,3.0,82.4,-0.2,7,83.7,Medium,8.4,11.8,5,1,0,2,68.4,72.3,68.1,64.6,78.0,In Progress,0,74.9,71.4,65.9,3,3.9,68.4,Neutral
SC-2022-2195,Nisha Malhotra,MECH,3rd Year,6,B,6.56,69.2,0,6,6,64.2,6,6,74.3,82.0,66.9,4.0,75.7,-3.0,15,69.9,Medium,11.5,11.3,5,2,6,3,86.3,73.7,91.0,84.3,91.2,Ready,0,83.1,84.7,83.7,6,4.0,77.9,Positive
SC-2024-2196,Zoya Joshi,ECE,1st Year,2,A,7.36,74.2,0,6,6,75.5,6,6,72.9,65.9,78.5,1.0,81.6,2.8,11,77.9,Medium,10.0,12.1,5,2,1,1,67.2,75.7,70.0,74.5,61.4,Ready,0,70.1,72.5,66.9,3,4.3,67.8,Neutral
SC-2024-2197,Varun Iyer,ECE,1st Year,1,C,8.16,69.2,0,6,6,70.7,6,6,67.8,93.3,59.8,3.0,80.2,1.5,14,86.2,Medium,9.4,-2.1,4,1,1,1,58.1,74.4,71.1,72.3,70.7,Ready,0,60.1,73.2,69.3,2,4.1,80.1,Positive
SC-2023-2198,Manish Agarwal,CIVIL,2nd Year,4,B,6.09,53.2,2,6,3,56.2,6,4,50.3,77.8,73.1,0.0,57.6,-8.0,3,55.5,Low,2.6,-19.7,0,0,0,0,47.2,39.4,48.5,48.9,27.0,Not Ready,0,43.6,44.9,33.3,0,2.8,57.6,Needs Attention
SC-2024-2199,Nikhil Thakur,CSE,1st Year,2,A,8.71,77.2,0,6,6,80.0,6,6,74.3,62.7,63.8,0.0,84.5,1.9,10,77.1,Medium,11.0,2.4,4,1,0,0,59.7,49.3,42.5,46.0,45.9,In Progress,0,50.3,53.1,49.4,0,3.3,70.6,Neutral
SC-2022-2200,Ishaan Nair,IT,3rd Year,6,B,7.28,79.8,0,6,6,79.9,6,6,79.7,88.9,69.3,1.0,84.2,2.0,8,76.2,Medium,9.9,14.8,3,1,0,2,56.7,61.5,68.3,60.0,76.5,In Progress,0,68.5,68.8,72.0,1,4.2,67.0,Neutral
SC-2024-2201,Neha Singh,ECE,1st Year,2,B,5.19,50.3,3,6,5,53.1,6,1,47.5,,88.5,2.0,61.0,-5.9,4,42.5,Low,5.9,-52.2,2,1,0,0,50.5,51.0,44.6,41.4,27.0,Not Ready,0,47.5,44.6,39.2,0,2.3,39.5,Needs Attention
SC-2023-2202,Ishaan Malhotra,ECE,2nd Year,4,C,8.01,82.2,1,6,6,81.6,6,6,82.8,79.4,60.9,1.0,91.8,-1.4,12,90.3,Medium,11.0,-6.1,4,0,0,0,55.7,55.8,49.5,48.2,45.8,In Progress,0,48.0,55.4,42.4,0,3.9,71.3,Neutral
SC-2022-2203,Manish Gupta,IT,3rd Year,6,C,6.24,54.4,2,6,5,58.9,6,2,49.9,72.0,95.5,,44.7,-13.5,2,56.4,Low,3.0,-49.0,2,0,0,0,42.6,52.2,41.1,48.7,21.2,Not Ready,0,40.1,35.1,45.3,1,2.7,56.6,Needs Attention
SC-2024-2204,Rohan Pillai,ECE,1st Year,1,C,7.76,60.2,0,6,6,68.1,6,5,52.4,68.3,82.9,4.0,63.9,-11.6,5,55.4,Low,3.3,-37.0,0,0,0,0,55.5,68.5,51.6,49.1,40.0,In Progress,0,55.7,52.2,49.3,1,2.3,64.8,Needs Attention
SC-2023-2205,Kritika Deshmukh,AI_DS,2nd Year,4,A,8.93,83.8,0,6,6,82.9,6,6,84.8,66.7,71.8,1.0,89.8,2.3,16,88.2,High,22.4,9.2,8,4,2,5,80.4,89.1,78.5,93.2,86.1,Ready,1,82.2,90.6,86.8,4,5.0,90.4,Positive
SC-2024-2206,Swati Deshmukh,IT,1st Year,1,C,7.04,67.0,0,6,6,71.7,6,5,62.4,56.7,79.0,2.0,65.5,-8.2,2,52.2,Low,3.7,-34.2,1,0,0,0,58.2,65.2,65.0,54.3,57.2,In Progress,0,60.3,59.0,63.4,1,3.2,53.1,Needs Attention
SC-2024-2207,Chirag Agarwal,ECE,1st Year,2,A,8.58,81.9,1,6,6,83.1,6,6,80.7,90.0,,1.0,88.9,-2.5,11,81.3,Medium,11.4,2.0,2,0,0,1,56.3,48.4,43.4,38.5,51.7,In Progress,0,57.7,46.5,57.7,1,3.7,75.6,Neutral
SC-2021-2208,Gaurav Pandey,ECE,4th Year,8,C,7.58,65.8,1,6,6,72.8,6,4,58.9,92.9,,0.0,62.9,-10.2,6,45.9,Low,4.9,-56.4,1,0,0,0,53.8,57.3,54.3,54.4,51.1,In Progress,0,59.1,59.0,55.3,1,3.0,55.8,Needs Attention
SC-2024-2209,Priya Saxena,ECE,1st Year,1,A,7.84,70.1,1,6,6,69.2,6,5,70.9,67.9,61.0,1.0,81.9,-3.4,7,70.0,Medium,13.8,2.9,4,2,0,1,68.6,70.6,66.6,61.6,77.5,Ready,0,70.5,72.9,63.0,2,4.3,76.9,Positive
SC-2023-2210,Pallavi Yadav,CSE,2nd Year,3,C,6.75,65.5,0,6,6,69.2,6,5,61.7,94.8,77.6,0.0,58.3,-14.0,5,47.2,Low,3.4,-31.0,2,0,0,0,38.9,66.3,48.6,51.9,46.9,In Progress,0,62.1,62.9,53.4,1,2.4,54.6,Needs Attention
SC-2024-2211,Arjun Singh,CSE,1st Year,1,B,9.04,93.6,0,6,6,93.6,6,6,93.6,89.4,82.3,4.0,90.4,3.9,26,98.9,High,15.9,13.7,7,3,5,4,81.5,83.9,83.1,93.4,87.6,Ready,0,92.5,83.7,90.4,3,4.3,87.6,Positive
SC-2023-2212,Rakesh Yadav,MECH,2nd Year,3,C,7.72,77.9,0,6,6,78.0,6,6,77.8,78.7,88.0,3.0,80.5,-2.9,16,83.3,Medium,10.8,7.3,1,0,0,1,51.7,56.7,52.4,51.3,52.6,In Progress,0,51.2,56.0,54.0,0,3.4,67.4,Neutral
SC-2021-2213,Nisha Mehta,CSE,4th Year,8,A,5.01,48.5,4,6,3,55.2,6,4,41.9,59.3,87.0,2.0,55.4,-7.6,1,50.3,Low,2.1,-48.8,0,1,0,0,54.7,43.1,45.0,45.1,27.3,Not Ready,0,37.8,35.7,44.5,1,2.5,37.6,Needs Attention
SC-2021-2214,Kavya Verma,CSE,4th Year,7,A,4.82,49.3,2,6,3,52.8,6,4,45.8,71.0,76.0,4.0,48.1,-13.9,2,45.7,Low,4.2,-27.9,2,0,0,0,53.9,42.8,42.6,44.3,42.2,Not Ready,0,51.6,54.3,32.5,0,2.4,52.0,Needs Attention
SC-2021-2215,Suresh Singh,ECE,4th Year,8,A,6.89,68.0,0,6,6,68.2,6,6,67.8,74.3,58.3,1.0,78.1,-1.7,13,78.1,Medium,12.2,7.7,3,1,1,1,73.9,67.1,73.5,69.2,65.7,Ready,1,74.1,72.2,62.3,1,3.5,80.0,Positive
SC-2021-2216,Rahul Menon,IT,4th Year,7,C,6.92,69.2,0,6,6,70.8,6,6,67.7,91.5,70.2,4.0,84.5,3.6,13,87.7,Medium,12.4,5.5,5,2,1,2,66.6,60.6,59.9,69.1,70.5,Placed,0,61.2,63.8,66.7,3,4.3,67.2,Neutral
SC-2023-2217,Isha Das,AI_DS,2nd Year,3,A,8.41,78.3,0,6,6,78.1,6,6,78.6,57.4,89.4,4.0,88.1,-1.6,14,87.6,Medium,13.1,-0.9,3,1,0,1,46.9,42.4,47.7,44.4,47.3,In Progress,0,52.0,45.1,57.6,1,3.5,72.1,Neutral
SC-2023-2218,Meera Nair,AI_DS,2nd Year,4,B,5.48,49.8,2,6,4,55.7,6,4,43.8,94.5,82.3,4.0,56.7,-13.5,5,47.1,Low,3.8,-34.0,2,1,0,0,46.5,48.5,34.5,40.9,28.6,Not Ready,0,41.2,54.4,46.8,1,2.8,45.6,Needs Attention
SC-2023-2219,Sahil Deshmukh,ECE,2nd Year,4,B,8.79,93.6,0,6,6,92.7,6,6,94.5,62.0,79.8,3.0,90.1,0.9,26,95.6,High,14.3,11.5,4,3,4,2,92.5,90.1,84.7,94.5,85.4,Ready,0,88.8,81.5,95.0,3,4.2,87.2,Positive
SC-2024-2220,Divya Rao,IT,1st Year,1,C,7.22,69.2,0,6,6,65.3,6,6,73.2,,70.9,0.0,76.0,-1.7,18,74.0,Medium,12.6,26.2,11,3,3,4,83.2,72.9,86.1,74.2,73.4,In Progress,0,82.6,74.8,77.2,6,4.1,81.1,Positive
SC-2022-2221,Utkarsh Iyer,IT,3rd Year,6,A,7.41,68.7,0,6,6,68.4,6,6,69.0,70.9,68.0,,85.9,3.8,12,77.0,Medium,13.0,5.6,3,1,1,1,63.4,65.6,64.7,68.5,78.2,In Progress,0,73.0,77.7,76.5,3,3.7,76.4,Positive
SC-2021-2222,Akhil Malhotra,MECH,4th Year,8,B,7.85,69.8,0,6,6,68.7,6,6,71.0,,61.0,3.0,74.0,3.6,8,85.1,Medium,8.7,14.1,5,2,0,2,64.5,72.7,73.1,66.1,66.7,Placed,0,77.1,72.9,63.8,1,3.6,73.4,Positive
SC-2023-2223,Harsh Kumar,ECE,2nd Year,4,C,6.7,67.8,0,6,6,63.6,6,6,72.0,73.6,68.3,0.0,70.4,-0.1,16,84.7,Medium,15.5,15.8,12,2,6,2,81.8,69.0,81.3,82.4,73.8,In Progress,0,93.1,76.4,79.3,4,4.2,87.4,Positive
SC-2024-2224,Kunal Kulkarni,CSE,1st Year,1,C,7.75,75.3,0,6,6,77.3,6,6,73.4,,72.4,,91.1,-2.2,9,81.7,Medium,12.5,-2.8,3,0,0,1,51.7,45.1,46.2,46.4,33.3,In Progress,0,56.2,48.8,48.1,1,3.6,73.9,Neutral
SC-2023-2225,Sanya Agarwal,CSE,2nd Year,4,C,7.85,70.2,0,6,6,70.4,6,6,70.1,69.3,80.2,,72.5,0.9,13,78.3,Medium,13.3,-1.7,3,2,1,1,59.8,67.2,61.2,71.3,67.9,In Progress,0,64.8,67.2,77.8,2,3.4,74.1,Positive
SC-2021-2226,Riya Thakur,CSE,4th Year,8,B,8.25,76.7,0,6,6,74.9,6,6,78.4,70.6,72.2,1.0,82.7,-2.1,10,86.6,Medium,9.1,7.5,1,1,0,1,58.9,54.2,37.5,53.3,33.6,Not Ready,0,47.6,52.7,43.1,1,3.3,75.8,Neutral
SC-2023-2227,Rahul Kapoor,IT,2nd Year,4,B,7.26,64.0,0,6,6,70.3,6,5,57.7,56.0,63.4,0.0,55.6,-17.6,3,54.4,Low,3.9,-31.0,0,1,0,0,55.8,63.6,62.5,52.0,48.1,In Progress,0,60.3,48.4,63.0,2,2.9,55.1,Needs Attention
SC-2024-2228,Suresh Bose,IT,1st Year,1,C,6.7,66.2,0,6,6,70.3,6,5,62.1,90.0,85.7,3.0,65.4,-16.8,7,47.2,Low,6.2,-53.5,0,1,0,0,55.7,58.4,51.0,47.4,48.2,In Progress,0,61.6,56.1,51.0,2,2.5,56.5,Needs Attention
SC-2022-2229,Utkarsh Gupta,ECE,3rd Year,5,A,7.92,71.0,1,6,6,69.0,6,5,72.9,64.3,84.7,1.0,83.6,0.9,8,81.4,Medium,12.0,13.0,6,1,0,1,60.3,70.0,61.9,70.8,68.8,In Progress,1,74.0,67.3,62.3,2,3.8,69.4,Neutral
SC-2023-2230,Gaurav Reddy,ECE,2nd Year,4,B,4.88,53.5,2,6,4,59.4,6,2,47.6,72.0,94.1,3.0,45.7,-2.9,4,40.8,Low,2.4,-26.8,1,1,0,0,49.4,55.8,45.2,40.4,36.4,Not Ready,0,35.8,54.2,48.7,1,3.0,40.2,Needs Attention
SC-2021-2231,Gaurav Kulkarni,AI_DS,4th Year,8,A,8.77,77.4,0,6,6,80.1,6,6,74.8,71.8,71.5,4.0,90.6,0.3,15,77.6,Medium,12.4,-6.1,1,1,0,1,46.6,47.8,36.0,45.4,35.4,Not Ready,0,51.3,54.6,50.1,0,4.0,69.3,Neutral
SC-2022-2232,Swati Das,IT,3rd Year,6,C,8.66,84.6,0,6,6,84.8,6,6,84.4,82.2,82.5,4.0,89.7,2.4,23,96.2,High,22.5,5.9,4,4,3,3,93.3,84.0,80.8,89.1,97.8,Ready,0,89.0,86.6,85.8,5,4.1,86.9,Positive
SC-2024-2233,Ishaan Pillai,IT,1st Year,1,B,7.09,70.1,0,6,6,71.9,6,6,68.2,,61.0,0.0,74.5,3.4,15,74.3,Medium,11.4,-9.6,3,1,0,2,57.0,64.8,61.5,74.3,61.8,Ready,0,63.9,72.4,73.2,3,4.1,81.9,Positive
SC-2024-2234,Rohan Joshi,ECE,1st Year,1,C,6.92,80.0,0,6,6,78.5,6,6,81.4,73.4,73.9,0.0,75.0,3.5,15,87.0,Medium,9.0,-2.4,5,2,0,1,55.7,74.8,60.3,74.2,71.8,Ready,0,73.1,67.5,69.9,1,3.6,73.7,Positive
SC-2022-2235,Tarun Kulkarni,ECE,3rd Year,5,B,7.64,68.5,0,6,6,69.3,6,6,67.7,58.1,67.9,,75.5,-0.7,8,73.6,Medium,13.5,14.2,2,1,1,2,68.8,73.6,59.4,61.5,76.5,In Progress,0,64.3,69.2,60.4,3,4.2,79.1,Positive
SC-2021-2236,Rahul Joshi,CSE,4th Year,8,C,7.56,68.0,2,6,6,71.0,6,4,65.0,82.6,67.8,0.0,63.9,-12.5,5,47.8,Low,5.4,-47.1,0,0,0,0,41.8,63.3,50.9,48.3,52.3,In Progress,0,65.6,58.3,62.0,2,2.6,59.7,Needs Attention
SC-2022-2237,Gaurav Kulkarni,AI_DS,3rd Year,5,B,7.77,71.7,1,6,6,76.0,6,4,67.4,92.3,81.4,3.0,65.9,-14.8,4,59.1,Low,5.2,-35.7,1,0,0,0,40.7,68.1,50.1,51.4,46.7,In Progress,0,55.5,54.7,56.6,1,2.9,49.5,Needs Attention
SC-2021-2238,Ananya Gupta,IT,4th Year,7,A,6.65,63.4,0,6,6,69.5,6,5,57.3,65.8,73.5,1.0,60.6,-13.9,4,49.1,Low,4.4,-37.0,2,1,0,0,50.4,56.6,58.3,60.0,49.3,In Progress,0,54.0,53.8,62.8,1,2.4,60.1,Needs Attention
SC-2022-2239,Chirag Patel,CSE,3rd Year,6,A,7.27,67.8,0,6,6,68.0,6,6,67.7,79.6,61.2,0.0,81.7,0.8,15,81.7,Medium,13.4,18.1,10,4,3,4,88.1,71.8,90.8,81.7,86.1,Ready,1,87.3,79.2,86.0,3,4.2,75.3,Positive
SC-2022-2240,Arjun Chopra,CSE,3rd Year,5,B,6.15,58.5,3,6,4,62.9,6,3,54.0,72.7,76.6,,42.7,-14.7,3,38.7,Low,5.0,-35.6,2,1,0,0,54.8,51.6,32.4,37.0,33.9,Not Ready,0,40.4,51.3,48.3,0,3.2,53.2,Needs Attention
SC-2021-2241,Aniket Sharma,CSE,4th Year,8,A,7.13,63.8,0,6,6,70.8,6,5,56.8,72.6,89.5,4.0,56.3,-11.3,4,47.4,Low,6.0,-45.0,2,0,0,0,49.1,57.1,58.0,59.0,41.8,In Progress,0,61.2,57.9,46.1,2,2.3,61.3,Needs Attention
SC-2024-2242,Pallavi Chopra,AI_DS,1st Year,2,B,7.16,70.0,2,6,6,74.2,6,4,65.7,77.8,,4.0,67.5,-14.1,5,59.0,Low,4.2,-49.9,2,1,0,0,42.1,67.4,51.9,48.6,58.9,In Progress,0,62.4,61.6,56.0,2,3.3,62.7,Needs Attention
SC-2021-2243,Ananya Mishra,ECE,4th Year,7,A,4.99,54.6,2,6,4,59.9,6,3,49.3,73.2,89.1,0.0,56.8,-4.5,1,39.6,Low,4.9,-32.4,1,0,0,0,54.0,49.3,44.3,44.5,25.8,Not Ready,0,38.3,48.7,36.7,0,3.1,51.2,Needs Attention
SC-2021-2244,Vikas Singh,ECE,4th Year,8,C,6.74,74.2,0,6,6,77.6,6,5,70.9,79.3,87.7,2.0,67.1,-14.5,7,58.3,Low,3.5,-61.6,0,0,0,0,38.9,68.1,63.6,54.5,57.7,In Progress,0,66.0,58.9,62.4,1,3.2,59.4,Needs Attention
SC-2023-2245,Arjun Bhat,IT,2nd Year,4,C,6.74,62.6,1,6,6,70.5,6,4,54.7,75.8,67.2,4.0,64.1,-18.0,2,58.3,Low,3.9,-36.9,2,0,0,0,36.4,56.1,58.8,55.6,45.2,In Progress,0,50.2,48.7,57.6,1,2.9,54.2,Needs Attention
SC-2024-2246,Bhavna Sharma,CSE,1st Year,2,A,8.09,75.2,0,6,6,73.3,6,6,77.1,82.2,69.5,2.0,76.5,-2.3,11,79.7,Medium,8.3,-5.5,4,2,1,1,59.7,68.9,67.3,70.9,74.8,Ready,0,60.5,62.0,76.6,3,4.1,80.4,Positive
SC-2023-2247,Gaurav Sharma,MECH,2nd Year,4,A,7.1,71.1,1,6,6,67.5,6,5,74.7,57.1,63.0,0.0,70.2,-2.5,12,70.9,Medium,15.8,15.4,10,4,6,2,82.0,80.4,90.0,82.0,90.6,In Progress,0,87.4,83.2,76.4,4,4.0,83.1,Positive
SC-2023-2248,Swati Iyer,ECE,2nd Year,4,B,8.04,68.8,0,6,6,69.9,6,6,67.6,69.6,71.2,4.0,72.8,-3.6,13,83.9,Medium,13.6,8.6,3,1,0,1,62.0,67.5,65.3,72.5,72.5,In Progress,0,63.1,76.5,68.8,2,3.6,79.5,Positive
SC-2021-2249,Riya Menon,IT,4th Year,7,C,8.14,78.5,1,6,6,79.2,6,5,77.8,78.3,70.3,0.0,80.4,0.7,11,85.7,Medium,8.5,-2.5,4,1,1,2,71.9,72.1,70.9,73.6,79.6,Ready,1,76.8,74.3,66.4,2,4.3,81.9,Positive
